15:36:28.573 [main] DEBUG com.intuit.karate.Suite - [config] classpath:karate-config.js
15:36:29.479 [pool-2-thread-1] INFO  com.intuit.karate - karate.env system property was: null 
15:36:29.479 [pool-2-thread-2] INFO  com.intuit.karate - karate.env system property was: null 
15:36:29.689 [pool-2-thread-1] DEBUG com.intuit.karate - request:
1 > GET https://jsonplaceholder.typicode.com/users
1 > Host: jsonplaceholder.typicode.com
1 > Connection: Keep-Alive
1 > User-Agent: Apache-HttpClient/4.5.14 (Java/21)
1 > Accept-Encoding: gzip,deflate


15:36:29.689 [pool-2-thread-2] DEBUG com.intuit.karate - request:
1 > POST https://jsonplaceholder.typicode.com/users
1 > Content-Type: application/json; charset=UTF-8
1 > Content-Length: 160
1 > Host: jsonplaceholder.typicode.com
1 > Connection: Keep-Alive
1 > User-Agent: Apache-HttpClient/4.5.14 (Java/21)
1 > Accept-Encoding: gzip,deflate
{"name":"Test User","username":"testuser","email":"test@user.com","address":{"street":"Has No Name","suite":"Apt. 123","city":"Electri","zipcode":"54321-6789"}}

15:36:30.090 [pool-2-thread-1] DEBUG com.intuit.karate - response time in milliseconds: 354
1 < 200
1 < Date: Tue, 11 Aug 2026 20:36:30 GMT
1 < Content-Type: application/json; charset=utf-8
1 < Connection: keep-alive
1 < access-control-allow-credentials: true
1 < Cache-Control: max-age=43200
1 < etag: W/"160d-1eMSsxeJRfnVLRBmYJSbCiJZ1qQ"
1 < expires: -1
1 < nel: {"report_to":"heroku-nel","response_headers":["Via"],"max_age":3600,"success_fraction":0.01,"failure_fraction":0.1}
1 < pragma: no-cache
1 < report-to: {"group":"heroku-nel","endpoints":[{"url":"https://nel.heroku.com/reports?s=wBCi7DQESKSTy9ZkpRmWd1YNC71lP5BP%2B4G9JD5OyoY%3D\u0026sid=e11707d5-02a7-43ef-b45e-2cf4d2036f7d\u0026ts=1786378759"}],"max_age":3600}
1 < reporting-endpoints: heroku-nel="https://nel.heroku.com/reports?s=wBCi7DQESKSTy9ZkpRmWd1YNC71lP5BP%2B4G9JD5OyoY%3D&sid=e11707d5-02a7-43ef-b45e-2cf4d2036f7d&ts=1786378759"
1 < Server: cloudflare
1 < vary: Origin, Accept-Encoding
1 < via: 2.0 heroku-router
1 < x-content-type-options: nosniff
1 < x-powered-by: Express
1 < x-ratelimit-limit: 1000
1 < x-ratelimit-remaining: 999
1 < x-ratelimit-reset: 1786378795
1 < Age: 15340
1 < Accept-Ranges: bytes
1 < cf-cache-status: HIT
1 < Server-Timing: cfCacheStatus;desc="HIT"
1 < Server-Timing: cfEdge;dur=5,cfOrigin;dur=0
1 < CF-RAY: a29a086778871fd7-EZE
1 < alt-svc: h3=":443"; ma=86400
[
  {
    "id": 1,
    "name": "Leanne Graham",
    "username": "Bret",
    "email": "Sincere@april.biz",
    "address": {
      "street": "Kulas Light",
      "suite": "Apt. 556",
      "city": "Gwenborough",
      "zipcode": "92998-3874",
      "geo": {
        "lat": "-37.3159",
        "lng": "81.1496"
      }
    },
    "phone": "1-770-736-8031 x56442",
    "website": "hildegard.org",
    "company": {
      "name": "Romaguera-Crona",
      "catchPhrase": "Multi-layered client-server neural-net",
      "bs": "harness real-time e-markets"
    }
  },
  {
    "id": 2,
    "name": "Ervin Howell",
    "username": "Antonette",
    "email": "Shanna@melissa.tv",
    "address": {
      "street": "Victor Plains",
      "suite": "Suite 879",
      "city": "Wisokyburgh",
      "zipcode": "90566-7771",
      "geo": {
        "lat": "-43.9509",
        "lng": "-34.4618"
      }
    },
    "phone": "010-692-6593 x09125",
    "website": "anastasia.net",
    "company": {
      "name": "Deckow-Crist",
      "catchPhrase": "Proactive didactic contingency",
      "bs": "synergize scalable supply-chains"
    }
  },
  {
    "id": 3,
    "name": "Clementine Bauch",
    "username": "Samantha",
    "email": "Nathan@yesenia.net",
    "address": {
      "street": "Douglas Extension",
      "suite": "Suite 847",
      "city": "McKenziehaven",
      "zipcode": "59590-4157",
      "geo": {
        "lat": "-68.6102",
        "lng": "-47.0653"
      }
    },
    "phone": "1-463-123-4447",
    "website": "ramiro.info",
    "company": {
      "name": "Romaguera-Jacobson",
      "catchPhrase": "Face to face bifurcated interface",
      "bs": "e-enable strategic applications"
    }
  },
  {
    "id": 4,
    "name": "Patricia Lebsack",
    "username": "Karianne",
    "email": "Julianne.OConner@kory.org",
    "address": {
      "street": "Hoeger Mall",
      "suite": "Apt. 692",
      "city": "South Elvis",
      "zipcode": "53919-4257",
      "geo": {
        "lat": "29.4572",
        "lng": "-164.2990"
      }
    },
    "phone": "493-170-9623 x156",
    "website": "kale.biz",
    "company": {
      "name": "Robel-Corkery",
      "catchPhrase": "Multi-tiered zero tolerance productivity",
      "bs": "transition cutting-edge web services"
    }
  },
  {
    "id": 5,
    "name": "Chelsey Dietrich",
    "username": "Kamren",
    "email": "Lucio_Hettinger@annie.ca",
    "address": {
      "street": "Skiles Walks",
      "suite": "Suite 351",
      "city": "Roscoeview",
      "zipcode": "33263",
      "geo": {
        "lat": "-31.8129",
        "lng": "62.5342"
      }
    },
    "phone": "(254)954-1289",
    "website": "demarco.info",
    "company": {
      "name": "Keebler LLC",
      "catchPhrase": "User-centric fault-tolerant solution",
      "bs": "revolutionize end-to-end systems"
    }
  },
  {
    "id": 6,
    "name": "Mrs. Dennis Schulist",
    "username": "Leopoldo_Corkery",
    "email": "Karley_Dach@jasper.info",
    "address": {
      "street": "Norberto Crossing",
      "suite": "Apt. 950",
      "city": "South Christy",
      "zipcode": "23505-1337",
      "geo": {
        "lat": "-71.4197",
        "lng": "71.7478"
      }
    },
    "phone": "1-477-935-8478 x6430",
    "website": "ola.org",
    "company": {
      "name": "Considine-Lockman",
      "catchPhrase": "Synchronised bottom-line interface",
      "bs": "e-enable innovative applications"
    }
  },
  {
    "id": 7,
    "name": "Kurtis Weissnat",
    "username": "Elwyn.Skiles",
    "email": "Telly.Hoeger@billy.biz",
    "address": {
      "street": "Rex Trail",
      "suite": "Suite 280",
      "city": "Howemouth",
      "zipcode": "58804-1099",
      "geo": {
        "lat": "24.8918",
        "lng": "21.8984"
      }
    },
    "phone": "210.067.6132",
    "website": "elvis.io",
    "company": {
      "name": "Johns Group",
      "catchPhrase": "Configurable multimedia task-force",
      "bs": "generate enterprise e-tailers"
    }
  },
  {
    "id": 8,
    "name": "Nicholas Runolfsdottir V",
    "username": "Maxime_Nienow",
    "email": "Sherwood@rosamond.me",
    "address": {
      "street": "Ellsworth Summit",
      "suite": "Suite 729",
      "city": "Aliyaview",
      "zipcode": "45169",
      "geo": {
        "lat": "-14.3990",
        "lng": "-120.7677"
      }
    },
    "phone": "586.493.6943 x140",
    "website": "jacynthe.com",
    "company": {
      "name": "Abernathy Group",
      "catchPhrase": "Implemented secondary concept",
      "bs": "e-enable extensible e-tailers"
    }
  },
  {
    "id": 9,
    "name": "Glenna Reichert",
    "username": "Delphine",
    "email": "Chaim_McDermott@dana.io",
    "address": {
      "street": "Dayna Park",
      "suite": "Suite 449",
      "city": "Bartholomebury",
      "zipcode": "76495-3109",
      "geo": {
        "lat": "24.6463",
        "lng": "-168.8889"
      }
    },
    "phone": "(775)976-6794 x41206",
    "website": "conrad.com",
    "company": {
      "name": "Yost and Sons",
      "catchPhrase": "Switchable contextually-based project",
      "bs": "aggregate real-time technologies"
    }
  },
  {
    "id": 10,
    "name": "Clementina DuBuque",
    "username": "Moriah.Stanton",
    "email": "Rey.Padberg@karina.biz",
    "address": {
      "street": "Kattie Turnpike",
      "suite": "Suite 198",
      "city": "Lebsackbury",
      "zipcode": "31428-2261",
      "geo": {
        "lat": "-38.2386",
        "lng": "57.2232"
      }
    },
    "phone": "024-648-3804",
    "website": "ambrose.net",
    "company": {
      "name": "Hoeger LLC",
      "catchPhrase": "Centralized empowering task-force",
      "bs": "target end-to-end models"
    }
  }
]

15:36:30.122 [pool-2-thread-1] DEBUG com.intuit.karate - request:
2 > GET https://jsonplaceholder.typicode.com/users/1
2 > Host: jsonplaceholder.typicode.com
2 > Connection: Keep-Alive
2 > User-Agent: Apache-HttpClient/4.5.14 (Java/21)
2 > Accept-Encoding: gzip,deflate


15:36:30.184 [pool-2-thread-2] DEBUG com.intuit.karate - response time in milliseconds: 492
1 < 201
1 < Date: Tue, 11 Aug 2026 20:36:30 GMT
1 < Content-Type: application/json; charset=utf-8
1 < Content-Length: 216
1 < Connection: keep-alive
1 < access-control-allow-credentials: true
1 < access-control-expose-headers: Location
1 < Cache-Control: no-cache
1 < etag: W/"d8-pYV7+YuMGP2hxHPU9ARrf97ifDA"
1 < expires: -1
1 < location: https://jsonplaceholder.typicode.com/users/11
1 < nel: {"report_to":"heroku-nel","response_headers":["Via"],"max_age":3600,"success_fraction":0.01,"failure_fraction":0.1}
1 < pragma: no-cache
1 < report-to: {"group":"heroku-nel","endpoints":[{"url":"https://nel.heroku.com/reports?s=542l2C0w1mW4AAvrUnd12HjHunJ1qx9XvhS6jRRGigY%3D\u0026sid=e11707d5-02a7-43ef-b45e-2cf4d2036f7d\u0026ts=1786480590"}],"max_age":3600}
1 < reporting-endpoints: heroku-nel="https://nel.heroku.com/reports?s=542l2C0w1mW4AAvrUnd12HjHunJ1qx9XvhS6jRRGigY%3D&sid=e11707d5-02a7-43ef-b45e-2cf4d2036f7d&ts=1786480590"
1 < Server: cloudflare
1 < vary: Origin, X-HTTP-Method-Override, Accept-Encoding
1 < via: 2.0 heroku-router
1 < x-content-type-options: nosniff
1 < x-powered-by: Express
1 < x-ratelimit-limit: 1000
1 < x-ratelimit-remaining: 999
1 < x-ratelimit-reset: 1786480613
1 < cf-cache-status: DYNAMIC
1 < Server-Timing: cfCacheStatus;desc="DYNAMIC"
1 < Server-Timing: cfEdge;dur=6,cfOrigin;dur=142
1 < CF-RAY: a29a08677ac51eb0-EZE
1 < alt-svc: h3=":443"; ma=86400
{
  "name": "Test User",
  "username": "testuser",
  "email": "test@user.com",
  "address": {
    "street": "Has No Name",
    "suite": "Apt. 123",
    "city": "Electri",
    "zipcode": "54321-6789"
  },
  "id": 11
}

15:36:30.188 [pool-2-thread-2] INFO  com.intuit.karate - [print] created id is:  11 
15:36:30.337 [pool-2-thread-1] DEBUG com.intuit.karate - response time in milliseconds: 215
2 < 200
2 < Date: Tue, 11 Aug 2026 20:36:30 GMT
2 < Content-Type: application/json; charset=utf-8
2 < Transfer-Encoding: chunked
2 < Connection: keep-alive
2 < access-control-allow-credentials: true
2 < Cache-Control: max-age=43200
2 < etag: W/"1fd-+2Y3G3w049iSZtw5t1mzSnunngE"
2 < expires: -1
2 < nel: {"report_to":"heroku-nel","response_headers":["Via"],"max_age":3600,"success_fraction":0.01,"failure_fraction":0.1}
2 < pragma: no-cache
2 < report-to: {"group":"heroku-nel","endpoints":[{"url":"https://nel.heroku.com/reports?s=YsqdmQViWhEH1No1tc2QIpeYXR7f0KUn81W%2BMdpHW3M%3D\u0026sid=e11707d5-02a7-43ef-b45e-2cf4d2036f7d\u0026ts=1785194656"}],"max_age":3600}
2 < reporting-endpoints: heroku-nel="https://nel.heroku.com/reports?s=YsqdmQViWhEH1No1tc2QIpeYXR7f0KUn81W%2BMdpHW3M%3D&sid=e11707d5-02a7-43ef-b45e-2cf4d2036f7d&ts=1785194656"
2 < Server: cloudflare
2 < vary: Origin, Accept-Encoding
2 < via: 2.0 heroku-router
2 < x-content-type-options: nosniff
2 < x-powered-by: Express
2 < x-ratelimit-limit: 1000
2 < x-ratelimit-remaining: 999
2 < x-ratelimit-reset: 1785194663
2 < Age: 15130
2 < Server-Timing: cfCacheStatus;desc="HIT"
2 < Server-Timing: cfEdge;dur=4,cfOrigin;dur=0
2 < cf-cache-status: HIT
2 < CF-RAY: a29a08691ab63f3a-EZE
2 < alt-svc: h3=":443"; ma=86400
{
  "id": 1,
  "name": "Leanne Graham",
  "username": "Bret",
  "email": "Sincere@april.biz",
  "address": {
    "street": "Kulas Light",
    "suite": "Apt. 556",
    "city": "Gwenborough",
    "zipcode": "92998-3874",
    "geo": {
      "lat": "-37.3159",
      "lng": "81.1496"
    }
  },
  "phone": "1-770-736-8031 x56442",
  "website": "hildegard.org",
  "company": {
    "name": "Romaguera-Crona",
    "catchPhrase": "Multi-layered client-server neural-net",
    "bs": "harness real-time e-markets"
  }
}

15:36:30.835 [pool-3-thread-1] INFO  com.intuit.karate.Suite - <<pass>> feature 1 of 1 (0 remaining) classpath:examples/users/users.feature
16:00:13.291 [main] DEBUG com.intuit.karate.Suite - [config] classpath:karate-config.js
16:00:14.446 [main] INFO  com.intuit.karate - karate.env system property was: null 
16:00:14.748 [main] DEBUG com.intuit.karate - request:
1 > POST http://localhost:3000/pets
1 > Content-Type: application/json; charset=UTF-8
1 > Content-Length: 40
1 > Host: localhost:3000
1 > Connection: Keep-Alive
1 > User-Agent: Apache-HttpClient/4.5.14 (Java/21)
1 > Accept-Encoding: gzip,deflate
{"name":"Bingo3","type":"Perro","age":1}

16:00:14.775 [main] DEBUG com.intuit.karate - response time in milliseconds: 25
1 < 201
1 < X-Powered-By: Express
1 < Content-Type: application/json; charset=utf-8
1 < Content-Length: 111
1 < ETag: W/"6f-ToMqASjtpgqzRPU4M+EAg35Plvw"
1 < Date: Tue, 11 Aug 2026 21:00:14 GMT
1 < Connection: keep-alive
1 < Keep-Alive: timeout=5
{"status":"success","message":"Pet created","data":{"id":1786482014767,"name":"Bingo3","type":"Perro","age":1}}

16:15:57.484 [main] DEBUG com.intuit.karate.Suite - [config] classpath:karate-config.js
16:15:58.398 [main] INFO  com.intuit.karate - karate.env system property was: null 
16:15:58.658 [main] DEBUG com.intuit.karate - request:
1 > POST http://localhost:3000/pets
1 > Content-Type: application/json; charset=UTF-8
1 > Content-Length: 40
1 > Host: localhost:3000
1 > Connection: Keep-Alive
1 > User-Agent: Apache-HttpClient/4.5.14 (Java/21)
1 > Accept-Encoding: gzip,deflate
{"name":"Bingo3","type":"Perro","age":1}

16:15:58.680 [main] DEBUG com.intuit.karate - response time in milliseconds: 20
1 < 201
1 < X-Powered-By: Express
1 < Content-Type: application/json; charset=utf-8
1 < Content-Length: 111
1 < ETag: W/"6f-Nkt+IyYh4QZeaFGZEOsh1GVRB4E"
1 < Date: Tue, 11 Aug 2026 21:15:58 GMT
1 < Connection: keep-alive
1 < Keep-Alive: timeout=5
{"status":"success","message":"Pet created","data":{"id":1786482958673,"name":"Bingo3","type":"Perro","age":1}}

16:15:58.702 [main] INFO  com.intuit.karate - karate.env system property was: null 
16:15:58.705 [main] DEBUG com.intuit.karate - request:
1 > POST http://localhost:3000/pets
1 > Content-Type: application/json; charset=UTF-8
1 > Content-Length: 40
1 > Host: localhost:3000
1 > Connection: Keep-Alive
1 > User-Agent: Apache-HttpClient/4.5.14 (Java/21)
1 > Accept-Encoding: gzip,deflate
{"name":"Bingo3","type":"Perro","age":1}

16:15:58.707 [main] DEBUG com.intuit.karate - response time in milliseconds: 2
1 < 201
1 < X-Powered-By: Express
1 < Content-Type: application/json; charset=utf-8
1 < Content-Length: 111
1 < ETag: W/"6f-bJ8AN0k/UsU0Aip6lGBIK2aZIck"
1 < Date: Tue, 11 Aug 2026 21:15:58 GMT
1 < Connection: keep-alive
1 < Keep-Alive: timeout=5
{"status":"success","message":"Pet created","data":{"id":1786482958705,"name":"Bingo3","type":"Perro","age":1}}

16:15:58.730 [main] DEBUG com.intuit.karate - request:
2 > GET http://localhost:3000/pets/1786482958705
2 > Host: localhost:3000
2 > Connection: Keep-Alive
2 > User-Agent: Apache-HttpClient/4.5.14 (Java/21)
2 > Accept-Encoding: gzip,deflate


16:15:58.734 [main] DEBUG com.intuit.karate - response time in milliseconds: 2
2 < 200
2 < X-Powered-By: Express
2 < Content-Type: application/json; charset=utf-8
2 < Content-Length: 109
2 < ETag: W/"6d-SJ5ga8nqRD3W+5fraUrBl8IrUPM"
2 < Date: Tue, 11 Aug 2026 21:15:58 GMT
2 < Connection: keep-alive
2 < Keep-Alive: timeout=5
{"status":"success","message":"Pet found","data":{"id":1786482958705,"name":"Bingo3","type":"Perro","age":1}}

16:26:13.359 [main] DEBUG com.intuit.karate.Suite - [config] classpath:karate-config.js
16:26:14.268 [main] INFO  com.intuit.karate - karate.env system property was: null 
16:26:14.560 [main] DEBUG com.intuit.karate - request:
1 > POST http://localhost:3000/pets
1 > Content-Type: application/json; charset=UTF-8
1 > Content-Length: 40
1 > Host: localhost:3000
1 > Connection: Keep-Alive
1 > User-Agent: Apache-HttpClient/4.5.14 (Java/21)
1 > Accept-Encoding: gzip,deflate
{"name":"Bingo3","type":"Perro","age":1}

16:26:14.589 [main] DEBUG com.intuit.karate - response time in milliseconds: 25
1 < 201
1 < X-Powered-By: Express
1 < Content-Type: application/json; charset=utf-8
1 < Content-Length: 111
1 < ETag: W/"6f-j7sgio9TI3BjbAqSGRSvOpHlhtc"
1 < Date: Tue, 11 Aug 2026 21:26:14 GMT
1 < Connection: keep-alive
1 < Keep-Alive: timeout=5
{"status":"success","message":"Pet created","data":{"id":1786483574580,"name":"Bingo3","type":"Perro","age":1}}

16:26:14.611 [main] INFO  com.intuit.karate - karate.env system property was: null 
16:26:14.614 [main] DEBUG com.intuit.karate - request:
1 > POST http://localhost:3000/pets
1 > Content-Type: application/json; charset=UTF-8
1 > Content-Length: 40
1 > Host: localhost:3000
1 > Connection: Keep-Alive
1 > User-Agent: Apache-HttpClient/4.5.14 (Java/21)
1 > Accept-Encoding: gzip,deflate
{"name":"Bingo3","type":"Perro","age":1}

16:26:14.619 [main] DEBUG com.intuit.karate - response time in milliseconds: 5
1 < 201
1 < X-Powered-By: Express
1 < Content-Type: application/json; charset=utf-8
1 < Content-Length: 111
1 < ETag: W/"6f-yBBaVumD/QH6AwceF/3qAslEKc4"
1 < Date: Tue, 11 Aug 2026 21:26:14 GMT
1 < Connection: keep-alive
1 < Keep-Alive: timeout=5
{"status":"success","message":"Pet created","data":{"id":1786483574617,"name":"Bingo3","type":"Perro","age":1}}

16:26:14.641 [main] DEBUG com.intuit.karate - request:
2 > GET http://localhost:3000/pets/1786483574617
2 > Host: localhost:3000
2 > Connection: Keep-Alive
2 > User-Agent: Apache-HttpClient/4.5.14 (Java/21)
2 > Accept-Encoding: gzip,deflate


16:26:14.643 [main] DEBUG com.intuit.karate - response time in milliseconds: 2
2 < 200
2 < X-Powered-By: Express
2 < Content-Type: application/json; charset=utf-8
2 < Content-Length: 109
2 < ETag: W/"6d-wjFZgJdKzzXR/MSI40ltdQgbhXc"
2 < Date: Tue, 11 Aug 2026 21:26:14 GMT
2 < Connection: keep-alive
2 < Keep-Alive: timeout=5
{"status":"success","message":"Pet found","data":{"id":1786483574617,"name":"Bingo3","type":"Perro","age":1}}

16:26:14.655 [main] INFO  com.intuit.karate - karate.env system property was: null 
16:26:14.657 [main] DEBUG com.intuit.karate - request:
1 > POST http://localhost:3000/pets
1 > Content-Type: application/json; charset=UTF-8
1 > Content-Length: 40
1 > Host: localhost:3000
1 > Connection: Keep-Alive
1 > User-Agent: Apache-HttpClient/4.5.14 (Java/21)
1 > Accept-Encoding: gzip,deflate
{"name":"Bingo3","type":"Perro","age":1}

16:26:14.661 [main] DEBUG com.intuit.karate - response time in milliseconds: 3
1 < 201
1 < X-Powered-By: Express
1 < Content-Type: application/json; charset=utf-8
1 < Content-Length: 111
1 < ETag: W/"6f-O/ETEFXkGCJqO0OdBWUkfVHBkS8"
1 < Date: Tue, 11 Aug 2026 21:26:14 GMT
1 < Connection: keep-alive
1 < Keep-Alive: timeout=5
{"status":"success","message":"Pet created","data":{"id":1786483574659,"name":"Bingo3","type":"Perro","age":1}}

16:26:14.666 [main] DEBUG com.intuit.karate - request:
2 > PUT http://localhost:3000/pets/1786483574659
2 > Content-Type: application/json; charset=UTF-8
2 > Content-Length: 40
2 > Host: localhost:3000
2 > Connection: Keep-Alive
2 > User-Agent: Apache-HttpClient/4.5.14 (Java/21)
2 > Accept-Encoding: gzip,deflate
{"name":"Bingo8","type":"Gato","age":10}

16:26:14.675 [main] DEBUG com.intuit.karate - response time in milliseconds: 9
2 < 200
2 < X-Powered-By: Express
2 < Content-Type: application/json; charset=utf-8
2 < Content-Length: 111
2 < ETag: W/"6f-vDxf7k8jpMUeg0IiAZW+cfAGtDc"
2 < Date: Tue, 11 Aug 2026 21:26:14 GMT
2 < Connection: keep-alive
2 < Keep-Alive: timeout=5
{"status":"success","message":"Pet updated","data":{"id":1786483574659,"name":"Bingo8","type":"Gato","age":10}}

16:32:05.868 [main] DEBUG com.intuit.karate.Suite - [config] classpath:karate-config.js
16:32:06.780 [main] INFO  com.intuit.karate - karate.env system property was: null 
16:32:07.040 [main] DEBUG com.intuit.karate - request:
1 > POST http://localhost:3000/pets
1 > Content-Type: application/json; charset=UTF-8
1 > Content-Length: 40
1 > Host: localhost:3000
1 > Connection: Keep-Alive
1 > User-Agent: Apache-HttpClient/4.5.14 (Java/21)
1 > Accept-Encoding: gzip,deflate
{"name":"Bingo3","type":"Perro","age":1}

16:32:07.063 [main] DEBUG com.intuit.karate - response time in milliseconds: 21
1 < 201
1 < X-Powered-By: Express
1 < Content-Type: application/json; charset=utf-8
1 < Content-Length: 111
1 < ETag: W/"6f-2nu8HPLIdOggYeaXsT12oJ14VuA"
1 < Date: Tue, 11 Aug 2026 21:32:07 GMT
1 < Connection: keep-alive
1 < Keep-Alive: timeout=5
{"status":"success","message":"Pet created","data":{"id":1786483927056,"name":"Bingo3","type":"Perro","age":1}}

16:32:07.084 [main] INFO  com.intuit.karate - karate.env system property was: null 
16:32:07.086 [main] DEBUG com.intuit.karate - request:
1 > POST http://localhost:3000/pets
1 > Content-Type: application/json; charset=UTF-8
1 > Content-Length: 40
1 > Host: localhost:3000
1 > Connection: Keep-Alive
1 > User-Agent: Apache-HttpClient/4.5.14 (Java/21)
1 > Accept-Encoding: gzip,deflate
{"name":"Bingo3","type":"Perro","age":1}

16:32:07.090 [main] DEBUG com.intuit.karate - response time in milliseconds: 3
1 < 201
1 < X-Powered-By: Express
1 < Content-Type: application/json; charset=utf-8
1 < Content-Length: 111
1 < ETag: W/"6f-Xig8QPbudBnc/esLvmN9v8v8nik"
1 < Date: Tue, 11 Aug 2026 21:32:07 GMT
1 < Connection: keep-alive
1 < Keep-Alive: timeout=5
{"status":"success","message":"Pet created","data":{"id":1786483927089,"name":"Bingo3","type":"Perro","age":1}}

16:32:07.108 [main] DEBUG com.intuit.karate - request:
2 > GET http://localhost:3000/pets/1786483927089
2 > Host: localhost:3000
2 > Connection: Keep-Alive
2 > User-Agent: Apache-HttpClient/4.5.14 (Java/21)
2 > Accept-Encoding: gzip,deflate


16:32:07.110 [main] DEBUG com.intuit.karate - response time in milliseconds: 2
2 < 200
2 < X-Powered-By: Express
2 < Content-Type: application/json; charset=utf-8
2 < Content-Length: 109
2 < ETag: W/"6d-4CdLm0bGnt9/9GiRWw2p0KFMygA"
2 < Date: Tue, 11 Aug 2026 21:32:07 GMT
2 < Connection: keep-alive
2 < Keep-Alive: timeout=5
{"status":"success","message":"Pet found","data":{"id":1786483927089,"name":"Bingo3","type":"Perro","age":1}}

16:32:07.120 [main] INFO  com.intuit.karate - karate.env system property was: null 
16:32:07.122 [main] DEBUG com.intuit.karate - request:
1 > POST http://localhost:3000/pets
1 > Content-Type: application/json; charset=UTF-8
1 > Content-Length: 40
1 > Host: localhost:3000
1 > Connection: Keep-Alive
1 > User-Agent: Apache-HttpClient/4.5.14 (Java/21)
1 > Accept-Encoding: gzip,deflate
{"name":"Bingo3","type":"Perro","age":1}

16:32:07.124 [main] DEBUG com.intuit.karate - response time in milliseconds: 1
1 < 201
1 < X-Powered-By: Express
1 < Content-Type: application/json; charset=utf-8
1 < Content-Length: 111
1 < ETag: W/"6f-PF0efX8mMQ84XNqEHnzmQNougp4"
1 < Date: Tue, 11 Aug 2026 21:32:07 GMT
1 < Connection: keep-alive
1 < Keep-Alive: timeout=5
{"status":"success","message":"Pet created","data":{"id":1786483927124,"name":"Bingo3","type":"Perro","age":1}}

16:32:07.128 [main] DEBUG com.intuit.karate - request:
2 > PUT http://localhost:3000/pets/1786483927124
2 > Content-Type: application/json; charset=UTF-8
2 > Content-Length: 40
2 > Host: localhost:3000
2 > Connection: Keep-Alive
2 > User-Agent: Apache-HttpClient/4.5.14 (Java/21)
2 > Accept-Encoding: gzip,deflate
{"name":"Bingo8","type":"Gato","age":10}

16:32:07.133 [main] DEBUG com.intuit.karate - response time in milliseconds: 5
2 < 200
2 < X-Powered-By: Express
2 < Content-Type: application/json; charset=utf-8
2 < Content-Length: 111
2 < ETag: W/"6f-sg6LCSE5fcTOcWuQO2Rl8o1vnTs"
2 < Date: Tue, 11 Aug 2026 21:32:07 GMT
2 < Connection: keep-alive
2 < Keep-Alive: timeout=5
{"status":"success","message":"Pet updated","data":{"id":1786483927124,"name":"Bingo8","type":"Gato","age":10}}

16:32:07.150 [main] INFO  com.intuit.karate - karate.env system property was: null 
16:32:07.152 [main] DEBUG com.intuit.karate - request:
1 > POST http://localhost:3000/pets
1 > Content-Type: application/json; charset=UTF-8
1 > Content-Length: 40
1 > Host: localhost:3000
1 > Connection: Keep-Alive
1 > User-Agent: Apache-HttpClient/4.5.14 (Java/21)
1 > Accept-Encoding: gzip,deflate
{"name":"Bingo3","type":"Perro","age":1}

16:32:07.155 [main] DEBUG com.intuit.karate - response time in milliseconds: 3
1 < 201
1 < X-Powered-By: Express
1 < Content-Type: application/json; charset=utf-8
1 < Content-Length: 111
1 < ETag: W/"6f-EPAQT0OniR1ndwBHaMIKF47fITA"
1 < Date: Tue, 11 Aug 2026 21:32:07 GMT
1 < Connection: keep-alive
1 < Keep-Alive: timeout=5
{"status":"success","message":"Pet created","data":{"id":1786483927154,"name":"Bingo3","type":"Perro","age":1}}

16:32:07.158 [main] DEBUG com.intuit.karate - request:
2 > PATCH http://localhost:3000/pets/1786483927154
2 > Content-Type: application/json; charset=UTF-8
2 > Content-Length: 16
2 > Host: localhost:3000
2 > Connection: Keep-Alive
2 > User-Agent: Apache-HttpClient/4.5.14 (Java/21)
2 > Accept-Encoding: gzip,deflate
{"name":"Bluey"}

16:32:07.163 [main] DEBUG com.intuit.karate - response time in milliseconds: 5
2 < 200
2 < X-Powered-By: Express
2 < Content-Type: application/json; charset=utf-8
2 < Content-Length: 123
2 < ETag: W/"7b-pIWvi+fDM+MwTRCI3HU5bbrzH9c"
2 < Date: Tue, 11 Aug 2026 21:32:07 GMT
2 < Connection: keep-alive
2 < Keep-Alive: timeout=5
{"status":"success","message":"Pet updated successfully","data":{"id":1786483927154,"name":"Bluey","type":"Perro","age":1}}

16:37:27.100 [main] DEBUG com.intuit.karate.Suite - [config] classpath:karate-config.js
16:37:28.013 [main] INFO  com.intuit.karate - karate.env system property was: null 
16:37:28.271 [main] DEBUG com.intuit.karate - request:
1 > POST http://localhost:3000/pets
1 > Content-Type: application/json; charset=UTF-8
1 > Content-Length: 40
1 > Host: localhost:3000
1 > Connection: Keep-Alive
1 > User-Agent: Apache-HttpClient/4.5.14 (Java/21)
1 > Accept-Encoding: gzip,deflate
{"name":"Bingo3","type":"Perro","age":1}

16:37:28.295 [main] DEBUG com.intuit.karate - response time in milliseconds: 21
1 < 201
1 < X-Powered-By: Express
1 < Content-Type: application/json; charset=utf-8
1 < Content-Length: 111
1 < ETag: W/"6f-Vqc9g1QW1dD8LFxPgOc28+h9vK4"
1 < Date: Tue, 11 Aug 2026 21:37:28 GMT
1 < Connection: keep-alive
1 < Keep-Alive: timeout=5
{"status":"success","message":"Pet created","data":{"id":1786484248288,"name":"Bingo3","type":"Perro","age":1}}

16:37:28.315 [main] INFO  com.intuit.karate - karate.env system property was: null 
16:37:28.319 [main] DEBUG com.intuit.karate - request:
1 > POST http://localhost:3000/pets
1 > Content-Type: application/json; charset=UTF-8
1 > Content-Length: 40
1 > Host: localhost:3000
1 > Connection: Keep-Alive
1 > User-Agent: Apache-HttpClient/4.5.14 (Java/21)
1 > Accept-Encoding: gzip,deflate
{"name":"Bingo3","type":"Perro","age":1}

16:37:28.321 [main] DEBUG com.intuit.karate - response time in milliseconds: 2
1 < 201
1 < X-Powered-By: Express
1 < Content-Type: application/json; charset=utf-8
1 < Content-Length: 111
1 < ETag: W/"6f-g1iC61SU9glaUEzgePXZnW4wc4Y"
1 < Date: Tue, 11 Aug 2026 21:37:28 GMT
1 < Connection: keep-alive
1 < Keep-Alive: timeout=5
{"status":"success","message":"Pet created","data":{"id":1786484248320,"name":"Bingo3","type":"Perro","age":1}}

16:37:28.341 [main] DEBUG com.intuit.karate - request:
2 > GET http://localhost:3000/pets/1786484248320
2 > Host: localhost:3000
2 > Connection: Keep-Alive
2 > User-Agent: Apache-HttpClient/4.5.14 (Java/21)
2 > Accept-Encoding: gzip,deflate


16:37:28.344 [main] DEBUG com.intuit.karate - response time in milliseconds: 2
2 < 200
2 < X-Powered-By: Express
2 < Content-Type: application/json; charset=utf-8
2 < Content-Length: 109
2 < ETag: W/"6d-TFlpLGPAqCqi7rtwsn8AlYLG0e4"
2 < Date: Tue, 11 Aug 2026 21:37:28 GMT
2 < Connection: keep-alive
2 < Keep-Alive: timeout=5
{"status":"success","message":"Pet found","data":{"id":1786484248320,"name":"Bingo3","type":"Perro","age":1}}

16:37:28.353 [main] INFO  com.intuit.karate - karate.env system property was: null 
16:37:28.355 [main] DEBUG com.intuit.karate - request:
1 > POST http://localhost:3000/pets
1 > Content-Type: application/json; charset=UTF-8
1 > Content-Length: 40
1 > Host: localhost:3000
1 > Connection: Keep-Alive
1 > User-Agent: Apache-HttpClient/4.5.14 (Java/21)
1 > Accept-Encoding: gzip,deflate
{"name":"Bingo3","type":"Perro","age":1}

16:37:28.358 [main] DEBUG com.intuit.karate - response time in milliseconds: 2
1 < 201
1 < X-Powered-By: Express
1 < Content-Type: application/json; charset=utf-8
1 < Content-Length: 111
1 < ETag: W/"6f-/hknMMKEZ64HQBGzwnu+RaiFl4w"
1 < Date: Tue, 11 Aug 2026 21:37:28 GMT
1 < Connection: keep-alive
1 < Keep-Alive: timeout=5
{"status":"success","message":"Pet created","data":{"id":1786484248357,"name":"Bingo3","type":"Perro","age":1}}

16:37:28.361 [main] DEBUG com.intuit.karate - request:
2 > PUT http://localhost:3000/pets/1786484248357
2 > Content-Type: application/json; charset=UTF-8
2 > Content-Length: 40
2 > Host: localhost:3000
2 > Connection: Keep-Alive
2 > User-Agent: Apache-HttpClient/4.5.14 (Java/21)
2 > Accept-Encoding: gzip,deflate
{"name":"Bingo8","type":"Gato","age":10}

16:37:28.368 [main] DEBUG com.intuit.karate - response time in milliseconds: 7
2 < 200
2 < X-Powered-By: Express
2 < Content-Type: application/json; charset=utf-8
2 < Content-Length: 111
2 < ETag: W/"6f-HGrIt/VxNr8avaMD1OvVvoiFxGQ"
2 < Date: Tue, 11 Aug 2026 21:37:28 GMT
2 < Connection: keep-alive
2 < Keep-Alive: timeout=5
{"status":"success","message":"Pet updated","data":{"id":1786484248357,"name":"Bingo8","type":"Gato","age":10}}

16:37:28.384 [main] INFO  com.intuit.karate - karate.env system property was: null 
16:37:28.387 [main] DEBUG com.intuit.karate - request:
1 > POST http://localhost:3000/pets
1 > Content-Type: application/json; charset=UTF-8
1 > Content-Length: 40
1 > Host: localhost:3000
1 > Connection: Keep-Alive
1 > User-Agent: Apache-HttpClient/4.5.14 (Java/21)
1 > Accept-Encoding: gzip,deflate
{"name":"Bingo3","type":"Perro","age":1}

16:37:28.390 [main] DEBUG com.intuit.karate - response time in milliseconds: 3
1 < 201
1 < X-Powered-By: Express
1 < Content-Type: application/json; charset=utf-8
1 < Content-Length: 111
1 < ETag: W/"6f-Ez7IyYiRpCRdt9ow4CFk4X2JJHE"
1 < Date: Tue, 11 Aug 2026 21:37:28 GMT
1 < Connection: keep-alive
1 < Keep-Alive: timeout=5
{"status":"success","message":"Pet created","data":{"id":1786484248389,"name":"Bingo3","type":"Perro","age":1}}

16:37:28.393 [main] DEBUG com.intuit.karate - request:
2 > PATCH http://localhost:3000/pets/1786484248389
2 > Content-Type: application/json; charset=UTF-8
2 > Content-Length: 16
2 > Host: localhost:3000
2 > Connection: Keep-Alive
2 > User-Agent: Apache-HttpClient/4.5.14 (Java/21)
2 > Accept-Encoding: gzip,deflate
{"name":"Bluey"}

16:37:28.398 [main] DEBUG com.intuit.karate - response time in milliseconds: 5
2 < 200
2 < X-Powered-By: Express
2 < Content-Type: application/json; charset=utf-8
2 < Content-Length: 123
2 < ETag: W/"7b-WXjz4yWPKznO3KrnGNCEcallqJc"
2 < Date: Tue, 11 Aug 2026 21:37:28 GMT
2 < Connection: keep-alive
2 < Keep-Alive: timeout=5
{"status":"success","message":"Pet updated successfully","data":{"id":1786484248389,"name":"Bluey","type":"Perro","age":1}}

16:37:28.406 [main] INFO  com.intuit.karate - karate.env system property was: null 
16:37:28.409 [main] DEBUG com.intuit.karate - request:
1 > POST http://localhost:3000/pets
1 > Content-Type: application/json; charset=UTF-8
1 > Content-Length: 40
1 > Host: localhost:3000
1 > Connection: Keep-Alive
1 > User-Agent: Apache-HttpClient/4.5.14 (Java/21)
1 > Accept-Encoding: gzip,deflate
{"name":"Bingo3","type":"Perro","age":1}

16:37:28.411 [main] DEBUG com.intuit.karate - response time in milliseconds: 2
1 < 201
1 < X-Powered-By: Express
1 < Content-Type: application/json; charset=utf-8
1 < Content-Length: 111
1 < ETag: W/"6f-0EUeofEe0z1ShcTfdXcP/29gE/U"
1 < Date: Tue, 11 Aug 2026 21:37:28 GMT
1 < Connection: keep-alive
1 < Keep-Alive: timeout=5
{"status":"success","message":"Pet created","data":{"id":1786484248410,"name":"Bingo3","type":"Perro","age":1}}

16:37:28.414 [main] DEBUG com.intuit.karate - request:
2 > DELETE http://localhost:3000/pets/1786484248410
2 > Host: localhost:3000
2 > Connection: Keep-Alive
2 > User-Agent: Apache-HttpClient/4.5.14 (Java/21)
2 > Accept-Encoding: gzip,deflate


16:37:28.420 [main] DEBUG com.intuit.karate - response time in milliseconds: 6
2 < 204
2 < X-Powered-By: Express
2 < ETag: W/"38-wb8iw8b8FsxeeJAkWfcWHgal72I"
2 < Date: Tue, 11 Aug 2026 21:37:28 GMT
2 < Connection: keep-alive
2 < Keep-Alive: timeout=5


18:38:58.168 [main] DEBUG com.intuit.karate.Suite - [config] classpath:karate-config.js
18:38:59.091 [main] INFO  com.intuit.karate - karate.env system property was: null 
18:38:59.353 [main] DEBUG com.intuit.karate - request:
1 > POST http://localhost:3000/pets
1 > Content-Type: application/json; charset=UTF-8
1 > Content-Length: 40
1 > Host: localhost:3000
1 > Connection: Keep-Alive
1 > User-Agent: Apache-HttpClient/4.5.14 (Java/21)
1 > Accept-Encoding: gzip,deflate
{"name":"Bingo3","type":"Perro","age":1}

18:38:59.377 [main] DEBUG com.intuit.karate - response time in milliseconds: 22
1 < 201
1 < X-Powered-By: Express
1 < Content-Type: application/json; charset=utf-8
1 < Content-Length: 111
1 < ETag: W/"6f-SiV8gj2SEmX+Z/vcMr2Rr29ovuY"
1 < Date: Tue, 11 Aug 2026 23:38:59 GMT
1 < Connection: keep-alive
1 < Keep-Alive: timeout=5
{"status":"success","message":"Pet created","data":{"id":1786491539369,"name":"Bingo3","type":"Perro","age":1}}

18:38:59.396 [main] ERROR com.intuit.karate - classpath:examples/pets/pets.feature:8
And match response == {"status": "success","message": "Pet created","data": {"id": 1786491412340,"name": "Bingo8888","type": "Perro","age": 1}}
match failed: EQUALS
  $ | not equal | match failed for name: 'data' (MAP:MAP)
  {"status":"success","message":"Pet created","data":{"id":1786491539369,"name":"Bingo3","type":"Perro","age":1}}
  {"status":"success","message":"Pet created","data":{"id":1786491412340,"name":"Bingo8888","type":"Perro","age":1}}

    $.data | not equal | match failed for name: 'id' (MAP:MAP)
    {"id":1786491539369,"name":"Bingo3","type":"Perro","age":1}
    {"id":1786491412340,"name":"Bingo8888","type":"Perro","age":1}

      $.data.id | not equal (NUMBER:NUMBER)
      1786491539369
      1786491412340

classpath:examples/pets/pets.feature:8
18:38:59.421 [main] INFO  com.intuit.karate - karate.env system property was: null 
18:38:59.424 [main] DEBUG com.intuit.karate - request:
1 > POST http://localhost:3000/pets
1 > Content-Type: application/json; charset=UTF-8
1 > Content-Length: 40
1 > Host: localhost:3000
1 > Connection: Keep-Alive
1 > User-Agent: Apache-HttpClient/4.5.14 (Java/21)
1 > Accept-Encoding: gzip,deflate
{"name":"Bingo3","type":"Perro","age":1}

18:38:59.426 [main] DEBUG com.intuit.karate - response time in milliseconds: 2
1 < 201
1 < X-Powered-By: Express
1 < Content-Type: application/json; charset=utf-8
1 < Content-Length: 111
1 < ETag: W/"6f-hA59kH4pc2AAZJWzT5MFL6FOeFs"
1 < Date: Tue, 11 Aug 2026 23:38:59 GMT
1 < Connection: keep-alive
1 < Keep-Alive: timeout=5
{"status":"success","message":"Pet created","data":{"id":1786491539425,"name":"Bingo3","type":"Perro","age":1}}

18:38:59.444 [main] DEBUG com.intuit.karate - request:
2 > GET http://localhost:3000/pets/1786491539425
2 > Host: localhost:3000
2 > Connection: Keep-Alive
2 > User-Agent: Apache-HttpClient/4.5.14 (Java/21)
2 > Accept-Encoding: gzip,deflate


18:38:59.446 [main] DEBUG com.intuit.karate - response time in milliseconds: 2
2 < 200
2 < X-Powered-By: Express
2 < Content-Type: application/json; charset=utf-8
2 < Content-Length: 109
2 < ETag: W/"6d-EgBBQ3vJXh4JIn2K/2/9DA94t5o"
2 < Date: Tue, 11 Aug 2026 23:38:59 GMT
2 < Connection: keep-alive
2 < Keep-Alive: timeout=5
{"status":"success","message":"Pet found","data":{"id":1786491539425,"name":"Bingo3","type":"Perro","age":1}}

18:38:59.455 [main] INFO  com.intuit.karate - karate.env system property was: null 
18:38:59.457 [main] DEBUG com.intuit.karate - request:
1 > POST http://localhost:3000/pets
1 > Content-Type: application/json; charset=UTF-8
1 > Content-Length: 40
1 > Host: localhost:3000
1 > Connection: Keep-Alive
1 > User-Agent: Apache-HttpClient/4.5.14 (Java/21)
1 > Accept-Encoding: gzip,deflate
{"name":"Bingo3","type":"Perro","age":1}

18:38:59.459 [main] DEBUG com.intuit.karate - response time in milliseconds: 2
1 < 201
1 < X-Powered-By: Express
1 < Content-Type: application/json; charset=utf-8
1 < Content-Length: 111
1 < ETag: W/"6f-ckOXPWXKZK2+Syoc57YGCtMtVUo"
1 < Date: Tue, 11 Aug 2026 23:38:59 GMT
1 < Connection: keep-alive
1 < Keep-Alive: timeout=5
{"status":"success","message":"Pet created","data":{"id":1786491539458,"name":"Bingo3","type":"Perro","age":1}}

18:38:59.463 [main] DEBUG com.intuit.karate - request:
2 > PUT http://localhost:3000/pets/1786491539458
2 > Content-Type: application/json; charset=UTF-8
2 > Content-Length: 40
2 > Host: localhost:3000
2 > Connection: Keep-Alive
2 > User-Agent: Apache-HttpClient/4.5.14 (Java/21)
2 > Accept-Encoding: gzip,deflate
{"name":"Bingo8","type":"Gato","age":10}

18:38:59.469 [main] DEBUG com.intuit.karate - response time in milliseconds: 6
2 < 200
2 < X-Powered-By: Express
2 < Content-Type: application/json; charset=utf-8
2 < Content-Length: 111
2 < ETag: W/"6f-lnduIUoFOgEYtdNNlL7bfaV57LU"
2 < Date: Tue, 11 Aug 2026 23:38:59 GMT
2 < Connection: keep-alive
2 < Keep-Alive: timeout=5
{"status":"success","message":"Pet updated","data":{"id":1786491539458,"name":"Bingo8","type":"Gato","age":10}}

18:38:59.479 [main] INFO  com.intuit.karate - karate.env system property was: null 
18:38:59.482 [main] DEBUG com.intuit.karate - request:
1 > POST http://localhost:3000/pets
1 > Content-Type: application/json; charset=UTF-8
1 > Content-Length: 40
1 > Host: localhost:3000
1 > Connection: Keep-Alive
1 > User-Agent: Apache-HttpClient/4.5.14 (Java/21)
1 > Accept-Encoding: gzip,deflate
{"name":"Bingo3","type":"Perro","age":1}

18:38:59.485 [main] DEBUG com.intuit.karate - response time in milliseconds: 2
1 < 201
1 < X-Powered-By: Express
1 < Content-Type: application/json; charset=utf-8
1 < Content-Length: 111
1 < ETag: W/"6f-FqH/vncezigCI5bu33pD8hJtq+Y"
1 < Date: Tue, 11 Aug 2026 23:38:59 GMT
1 < Connection: keep-alive
1 < Keep-Alive: timeout=5
{"status":"success","message":"Pet created","data":{"id":1786491539483,"name":"Bingo3","type":"Perro","age":1}}

18:38:59.488 [main] DEBUG com.intuit.karate - request:
2 > PATCH http://localhost:3000/pets/1786491539483
2 > Content-Type: application/json; charset=UTF-8
2 > Content-Length: 16
2 > Host: localhost:3000
2 > Connection: Keep-Alive
2 > User-Agent: Apache-HttpClient/4.5.14 (Java/21)
2 > Accept-Encoding: gzip,deflate
{"name":"Bluey"}

18:38:59.494 [main] DEBUG com.intuit.karate - response time in milliseconds: 6
2 < 200
2 < X-Powered-By: Express
2 < Content-Type: application/json; charset=utf-8
2 < Content-Length: 123
2 < ETag: W/"7b-IxroBdktXIxzDr77UM64rTh1j7c"
2 < Date: Tue, 11 Aug 2026 23:38:59 GMT
2 < Connection: keep-alive
2 < Keep-Alive: timeout=5
{"status":"success","message":"Pet updated successfully","data":{"id":1786491539483,"name":"Bluey","type":"Perro","age":1}}

18:38:59.504 [main] INFO  com.intuit.karate - karate.env system property was: null 
18:38:59.506 [main] DEBUG com.intuit.karate - request:
1 > POST http://localhost:3000/pets
1 > Content-Type: application/json; charset=UTF-8
1 > Content-Length: 40
1 > Host: localhost:3000
1 > Connection: Keep-Alive
1 > User-Agent: Apache-HttpClient/4.5.14 (Java/21)
1 > Accept-Encoding: gzip,deflate
{"name":"Bingo3","type":"Perro","age":1}

18:38:59.507 [main] DEBUG com.intuit.karate - response time in milliseconds: 1
1 < 201
1 < X-Powered-By: Express
1 < Content-Type: application/json; charset=utf-8
1 < Content-Length: 111
1 < ETag: W/"6f-ABaFX5H4+VOgw/sJ9fKeTQ+Hq6w"
1 < Date: Tue, 11 Aug 2026 23:38:59 GMT
1 < Connection: keep-alive
1 < Keep-Alive: timeout=5
{"status":"success","message":"Pet created","data":{"id":1786491539506,"name":"Bingo3","type":"Perro","age":1}}

18:38:59.511 [main] DEBUG com.intuit.karate - request:
2 > DELETE http://localhost:3000/pets/1786491539506
2 > Host: localhost:3000
2 > Connection: Keep-Alive
2 > User-Agent: Apache-HttpClient/4.5.14 (Java/21)
2 > Accept-Encoding: gzip,deflate


18:38:59.516 [main] DEBUG com.intuit.karate - response time in milliseconds: 5
2 < 204
2 < X-Powered-By: Express
2 < ETag: W/"38-wb8iw8b8FsxeeJAkWfcWHgal72I"
2 < Date: Tue, 11 Aug 2026 23:38:59 GMT
2 < Connection: keep-alive
2 < Keep-Alive: timeout=5


18:42:03.694 [main] DEBUG com.intuit.karate.Suite - [config] classpath:karate-config.js
18:42:04.602 [main] INFO  com.intuit.karate - karate.env system property was: null 
18:42:04.869 [main] DEBUG com.intuit.karate - request:
1 > POST http://localhost:3000/pets
1 > Content-Type: application/json; charset=UTF-8
1 > Content-Length: 40
1 > Host: localhost:3000
1 > Connection: Keep-Alive
1 > User-Agent: Apache-HttpClient/4.5.14 (Java/21)
1 > Accept-Encoding: gzip,deflate
{"name":"Bingo3","type":"Perro","age":1}

18:42:04.893 [main] DEBUG com.intuit.karate - response time in milliseconds: 22
1 < 201
1 < X-Powered-By: Express
1 < Content-Type: application/json; charset=utf-8
1 < Content-Length: 111
1 < ETag: W/"6f-8Z2vwMxlCTBjGyLS5cBHgg2CoHM"
1 < Date: Tue, 11 Aug 2026 23:42:04 GMT
1 < Connection: keep-alive
1 < Keep-Alive: timeout=5
{"status":"success","message":"Pet created","data":{"id":1786491724886,"name":"Bingo3","type":"Perro","age":1}}

18:42:04.922 [main] INFO  com.intuit.karate - karate.env system property was: null 
18:42:04.926 [main] DEBUG com.intuit.karate - request:
1 > POST http://localhost:3000/pets
1 > Content-Type: application/json; charset=UTF-8
1 > Content-Length: 40
1 > Host: localhost:3000
1 > Connection: Keep-Alive
1 > User-Agent: Apache-HttpClient/4.5.14 (Java/21)
1 > Accept-Encoding: gzip,deflate
{"name":"Bingo3","type":"Perro","age":1}

18:42:04.930 [main] DEBUG com.intuit.karate - response time in milliseconds: 3
1 < 201
1 < X-Powered-By: Express
1 < Content-Type: application/json; charset=utf-8
1 < Content-Length: 111
1 < ETag: W/"6f-Vb6iITckKbx/oCTvdhilnOH+0Og"
1 < Date: Tue, 11 Aug 2026 23:42:04 GMT
1 < Connection: keep-alive
1 < Keep-Alive: timeout=5
{"status":"success","message":"Pet created","data":{"id":1786491724928,"name":"Bingo3","type":"Perro","age":1}}

18:42:04.947 [main] DEBUG com.intuit.karate - request:
2 > GET http://localhost:3000/pets/1786491724928
2 > Host: localhost:3000
2 > Connection: Keep-Alive
2 > User-Agent: Apache-HttpClient/4.5.14 (Java/21)
2 > Accept-Encoding: gzip,deflate


18:42:04.949 [main] DEBUG com.intuit.karate - response time in milliseconds: 1
2 < 200
2 < X-Powered-By: Express
2 < Content-Type: application/json; charset=utf-8
2 < Content-Length: 109
2 < ETag: W/"6d-nTWrQ1sJ6WKkBtdbT25me/bqJMw"
2 < Date: Tue, 11 Aug 2026 23:42:04 GMT
2 < Connection: keep-alive
2 < Keep-Alive: timeout=5
{"status":"success","message":"Pet found","data":{"id":1786491724928,"name":"Bingo3","type":"Perro","age":1}}

18:42:04.958 [main] INFO  com.intuit.karate - karate.env system property was: null 
18:42:04.960 [main] DEBUG com.intuit.karate - request:
1 > POST http://localhost:3000/pets
1 > Content-Type: application/json; charset=UTF-8
1 > Content-Length: 40
1 > Host: localhost:3000
1 > Connection: Keep-Alive
1 > User-Agent: Apache-HttpClient/4.5.14 (Java/21)
1 > Accept-Encoding: gzip,deflate
{"name":"Bingo3","type":"Perro","age":1}

18:42:04.963 [main] DEBUG com.intuit.karate - response time in milliseconds: 3
1 < 201
1 < X-Powered-By: Express
1 < Content-Type: application/json; charset=utf-8
1 < Content-Length: 111
1 < ETag: W/"6f-iBgLpxLG3qO9kGutSwlchbsesig"
1 < Date: Tue, 11 Aug 2026 23:42:04 GMT
1 < Connection: keep-alive
1 < Keep-Alive: timeout=5
{"status":"success","message":"Pet created","data":{"id":1786491724962,"name":"Bingo3","type":"Perro","age":1}}

18:42:04.966 [main] DEBUG com.intuit.karate - request:
2 > PUT http://localhost:3000/pets/1786491724962
2 > Content-Type: application/json; charset=UTF-8
2 > Content-Length: 40
2 > Host: localhost:3000
2 > Connection: Keep-Alive
2 > User-Agent: Apache-HttpClient/4.5.14 (Java/21)
2 > Accept-Encoding: gzip,deflate
{"name":"Bingo8","type":"Gato","age":10}

18:42:04.971 [main] DEBUG com.intuit.karate - response time in milliseconds: 5
2 < 200
2 < X-Powered-By: Express
2 < Content-Type: application/json; charset=utf-8
2 < Content-Length: 111
2 < ETag: W/"6f-Id7+4hh1Y6Bw9DfuM5dEa+gIrJ0"
2 < Date: Tue, 11 Aug 2026 23:42:04 GMT
2 < Connection: keep-alive
2 < Keep-Alive: timeout=5
{"status":"success","message":"Pet updated","data":{"id":1786491724962,"name":"Bingo8","type":"Gato","age":10}}

18:42:04.983 [main] INFO  com.intuit.karate - karate.env system property was: null 
18:42:04.985 [main] DEBUG com.intuit.karate - request:
1 > POST http://localhost:3000/pets
1 > Content-Type: application/json; charset=UTF-8
1 > Content-Length: 40
1 > Host: localhost:3000
1 > Connection: Keep-Alive
1 > User-Agent: Apache-HttpClient/4.5.14 (Java/21)
1 > Accept-Encoding: gzip,deflate
{"name":"Bingo3","type":"Perro","age":1}

18:42:04.989 [main] DEBUG com.intuit.karate - response time in milliseconds: 1
1 < 201
1 < X-Powered-By: Express
1 < Content-Type: application/json; charset=utf-8
1 < Content-Length: 111
1 < ETag: W/"6f-uZFBD+OBLmDJeKHBK9tMkNh6rr4"
1 < Date: Tue, 11 Aug 2026 23:42:04 GMT
1 < Connection: keep-alive
1 < Keep-Alive: timeout=5
{"status":"success","message":"Pet created","data":{"id":1786491724987,"name":"Bingo3","type":"Perro","age":1}}

18:42:04.993 [main] DEBUG com.intuit.karate - request:
2 > PATCH http://localhost:3000/pets/1786491724987
2 > Content-Type: application/json; charset=UTF-8
2 > Content-Length: 16
2 > Host: localhost:3000
2 > Connection: Keep-Alive
2 > User-Agent: Apache-HttpClient/4.5.14 (Java/21)
2 > Accept-Encoding: gzip,deflate
{"name":"Bluey"}

18:42:04.997 [main] DEBUG com.intuit.karate - response time in milliseconds: 4
2 < 200
2 < X-Powered-By: Express
2 < Content-Type: application/json; charset=utf-8
2 < Content-Length: 123
2 < ETag: W/"7b-SEa68vJm+RgwMQwsVcWBhpQC440"
2 < Date: Tue, 11 Aug 2026 23:42:04 GMT
2 < Connection: keep-alive
2 < Keep-Alive: timeout=5
{"status":"success","message":"Pet updated successfully","data":{"id":1786491724987,"name":"Bluey","type":"Perro","age":1}}

18:42:05.005 [main] INFO  com.intuit.karate - karate.env system property was: null 
18:42:05.008 [main] DEBUG com.intuit.karate - request:
1 > POST http://localhost:3000/pets
1 > Content-Type: application/json; charset=UTF-8
1 > Content-Length: 40
1 > Host: localhost:3000
1 > Connection: Keep-Alive
1 > User-Agent: Apache-HttpClient/4.5.14 (Java/21)
1 > Accept-Encoding: gzip,deflate
{"name":"Bingo3","type":"Perro","age":1}

18:42:05.010 [main] DEBUG com.intuit.karate - response time in milliseconds: 2
1 < 201
1 < X-Powered-By: Express
1 < Content-Type: application/json; charset=utf-8
1 < Content-Length: 111
1 < ETag: W/"6f-Tvx3Zwx17h7bea6uSQLZ+NZK57Y"
1 < Date: Tue, 11 Aug 2026 23:42:05 GMT
1 < Connection: keep-alive
1 < Keep-Alive: timeout=5
{"status":"success","message":"Pet created","data":{"id":1786491725009,"name":"Bingo3","type":"Perro","age":1}}

18:42:05.013 [main] DEBUG com.intuit.karate - request:
2 > DELETE http://localhost:3000/pets/1786491725009
2 > Host: localhost:3000
2 > Connection: Keep-Alive
2 > User-Agent: Apache-HttpClient/4.5.14 (Java/21)
2 > Accept-Encoding: gzip,deflate


18:42:05.020 [main] DEBUG com.intuit.karate - response time in milliseconds: 6
2 < 204
2 < X-Powered-By: Express
2 < ETag: W/"38-wb8iw8b8FsxeeJAkWfcWHgal72I"
2 < Date: Tue, 11 Aug 2026 23:42:05 GMT
2 < Connection: keep-alive
2 < Keep-Alive: timeout=5


18:45:23.427 [main] DEBUG com.intuit.karate.Suite - [config] classpath:karate-config.js
18:45:24.340 [main] INFO  com.intuit.karate - karate.env system property was: null 
18:45:24.602 [main] DEBUG com.intuit.karate - request:
1 > POST http://localhost:3000/pets
1 > Content-Type: application/json; charset=UTF-8
1 > Content-Length: 40
1 > Host: localhost:3000
1 > Connection: Keep-Alive
1 > User-Agent: Apache-HttpClient/4.5.14 (Java/21)
1 > Accept-Encoding: gzip,deflate
{"name":"Bingo3","type":"Perro","age":1}

18:45:24.625 [main] DEBUG com.intuit.karate - response time in milliseconds: 20
1 < 201
1 < X-Powered-By: Express
1 < Content-Type: application/json; charset=utf-8
1 < Content-Length: 111
1 < ETag: W/"6f-uxdkapu4/YKfji/qw28K3hax9lw"
1 < Date: Tue, 11 Aug 2026 23:45:24 GMT
1 < Connection: keep-alive
1 < Keep-Alive: timeout=5
{"status":"success","message":"Pet created","data":{"id":1786491924617,"name":"Bingo3","type":"Perro","age":1}}

18:45:24.655 [main] INFO  com.intuit.karate - karate.env system property was: null 
18:45:24.658 [main] DEBUG com.intuit.karate - request:
1 > POST http://localhost:3000/pets
1 > Content-Type: application/json; charset=UTF-8
1 > Content-Length: 40
1 > Host: localhost:3000
1 > Connection: Keep-Alive
1 > User-Agent: Apache-HttpClient/4.5.14 (Java/21)
1 > Accept-Encoding: gzip,deflate
{"name":"Bingo3","type":"Perro","age":1}

18:45:24.661 [main] DEBUG com.intuit.karate - response time in milliseconds: 2
1 < 201
1 < X-Powered-By: Express
1 < Content-Type: application/json; charset=utf-8
1 < Content-Length: 111
1 < ETag: W/"6f-l0GzS5o5DdDgaAN0M0Xy9PcEAEk"
1 < Date: Tue, 11 Aug 2026 23:45:24 GMT
1 < Connection: keep-alive
1 < Keep-Alive: timeout=5
{"status":"success","message":"Pet created","data":{"id":1786491924659,"name":"Bingo3","type":"Perro","age":1}}

18:45:24.676 [main] DEBUG com.intuit.karate - request:
2 > GET http://localhost:3000/pets/1786491924659
2 > Host: localhost:3000
2 > Connection: Keep-Alive
2 > User-Agent: Apache-HttpClient/4.5.14 (Java/21)
2 > Accept-Encoding: gzip,deflate


18:45:24.678 [main] DEBUG com.intuit.karate - response time in milliseconds: 2
2 < 200
2 < X-Powered-By: Express
2 < Content-Type: application/json; charset=utf-8
2 < Content-Length: 109
2 < ETag: W/"6d-NBQE7xFo4r3feubLFEEBpsIbtCU"
2 < Date: Tue, 11 Aug 2026 23:45:24 GMT
2 < Connection: keep-alive
2 < Keep-Alive: timeout=5
{"status":"success","message":"Pet found","data":{"id":1786491924659,"name":"Bingo3","type":"Perro","age":1}}

18:45:24.686 [main] INFO  com.intuit.karate - karate.env system property was: null 
18:45:24.689 [main] DEBUG com.intuit.karate - request:
1 > POST http://localhost:3000/pets
1 > Content-Type: application/json; charset=UTF-8
1 > Content-Length: 40
1 > Host: localhost:3000
1 > Connection: Keep-Alive
1 > User-Agent: Apache-HttpClient/4.5.14 (Java/21)
1 > Accept-Encoding: gzip,deflate
{"name":"Bingo3","type":"Perro","age":1}

18:45:24.693 [main] DEBUG com.intuit.karate - response time in milliseconds: 2
1 < 201
1 < X-Powered-By: Express
1 < Content-Type: application/json; charset=utf-8
1 < Content-Length: 111
1 < ETag: W/"6f-kjJazRgjLJrnoFB+cSoukK0VbxI"
1 < Date: Tue, 11 Aug 2026 23:45:24 GMT
1 < Connection: keep-alive
1 < Keep-Alive: timeout=5
{"status":"success","message":"Pet created","data":{"id":1786491924691,"name":"Bingo3","type":"Perro","age":1}}

18:45:24.696 [main] DEBUG com.intuit.karate - request:
2 > PUT http://localhost:3000/pets/1786491924691
2 > Content-Type: application/json; charset=UTF-8
2 > Content-Length: 40
2 > Host: localhost:3000
2 > Connection: Keep-Alive
2 > User-Agent: Apache-HttpClient/4.5.14 (Java/21)
2 > Accept-Encoding: gzip,deflate
{"name":"Bingo8","type":"Gato","age":10}

18:45:24.704 [main] DEBUG com.intuit.karate - response time in milliseconds: 7
2 < 200
2 < X-Powered-By: Express
2 < Content-Type: application/json; charset=utf-8
2 < Content-Length: 111
2 < ETag: W/"6f-lXC14meI73WyV+ggVNBRC4GgddE"
2 < Date: Tue, 11 Aug 2026 23:45:24 GMT
2 < Connection: keep-alive
2 < Keep-Alive: timeout=5
{"status":"success","message":"Pet updated","data":{"id":1786491924691,"name":"Bingo8","type":"Gato","age":10}}

18:45:24.714 [main] INFO  com.intuit.karate - karate.env system property was: null 
18:45:24.716 [main] DEBUG com.intuit.karate - request:
1 > POST http://localhost:3000/pets
1 > Content-Type: application/json; charset=UTF-8
1 > Content-Length: 40
1 > Host: localhost:3000
1 > Connection: Keep-Alive
1 > User-Agent: Apache-HttpClient/4.5.14 (Java/21)
1 > Accept-Encoding: gzip,deflate
{"name":"Bingo3","type":"Perro","age":1}

18:45:24.719 [main] DEBUG com.intuit.karate - response time in milliseconds: 2
1 < 201
1 < X-Powered-By: Express
1 < Content-Type: application/json; charset=utf-8
1 < Content-Length: 111
1 < ETag: W/"6f-E5OoynisL4K1EApfkhFqBI6cICA"
1 < Date: Tue, 11 Aug 2026 23:45:24 GMT
1 < Connection: keep-alive
1 < Keep-Alive: timeout=5
{"status":"success","message":"Pet created","data":{"id":1786491924717,"name":"Bingo3","type":"Perro","age":1}}

18:45:24.722 [main] DEBUG com.intuit.karate - request:
2 > PATCH http://localhost:3000/pets/1786491924717
2 > Content-Type: application/json; charset=UTF-8
2 > Content-Length: 16
2 > Host: localhost:3000
2 > Connection: Keep-Alive
2 > User-Agent: Apache-HttpClient/4.5.14 (Java/21)
2 > Accept-Encoding: gzip,deflate
{"name":"Bluey"}

18:45:24.728 [main] DEBUG com.intuit.karate - response time in milliseconds: 6
2 < 200
2 < X-Powered-By: Express
2 < Content-Type: application/json; charset=utf-8
2 < Content-Length: 123
2 < ETag: W/"7b-bvF7O3efFQpQZhe0NK8rTDDKAms"
2 < Date: Tue, 11 Aug 2026 23:45:24 GMT
2 < Connection: keep-alive
2 < Keep-Alive: timeout=5
{"status":"success","message":"Pet updated successfully","data":{"id":1786491924717,"name":"Bluey","type":"Perro","age":1}}

18:45:24.736 [main] INFO  com.intuit.karate - karate.env system property was: null 
18:45:24.739 [main] DEBUG com.intuit.karate - request:
1 > POST http://localhost:3000/pets
1 > Content-Type: application/json; charset=UTF-8
1 > Content-Length: 40
1 > Host: localhost:3000
1 > Connection: Keep-Alive
1 > User-Agent: Apache-HttpClient/4.5.14 (Java/21)
1 > Accept-Encoding: gzip,deflate
{"name":"Bingo3","type":"Perro","age":1}

18:45:24.741 [main] DEBUG com.intuit.karate - response time in milliseconds: 2
1 < 201
1 < X-Powered-By: Express
1 < Content-Type: application/json; charset=utf-8
1 < Content-Length: 111
1 < ETag: W/"6f-gdhl3w7j1A32UR3yqkRzg3lOx2A"
1 < Date: Tue, 11 Aug 2026 23:45:24 GMT
1 < Connection: keep-alive
1 < Keep-Alive: timeout=5
{"status":"success","message":"Pet created","data":{"id":1786491924740,"name":"Bingo3","type":"Perro","age":1}}

18:45:24.745 [main] DEBUG com.intuit.karate - request:
2 > DELETE http://localhost:3000/pets/1786491924740
2 > Host: localhost:3000
2 > Connection: Keep-Alive
2 > User-Agent: Apache-HttpClient/4.5.14 (Java/21)
2 > Accept-Encoding: gzip,deflate


18:45:24.751 [main] DEBUG com.intuit.karate - response time in milliseconds: 6
2 < 204
2 < X-Powered-By: Express
2 < ETag: W/"38-wb8iw8b8FsxeeJAkWfcWHgal72I"
2 < Date: Tue, 11 Aug 2026 23:45:24 GMT
2 < Connection: keep-alive
2 < Keep-Alive: timeout=5


19:04:03.922 [main] DEBUG com.intuit.karate.Suite - [config] classpath:karate-config.js
19:04:04.828 [main] INFO  com.intuit.karate - karate.env system property was: null 
19:04:05.091 [main] DEBUG com.intuit.karate - request:
1 > POST http://localhost:3000/pets
1 > Content-Type: application/json; charset=UTF-8
1 > Content-Length: 40
1 > Host: localhost:3000
1 > Connection: Keep-Alive
1 > User-Agent: Apache-HttpClient/4.5.14 (Java/21)
1 > Accept-Encoding: gzip,deflate
{"name":"Bingo3","type":"Perro","age":1}

19:04:05.116 [main] DEBUG com.intuit.karate - response time in milliseconds: 22
1 < 201
1 < X-Powered-By: Express
1 < Content-Type: application/json; charset=utf-8
1 < Content-Length: 111
1 < ETag: W/"6f-Zk7CEcvvVh+MKA0pqDNcWSvazJQ"
1 < Date: Wed, 12 Aug 2026 00:04:05 GMT
1 < Connection: keep-alive
1 < Keep-Alive: timeout=5
{"status":"success","message":"Pet created","data":{"id":1786493045108,"name":"Bingo3","type":"Perro","age":1}}

19:04:05.148 [main] INFO  com.intuit.karate - karate.env system property was: null 
19:04:05.152 [main] DEBUG com.intuit.karate - request:
1 > POST http://localhost:3000/pets
1 > Content-Type: application/json; charset=UTF-8
1 > Content-Length: 40
1 > Host: localhost:3000
1 > Connection: Keep-Alive
1 > User-Agent: Apache-HttpClient/4.5.14 (Java/21)
1 > Accept-Encoding: gzip,deflate
{"name":"Bingo3","type":"Perro","age":1}

19:04:05.154 [main] DEBUG com.intuit.karate - response time in milliseconds: 2
1 < 201
1 < X-Powered-By: Express
1 < Content-Type: application/json; charset=utf-8
1 < Content-Length: 111
1 < ETag: W/"6f-l6wSwmQ31ZfB7kueUfU8QGtSA2Q"
1 < Date: Wed, 12 Aug 2026 00:04:05 GMT
1 < Connection: keep-alive
1 < Keep-Alive: timeout=5
{"status":"success","message":"Pet created","data":{"id":1786493045154,"name":"Bingo3","type":"Perro","age":1}}

19:04:05.172 [main] DEBUG com.intuit.karate - request:
2 > GET http://localhost:3000/pets/1786493045154
2 > Host: localhost:3000
2 > Connection: Keep-Alive
2 > User-Agent: Apache-HttpClient/4.5.14 (Java/21)
2 > Accept-Encoding: gzip,deflate


19:04:05.173 [main] DEBUG com.intuit.karate - response time in milliseconds: 1
2 < 200
2 < X-Powered-By: Express
2 < Content-Type: application/json; charset=utf-8
2 < Content-Length: 109
2 < ETag: W/"6d-6Sns8bg6JsJkz/Ow7P8TBx/bOeE"
2 < Date: Wed, 12 Aug 2026 00:04:05 GMT
2 < Connection: keep-alive
2 < Keep-Alive: timeout=5
{"status":"success","message":"Pet found","data":{"id":1786493045154,"name":"Bingo3","type":"Perro","age":1}}

19:04:05.183 [main] INFO  com.intuit.karate - karate.env system property was: null 
19:04:05.185 [main] DEBUG com.intuit.karate - request:
1 > POST http://localhost:3000/pets
1 > Content-Type: application/json; charset=UTF-8
1 > Content-Length: 40
1 > Host: localhost:3000
1 > Connection: Keep-Alive
1 > User-Agent: Apache-HttpClient/4.5.14 (Java/21)
1 > Accept-Encoding: gzip,deflate
{"name":"Bingo3","type":"Perro","age":1}

19:04:05.188 [main] DEBUG com.intuit.karate - response time in milliseconds: 2
1 < 201
1 < X-Powered-By: Express
1 < Content-Type: application/json; charset=utf-8
1 < Content-Length: 111
1 < ETag: W/"6f-5j1ntkP1W9Z7zKj2Nubm6nww+tg"
1 < Date: Wed, 12 Aug 2026 00:04:05 GMT
1 < Connection: keep-alive
1 < Keep-Alive: timeout=5
{"status":"success","message":"Pet created","data":{"id":1786493045187,"name":"Bingo3","type":"Perro","age":1}}

19:04:05.191 [main] DEBUG com.intuit.karate - request:
2 > PUT http://localhost:3000/pets/1786493045187
2 > Content-Type: application/json; charset=UTF-8
2 > Content-Length: 40
2 > Host: localhost:3000
2 > Connection: Keep-Alive
2 > User-Agent: Apache-HttpClient/4.5.14 (Java/21)
2 > Accept-Encoding: gzip,deflate
{"name":"Bingo8","type":"Gato","age":10}

19:04:05.197 [main] DEBUG com.intuit.karate - response time in milliseconds: 6
2 < 200
2 < X-Powered-By: Express
2 < Content-Type: application/json; charset=utf-8
2 < Content-Length: 111
2 < ETag: W/"6f-taOSvyNCIWdJmIkoh1YfNOelACs"
2 < Date: Wed, 12 Aug 2026 00:04:05 GMT
2 < Connection: keep-alive
2 < Keep-Alive: timeout=5
{"status":"success","message":"Pet updated","data":{"id":1786493045187,"name":"Bingo8","type":"Gato","age":10}}

19:04:05.208 [main] INFO  com.intuit.karate - karate.env system property was: null 
19:04:05.211 [main] DEBUG com.intuit.karate - request:
1 > POST http://localhost:3000/pets
1 > Content-Type: application/json; charset=UTF-8
1 > Content-Length: 40
1 > Host: localhost:3000
1 > Connection: Keep-Alive
1 > User-Agent: Apache-HttpClient/4.5.14 (Java/21)
1 > Accept-Encoding: gzip,deflate
{"name":"Bingo3","type":"Perro","age":1}

19:04:05.213 [main] DEBUG com.intuit.karate - response time in milliseconds: 2
1 < 201
1 < X-Powered-By: Express
1 < Content-Type: application/json; charset=utf-8
1 < Content-Length: 111
1 < ETag: W/"6f-8v0UHmUTXqb2yTAO65J6DqisKb4"
1 < Date: Wed, 12 Aug 2026 00:04:05 GMT
1 < Connection: keep-alive
1 < Keep-Alive: timeout=5
{"status":"success","message":"Pet created","data":{"id":1786493045213,"name":"Bingo3","type":"Perro","age":1}}

19:04:05.217 [main] DEBUG com.intuit.karate - request:
2 > PATCH http://localhost:3000/pets/1786493045213
2 > Content-Type: application/json; charset=UTF-8
2 > Content-Length: 16
2 > Host: localhost:3000
2 > Connection: Keep-Alive
2 > User-Agent: Apache-HttpClient/4.5.14 (Java/21)
2 > Accept-Encoding: gzip,deflate
{"name":"Bluey"}

19:04:05.222 [main] DEBUG com.intuit.karate - response time in milliseconds: 4
2 < 200
2 < X-Powered-By: Express
2 < Content-Type: application/json; charset=utf-8
2 < Content-Length: 123
2 < ETag: W/"7b-FoDZSKLs+kLrbJ2ar2uJtkKoXXg"
2 < Date: Wed, 12 Aug 2026 00:04:05 GMT
2 < Connection: keep-alive
2 < Keep-Alive: timeout=5
{"status":"success","message":"Pet updated successfully","data":{"id":1786493045213,"name":"Bluey","type":"Perro","age":1}}

19:04:05.230 [main] INFO  com.intuit.karate - karate.env system property was: null 
19:04:05.233 [main] DEBUG com.intuit.karate - request:
1 > POST http://localhost:3000/pets
1 > Content-Type: application/json; charset=UTF-8
1 > Content-Length: 40
1 > Host: localhost:3000
1 > Connection: Keep-Alive
1 > User-Agent: Apache-HttpClient/4.5.14 (Java/21)
1 > Accept-Encoding: gzip,deflate
{"name":"Bingo3","type":"Perro","age":1}

19:04:05.236 [main] DEBUG com.intuit.karate - response time in milliseconds: 3
1 < 201
1 < X-Powered-By: Express
1 < Content-Type: application/json; charset=utf-8
1 < Content-Length: 111
1 < ETag: W/"6f-FwiEm4xa8JD+oOIu58AlRcHHovM"
1 < Date: Wed, 12 Aug 2026 00:04:05 GMT
1 < Connection: keep-alive
1 < Keep-Alive: timeout=5
{"status":"success","message":"Pet created","data":{"id":1786493045235,"name":"Bingo3","type":"Perro","age":1}}

19:04:05.239 [main] DEBUG com.intuit.karate - request:
2 > DELETE http://localhost:3000/pets/1786493045235
2 > Host: localhost:3000
2 > Connection: Keep-Alive
2 > User-Agent: Apache-HttpClient/4.5.14 (Java/21)
2 > Accept-Encoding: gzip,deflate


19:04:05.244 [main] DEBUG com.intuit.karate - response time in milliseconds: 5
2 < 204
2 < X-Powered-By: Express
2 < ETag: W/"38-wb8iw8b8FsxeeJAkWfcWHgal72I"
2 < Date: Wed, 12 Aug 2026 00:04:05 GMT
2 < Connection: keep-alive
2 < Keep-Alive: timeout=5


19:04:05.250 [main] INFO  com.intuit.karate - karate.env system property was: null 
19:04:05.267 [main] DEBUG com.intuit.karate - request:
1 > GET http://localhost:3000/protected-basic
1 > Authorization: Basic YWRtaW46cGFzc3dvcmQxMjM=
1 > Host: localhost:3000
1 > Connection: Keep-Alive
1 > User-Agent: Apache-HttpClient/4.5.14 (Java/21)
1 > Accept-Encoding: gzip,deflate


19:04:05.269 [main] DEBUG com.intuit.karate - response time in milliseconds: 1
1 < 200
1 < X-Powered-By: Express
1 < Content-Type: text/html; charset=utf-8
1 < Content-Length: 52
1 < ETag: W/"34-5hLxTCL454xXrj8Ihw5i3VJ+tlg"
1 < Date: Wed, 12 Aug 2026 00:04:05 GMT
1 < Connection: keep-alive
1 < Keep-Alive: timeout=5
Hello admin, you have accessed a protected endpoint!

19:07:30.486 [main] DEBUG com.intuit.karate.Suite - [config] classpath:karate-config.js
19:07:31.411 [main] INFO  com.intuit.karate - karate.env system property was: null 
19:07:31.671 [main] DEBUG com.intuit.karate - request:
1 > POST http://localhost:3000/pets
1 > Content-Type: application/json; charset=UTF-8
1 > Content-Length: 40
1 > Host: localhost:3000
1 > Connection: Keep-Alive
1 > User-Agent: Apache-HttpClient/4.5.14 (Java/21)
1 > Accept-Encoding: gzip,deflate
{"name":"Bingo3","type":"Perro","age":1}

19:07:31.694 [main] DEBUG com.intuit.karate - response time in milliseconds: 22
1 < 201
1 < X-Powered-By: Express
1 < Content-Type: application/json; charset=utf-8
1 < Content-Length: 111
1 < ETag: W/"6f-Ks7e+hAU6ALLNpZoOq1M2gUU2Ko"
1 < Date: Wed, 12 Aug 2026 00:07:31 GMT
1 < Connection: keep-alive
1 < Keep-Alive: timeout=5
{"status":"success","message":"Pet created","data":{"id":1786493251688,"name":"Bingo3","type":"Perro","age":1}}

19:07:31.726 [main] INFO  com.intuit.karate - karate.env system property was: null 
19:07:31.731 [main] DEBUG com.intuit.karate - request:
1 > POST http://localhost:3000/pets
1 > Content-Type: application/json; charset=UTF-8
1 > Content-Length: 40
1 > Host: localhost:3000
1 > Connection: Keep-Alive
1 > User-Agent: Apache-HttpClient/4.5.14 (Java/21)
1 > Accept-Encoding: gzip,deflate
{"name":"Bingo3","type":"Perro","age":1}

19:07:31.733 [main] DEBUG com.intuit.karate - response time in milliseconds: 2
1 < 201
1 < X-Powered-By: Express
1 < Content-Type: application/json; charset=utf-8
1 < Content-Length: 111
1 < ETag: W/"6f-vuc8kzBOq772SszMNuwl2jRitcA"
1 < Date: Wed, 12 Aug 2026 00:07:31 GMT
1 < Connection: keep-alive
1 < Keep-Alive: timeout=5
{"status":"success","message":"Pet created","data":{"id":1786493251732,"name":"Bingo3","type":"Perro","age":1}}

19:07:31.748 [main] DEBUG com.intuit.karate - request:
2 > GET http://localhost:3000/pets/1786493251732
2 > Host: localhost:3000
2 > Connection: Keep-Alive
2 > User-Agent: Apache-HttpClient/4.5.14 (Java/21)
2 > Accept-Encoding: gzip,deflate


19:07:31.750 [main] DEBUG com.intuit.karate - response time in milliseconds: 1
2 < 200
2 < X-Powered-By: Express
2 < Content-Type: application/json; charset=utf-8
2 < Content-Length: 109
2 < ETag: W/"6d-xP6i8frEW+dWdPGudvTGyCSKY6U"
2 < Date: Wed, 12 Aug 2026 00:07:31 GMT
2 < Connection: keep-alive
2 < Keep-Alive: timeout=5
{"status":"success","message":"Pet found","data":{"id":1786493251732,"name":"Bingo3","type":"Perro","age":1}}

19:07:31.759 [main] INFO  com.intuit.karate - karate.env system property was: null 
19:07:31.762 [main] DEBUG com.intuit.karate - request:
1 > POST http://localhost:3000/pets
1 > Content-Type: application/json; charset=UTF-8
1 > Content-Length: 40
1 > Host: localhost:3000
1 > Connection: Keep-Alive
1 > User-Agent: Apache-HttpClient/4.5.14 (Java/21)
1 > Accept-Encoding: gzip,deflate
{"name":"Bingo3","type":"Perro","age":1}

19:07:31.765 [main] DEBUG com.intuit.karate - response time in milliseconds: 2
1 < 201
1 < X-Powered-By: Express
1 < Content-Type: application/json; charset=utf-8
1 < Content-Length: 111
1 < ETag: W/"6f-ULSJWYpbITLwWiY+lOPDLMk+aZ8"
1 < Date: Wed, 12 Aug 2026 00:07:31 GMT
1 < Connection: keep-alive
1 < Keep-Alive: timeout=5
{"status":"success","message":"Pet created","data":{"id":1786493251763,"name":"Bingo3","type":"Perro","age":1}}

19:07:31.768 [main] DEBUG com.intuit.karate - request:
2 > PUT http://localhost:3000/pets/1786493251763
2 > Content-Type: application/json; charset=UTF-8
2 > Content-Length: 40
2 > Host: localhost:3000
2 > Connection: Keep-Alive
2 > User-Agent: Apache-HttpClient/4.5.14 (Java/21)
2 > Accept-Encoding: gzip,deflate
{"name":"Bingo8","type":"Gato","age":10}

19:07:31.773 [main] DEBUG com.intuit.karate - response time in milliseconds: 5
2 < 200
2 < X-Powered-By: Express
2 < Content-Type: application/json; charset=utf-8
2 < Content-Length: 111
2 < ETag: W/"6f-z/6rgL6C6sLERbW7MZ9biL+F5MY"
2 < Date: Wed, 12 Aug 2026 00:07:31 GMT
2 < Connection: keep-alive
2 < Keep-Alive: timeout=5
{"status":"success","message":"Pet updated","data":{"id":1786493251763,"name":"Bingo8","type":"Gato","age":10}}

19:07:31.787 [main] INFO  com.intuit.karate - karate.env system property was: null 
19:07:31.789 [main] DEBUG com.intuit.karate - request:
1 > POST http://localhost:3000/pets
1 > Content-Type: application/json; charset=UTF-8
1 > Content-Length: 40
1 > Host: localhost:3000
1 > Connection: Keep-Alive
1 > User-Agent: Apache-HttpClient/4.5.14 (Java/21)
1 > Accept-Encoding: gzip,deflate
{"name":"Bingo3","type":"Perro","age":1}

19:07:31.792 [main] DEBUG com.intuit.karate - response time in milliseconds: 2
1 < 201
1 < X-Powered-By: Express
1 < Content-Type: application/json; charset=utf-8
1 < Content-Length: 111
1 < ETag: W/"6f-Uqk9eMiQk2sneMftVLkvM01JbDM"
1 < Date: Wed, 12 Aug 2026 00:07:31 GMT
1 < Connection: keep-alive
1 < Keep-Alive: timeout=5
{"status":"success","message":"Pet created","data":{"id":1786493251790,"name":"Bingo3","type":"Perro","age":1}}

19:07:31.794 [main] DEBUG com.intuit.karate - request:
2 > PATCH http://localhost:3000/pets/1786493251790
2 > Content-Type: application/json; charset=UTF-8
2 > Content-Length: 16
2 > Host: localhost:3000
2 > Connection: Keep-Alive
2 > User-Agent: Apache-HttpClient/4.5.14 (Java/21)
2 > Accept-Encoding: gzip,deflate
{"name":"Bluey"}

19:07:31.802 [main] DEBUG com.intuit.karate - response time in milliseconds: 8
2 < 200
2 < X-Powered-By: Express
2 < Content-Type: application/json; charset=utf-8
2 < Content-Length: 123
2 < ETag: W/"7b-5y+1Og1vn5zl+ta2OMmQgOajuls"
2 < Date: Wed, 12 Aug 2026 00:07:31 GMT
2 < Connection: keep-alive
2 < Keep-Alive: timeout=5
{"status":"success","message":"Pet updated successfully","data":{"id":1786493251790,"name":"Bluey","type":"Perro","age":1}}

19:07:31.811 [main] INFO  com.intuit.karate - karate.env system property was: null 
19:07:31.813 [main] DEBUG com.intuit.karate - request:
1 > POST http://localhost:3000/pets
1 > Content-Type: application/json; charset=UTF-8
1 > Content-Length: 40
1 > Host: localhost:3000
1 > Connection: Keep-Alive
1 > User-Agent: Apache-HttpClient/4.5.14 (Java/21)
1 > Accept-Encoding: gzip,deflate
{"name":"Bingo3","type":"Perro","age":1}

19:07:31.817 [main] DEBUG com.intuit.karate - response time in milliseconds: 4
1 < 201
1 < X-Powered-By: Express
1 < Content-Type: application/json; charset=utf-8
1 < Content-Length: 111
1 < ETag: W/"6f-8XetY+iOwhGZX74gey+9nlC4Prw"
1 < Date: Wed, 12 Aug 2026 00:07:31 GMT
1 < Connection: keep-alive
1 < Keep-Alive: timeout=5
{"status":"success","message":"Pet created","data":{"id":1786493251815,"name":"Bingo3","type":"Perro","age":1}}

19:07:31.820 [main] DEBUG com.intuit.karate - request:
2 > DELETE http://localhost:3000/pets/1786493251815
2 > Host: localhost:3000
2 > Connection: Keep-Alive
2 > User-Agent: Apache-HttpClient/4.5.14 (Java/21)
2 > Accept-Encoding: gzip,deflate


19:07:31.826 [main] DEBUG com.intuit.karate - response time in milliseconds: 5
2 < 204
2 < X-Powered-By: Express
2 < ETag: W/"38-wb8iw8b8FsxeeJAkWfcWHgal72I"
2 < Date: Wed, 12 Aug 2026 00:07:31 GMT
2 < Connection: keep-alive
2 < Keep-Alive: timeout=5


19:07:31.833 [main] INFO  com.intuit.karate - karate.env system property was: null 
19:07:31.850 [main] DEBUG com.intuit.karate - request:
1 > GET http://localhost:3000/protected-basic
1 > Authorization: Basic YWRtaW46cGFzc3dvcmQxMjM=
1 > Host: localhost:3000
1 > Connection: Keep-Alive
1 > User-Agent: Apache-HttpClient/4.5.14 (Java/21)
1 > Accept-Encoding: gzip,deflate


19:07:31.852 [main] DEBUG com.intuit.karate - response time in milliseconds: 2
1 < 200
1 < X-Powered-By: Express
1 < Content-Type: text/html; charset=utf-8
1 < Content-Length: 52
1 < ETag: W/"34-5hLxTCL454xXrj8Ihw5i3VJ+tlg"
1 < Date: Wed, 12 Aug 2026 00:07:31 GMT
1 < Connection: keep-alive
1 < Keep-Alive: timeout=5
Hello admin, you have accessed a protected endpoint!

19:07:31.859 [main] INFO  com.intuit.karate - karate.env system property was: null 
19:07:31.863 [main] DEBUG com.intuit.karate - request:
1 > GET http://localhost:3000/protected-basic
1 > Authorization: Basic YWRtaW46cGFzc3dvcmQxMjQ=
1 > Host: localhost:3000
1 > Connection: Keep-Alive
1 > User-Agent: Apache-HttpClient/4.5.14 (Java/21)
1 > Accept-Encoding: gzip,deflate


19:07:31.875 [main] DEBUG com.intuit.karate - response time in milliseconds: 12
1 < 401
1 < X-Powered-By: Express
1 < WWW-Authenticate: Basic realm="example"
1 < Content-Type: text/plain; charset=utf-8
1 < Content-Length: 12
1 < ETag: W/"c-dAuDFQrdjS3hezqxDTNgW7AOlYk"
1 < Date: Wed, 12 Aug 2026 00:07:31 GMT
1 < Connection: keep-alive
1 < Keep-Alive: timeout=5
Unauthorized

19:21:25.156 [main] DEBUG com.intuit.karate.Suite - [config] classpath:karate-config.js
19:21:26.069 [main] INFO  com.intuit.karate - karate.env system property was: null 
19:21:26.325 [main] DEBUG com.intuit.karate - request:
1 > POST http://localhost:3000/pets
1 > Content-Type: application/json; charset=UTF-8
1 > Content-Length: 40
1 > Host: localhost:3000
1 > Connection: Keep-Alive
1 > User-Agent: Apache-HttpClient/4.5.14 (Java/21)
1 > Accept-Encoding: gzip,deflate
{"name":"Bingo3","type":"Perro","age":1}

19:21:26.347 [main] DEBUG com.intuit.karate - response time in milliseconds: 21
1 < 201
1 < X-Powered-By: Express
1 < Content-Type: application/json; charset=utf-8
1 < Content-Length: 111
1 < ETag: W/"6f-gfP2okwkrrg/5d1xKKKkv6Zy62A"
1 < Date: Wed, 12 Aug 2026 00:21:26 GMT
1 < Connection: keep-alive
1 < Keep-Alive: timeout=5
{"status":"success","message":"Pet created","data":{"id":1786494086340,"name":"Bingo3","type":"Perro","age":1}}

19:21:26.379 [main] INFO  com.intuit.karate - karate.env system property was: null 
19:21:26.383 [main] DEBUG com.intuit.karate - request:
1 > POST http://localhost:3000/pets
1 > Content-Type: application/json; charset=UTF-8
1 > Content-Length: 40
1 > Host: localhost:3000
1 > Connection: Keep-Alive
1 > User-Agent: Apache-HttpClient/4.5.14 (Java/21)
1 > Accept-Encoding: gzip,deflate
{"name":"Bingo3","type":"Perro","age":1}

19:21:26.386 [main] DEBUG com.intuit.karate - response time in milliseconds: 3
1 < 201
1 < X-Powered-By: Express
1 < Content-Type: application/json; charset=utf-8
1 < Content-Length: 111
1 < ETag: W/"6f-G70QAzpJBuOjOlAHCkYd3jaYaLA"
1 < Date: Wed, 12 Aug 2026 00:21:26 GMT
1 < Connection: keep-alive
1 < Keep-Alive: timeout=5
{"status":"success","message":"Pet created","data":{"id":1786494086384,"name":"Bingo3","type":"Perro","age":1}}

19:21:26.400 [main] DEBUG com.intuit.karate - request:
2 > GET http://localhost:3000/pets/1786494086384
2 > Host: localhost:3000
2 > Connection: Keep-Alive
2 > User-Agent: Apache-HttpClient/4.5.14 (Java/21)
2 > Accept-Encoding: gzip,deflate


19:21:26.401 [main] DEBUG com.intuit.karate - response time in milliseconds: 1
2 < 200
2 < X-Powered-By: Express
2 < Content-Type: application/json; charset=utf-8
2 < Content-Length: 109
2 < ETag: W/"6d-jTajy+ntJ0QNhoPl40A6m0Aj8F4"
2 < Date: Wed, 12 Aug 2026 00:21:26 GMT
2 < Connection: keep-alive
2 < Keep-Alive: timeout=5
{"status":"success","message":"Pet found","data":{"id":1786494086384,"name":"Bingo3","type":"Perro","age":1}}

19:21:26.411 [main] INFO  com.intuit.karate - karate.env system property was: null 
19:21:26.414 [main] DEBUG com.intuit.karate - request:
1 > POST http://localhost:3000/pets
1 > Content-Type: application/json; charset=UTF-8
1 > Content-Length: 40
1 > Host: localhost:3000
1 > Connection: Keep-Alive
1 > User-Agent: Apache-HttpClient/4.5.14 (Java/21)
1 > Accept-Encoding: gzip,deflate
{"name":"Bingo3","type":"Perro","age":1}

19:21:26.416 [main] DEBUG com.intuit.karate - response time in milliseconds: 1
1 < 201
1 < X-Powered-By: Express
1 < Content-Type: application/json; charset=utf-8
1 < Content-Length: 111
1 < ETag: W/"6f-S/Qq7nPHSsgKmD4cFUBzIAg0ju4"
1 < Date: Wed, 12 Aug 2026 00:21:26 GMT
1 < Connection: keep-alive
1 < Keep-Alive: timeout=5
{"status":"success","message":"Pet created","data":{"id":1786494086415,"name":"Bingo3","type":"Perro","age":1}}

19:21:26.420 [main] DEBUG com.intuit.karate - request:
2 > PUT http://localhost:3000/pets/1786494086415
2 > Content-Type: application/json; charset=UTF-8
2 > Content-Length: 40
2 > Host: localhost:3000
2 > Connection: Keep-Alive
2 > User-Agent: Apache-HttpClient/4.5.14 (Java/21)
2 > Accept-Encoding: gzip,deflate
{"name":"Bingo8","type":"Gato","age":10}

19:21:26.428 [main] DEBUG com.intuit.karate - response time in milliseconds: 8
2 < 200
2 < X-Powered-By: Express
2 < Content-Type: application/json; charset=utf-8
2 < Content-Length: 111
2 < ETag: W/"6f-x5xu8g8qN6j2GTlNboE+NE6cvJM"
2 < Date: Wed, 12 Aug 2026 00:21:26 GMT
2 < Connection: keep-alive
2 < Keep-Alive: timeout=5
{"status":"success","message":"Pet updated","data":{"id":1786494086415,"name":"Bingo8","type":"Gato","age":10}}

19:21:26.439 [main] INFO  com.intuit.karate - karate.env system property was: null 
19:21:26.441 [main] DEBUG com.intuit.karate - request:
1 > POST http://localhost:3000/pets
1 > Content-Type: application/json; charset=UTF-8
1 > Content-Length: 40
1 > Host: localhost:3000
1 > Connection: Keep-Alive
1 > User-Agent: Apache-HttpClient/4.5.14 (Java/21)
1 > Accept-Encoding: gzip,deflate
{"name":"Bingo3","type":"Perro","age":1}

19:21:26.443 [main] DEBUG com.intuit.karate - response time in milliseconds: 2
1 < 201
1 < X-Powered-By: Express
1 < Content-Type: application/json; charset=utf-8
1 < Content-Length: 111
1 < ETag: W/"6f-WvMvl3rMvl3jKJJ1XmzygrxOriE"
1 < Date: Wed, 12 Aug 2026 00:21:26 GMT
1 < Connection: keep-alive
1 < Keep-Alive: timeout=5
{"status":"success","message":"Pet created","data":{"id":1786494086443,"name":"Bingo3","type":"Perro","age":1}}

19:21:26.447 [main] DEBUG com.intuit.karate - request:
2 > PATCH http://localhost:3000/pets/1786494086443
2 > Content-Type: application/json; charset=UTF-8
2 > Content-Length: 16
2 > Host: localhost:3000
2 > Connection: Keep-Alive
2 > User-Agent: Apache-HttpClient/4.5.14 (Java/21)
2 > Accept-Encoding: gzip,deflate
{"name":"Bluey"}

19:21:26.453 [main] DEBUG com.intuit.karate - response time in milliseconds: 5
2 < 200
2 < X-Powered-By: Express
2 < Content-Type: application/json; charset=utf-8
2 < Content-Length: 123
2 < ETag: W/"7b-Umv0vOq6MneKca6P8BBiVHuBCHk"
2 < Date: Wed, 12 Aug 2026 00:21:26 GMT
2 < Connection: keep-alive
2 < Keep-Alive: timeout=5
{"status":"success","message":"Pet updated successfully","data":{"id":1786494086443,"name":"Bluey","type":"Perro","age":1}}

19:21:26.462 [main] INFO  com.intuit.karate - karate.env system property was: null 
19:21:26.464 [main] DEBUG com.intuit.karate - request:
1 > POST http://localhost:3000/pets
1 > Content-Type: application/json; charset=UTF-8
1 > Content-Length: 40
1 > Host: localhost:3000
1 > Connection: Keep-Alive
1 > User-Agent: Apache-HttpClient/4.5.14 (Java/21)
1 > Accept-Encoding: gzip,deflate
{"name":"Bingo3","type":"Perro","age":1}

19:21:26.466 [main] DEBUG com.intuit.karate - response time in milliseconds: 2
1 < 201
1 < X-Powered-By: Express
1 < Content-Type: application/json; charset=utf-8
1 < Content-Length: 111
1 < ETag: W/"6f-WtR/IJiVw4Ba3JqTqXIkUMuTm/s"
1 < Date: Wed, 12 Aug 2026 00:21:26 GMT
1 < Connection: keep-alive
1 < Keep-Alive: timeout=5
{"status":"success","message":"Pet created","data":{"id":1786494086465,"name":"Bingo3","type":"Perro","age":1}}

19:21:26.470 [main] DEBUG com.intuit.karate - request:
2 > DELETE http://localhost:3000/pets/1786494086465
2 > Host: localhost:3000
2 > Connection: Keep-Alive
2 > User-Agent: Apache-HttpClient/4.5.14 (Java/21)
2 > Accept-Encoding: gzip,deflate


19:21:26.477 [main] DEBUG com.intuit.karate - response time in milliseconds: 7
2 < 204
2 < X-Powered-By: Express
2 < ETag: W/"38-wb8iw8b8FsxeeJAkWfcWHgal72I"
2 < Date: Wed, 12 Aug 2026 00:21:26 GMT
2 < Connection: keep-alive
2 < Keep-Alive: timeout=5


19:21:26.484 [main] INFO  com.intuit.karate - karate.env system property was: null 
19:21:26.500 [main] DEBUG com.intuit.karate - request:
1 > GET http://localhost:3000/protected-basic
1 > Authorization: Basic YWRtaW46cGFzc3dvcmQxMjM=
1 > Host: localhost:3000
1 > Connection: Keep-Alive
1 > User-Agent: Apache-HttpClient/4.5.14 (Java/21)
1 > Accept-Encoding: gzip,deflate


19:21:26.501 [main] DEBUG com.intuit.karate - response time in milliseconds: 1
1 < 200
1 < X-Powered-By: Express
1 < Content-Type: text/html; charset=utf-8
1 < Content-Length: 52
1 < ETag: W/"34-5hLxTCL454xXrj8Ihw5i3VJ+tlg"
1 < Date: Wed, 12 Aug 2026 00:21:26 GMT
1 < Connection: keep-alive
1 < Keep-Alive: timeout=5
Hello admin, you have accessed a protected endpoint!

19:21:26.509 [main] INFO  com.intuit.karate - karate.env system property was: null 
19:21:26.513 [main] DEBUG com.intuit.karate - request:
1 > GET http://localhost:3000/protected-basic
1 > Authorization: Basic YWRtaW46cGFzc3dvcmQxMjQ=
1 > Host: localhost:3000
1 > Connection: Keep-Alive
1 > User-Agent: Apache-HttpClient/4.5.14 (Java/21)
1 > Accept-Encoding: gzip,deflate


19:21:26.516 [main] DEBUG com.intuit.karate - response time in milliseconds: 3
1 < 401
1 < X-Powered-By: Express
1 < WWW-Authenticate: Basic realm="example"
1 < Content-Type: text/plain; charset=utf-8
1 < Content-Length: 12
1 < ETag: W/"c-dAuDFQrdjS3hezqxDTNgW7AOlYk"
1 < Date: Wed, 12 Aug 2026 00:21:26 GMT
1 < Connection: keep-alive
1 < Keep-Alive: timeout=5
Unauthorized

19:21:26.522 [main] INFO  com.intuit.karate - karate.env system property was: null 
19:21:26.525 [main] DEBUG com.intuit.karate - request:
1 > POST http://localhost:3000/login
1 > Content-Type: application/json; charset=UTF-8
1 > Content-Length: 25
1 > Host: localhost:3000
1 > Connection: Keep-Alive
1 > User-Agent: Apache-HttpClient/4.5.14 (Java/21)
1 > Accept-Encoding: gzip,deflate
{"username":"automation"}

19:21:26.527 [main] DEBUG com.intuit.karate - response time in milliseconds: 2
1 < 200
1 < X-Powered-By: Express
1 < Content-Type: application/json; charset=utf-8
1 < Content-Length: 206
1 < ETag: W/"ce-/dqxzdV9YoJri2trVj4ljiCylGo"
1 < Date: Wed, 12 Aug 2026 00:21:26 GMT
1 < Connection: keep-alive
1 < Keep-Alive: timeout=5
{"status":"success","message":"Token generated","data":{"accessToken":"eyJhbGciOiJIUzI1NiIsInR5cCI6IkpXVCJ9.eyJuYW1lIjoiYXV0b21hdGlvbiIsImlhdCI6MTc4NjQ5NDA4Nn0.5mZczUNSdT467SuYwLcqMOu4V0e6oB3tUqPLCLKXvDM"}}

19:21:26.530 [main] DEBUG com.intuit.karate - request:
2 > GET http://localhost:3000/protected-bearer
2 > Authorization: Bearer eyJhbGciOiJIUzI1NiIsInR5cCI6IkpXVCJ9.eyJuYW1lIjoiYXV0b21hdGlvbiIsImlhdCI6MTc4NjQ5NDA4Nn0.5mZczUNSdT467SuYwLcqMOu4V0e6oB3tUqPLCLKXvDM
2 > Host: localhost:3000
2 > Connection: Keep-Alive
2 > User-Agent: Apache-HttpClient/4.5.14 (Java/21)
2 > Accept-Encoding: gzip,deflate


19:21:26.533 [main] DEBUG com.intuit.karate - response time in milliseconds: 3
2 < 200
2 < X-Powered-By: Express
2 < Content-Type: text/html; charset=utf-8
2 < Content-Length: 57
2 < ETag: W/"39-T/2gA1KPPGj1Zs8TUFoCRZwYXuM"
2 < Date: Wed, 12 Aug 2026 00:21:26 GMT
2 < Connection: keep-alive
2 < Keep-Alive: timeout=5
Hello automation, you have accessed a protected endpoint!

19:25:36.323 [main] INFO  com.intuit.karate.Runner - using system property 'karate.env': e2e
19:25:37.024 [main] DEBUG com.intuit.karate.Suite - [config] classpath:karate-config.js
19:25:37.024 [main] INFO  com.intuit.karate.Suite - backed up existing 'target\karate-reports' dir to: target\karate-reports_1786667137024
19:25:38.121 [pool-2-thread-1] INFO  com.intuit.karate - karate.env system property was: e2e 
19:25:38.121 [pool-2-thread-4] INFO  com.intuit.karate - karate.env system property was: e2e 
19:25:38.121 [pool-2-thread-2] INFO  com.intuit.karate - karate.env system property was: e2e 
19:25:38.121 [pool-2-thread-3] INFO  com.intuit.karate - karate.env system property was: e2e 
19:25:38.121 [pool-2-thread-5] INFO  com.intuit.karate - karate.env system property was: e2e 
19:25:38.159 [pool-2-thread-1] INFO  com.intuit.karate - [print] la url es:  http://e2e.localhost:3000 
19:25:38.439 [pool-2-thread-1] DEBUG com.intuit.karate - request:
1 > POST http://e2e.localhost:3000/pets
1 > Content-Type: application/json; charset=UTF-8
1 > Content-Length: 40
1 > Host: e2e.localhost:3000
1 > Connection: Keep-Alive
1 > User-Agent: Apache-HttpClient/4.5.14 (Java/21)
1 > Accept-Encoding: gzip,deflate
{"name":"Bingo3","type":"Perro","age":1}

19:25:38.439 [pool-2-thread-2] DEBUG com.intuit.karate - request:
1 > POST http://localhost:3000/pets
1 > Content-Type: application/json; charset=UTF-8
1 > Content-Length: 40
1 > Host: localhost:3000
1 > Connection: Keep-Alive
1 > User-Agent: Apache-HttpClient/4.5.14 (Java/21)
1 > Accept-Encoding: gzip,deflate
{"name":"Bingo3","type":"Perro","age":1}

19:25:38.439 [pool-2-thread-4] DEBUG com.intuit.karate - request:
1 > POST http://localhost:3000/pets
1 > Content-Type: application/json; charset=UTF-8
1 > Content-Length: 40
1 > Host: localhost:3000
1 > Connection: Keep-Alive
1 > User-Agent: Apache-HttpClient/4.5.14 (Java/21)
1 > Accept-Encoding: gzip,deflate
{"name":"Bingo3","type":"Perro","age":1}

19:25:38.439 [pool-2-thread-5] DEBUG com.intuit.karate - request:
1 > POST http://localhost:3000/pets
1 > Content-Type: application/json; charset=UTF-8
1 > Content-Length: 40
1 > Host: localhost:3000
1 > Connection: Keep-Alive
1 > User-Agent: Apache-HttpClient/4.5.14 (Java/21)
1 > Accept-Encoding: gzip,deflate
{"name":"Bingo3","type":"Perro","age":1}

19:25:38.439 [pool-2-thread-3] DEBUG com.intuit.karate - request:
1 > POST http://localhost:3000/pets
1 > Content-Type: application/json; charset=UTF-8
1 > Content-Length: 40
1 > Host: localhost:3000
1 > Connection: Keep-Alive
1 > User-Agent: Apache-HttpClient/4.5.14 (Java/21)
1 > Accept-Encoding: gzip,deflate
{"name":"Bingo3","type":"Perro","age":1}

19:25:38.464 [pool-2-thread-1] ERROR com.intuit.karate - java.net.UnknownHostException: Host desconocido (e2e.localhost), http call failed after 223 milliseconds for url: http://e2e.localhost:3000/pets
19:25:38.464 [pool-2-thread-1] ERROR com.intuit.karate - classpath:examples/pets/pets.feature:9
When method post
http call failed after 223 milliseconds for url: http://e2e.localhost:3000/pets
java.net.UnknownHostException: Host desconocido (e2e.localhost)
classpath:examples/pets/pets.feature:9
19:25:38.473 [pool-2-thread-1] INFO  com.intuit.karate - karate.env system property was: e2e 
19:25:38.495 [pool-2-thread-1] DEBUG com.intuit.karate - request:
1 > GET http://localhost:3000/protected-basic
1 > Authorization: Basic YWRtaW46cGFzc3dvcmQxMjM=
1 > Host: localhost:3000
1 > Connection: Keep-Alive
1 > User-Agent: Apache-HttpClient/4.5.14 (Java/21)
1 > Accept-Encoding: gzip,deflate


19:25:38.687 [pool-2-thread-2] DEBUG com.intuit.karate - response time in milliseconds: 247
1 < 201
1 < X-Powered-By: Express
1 < Content-Type: application/json; charset=utf-8
1 < Content-Length: 111
1 < ETag: W/"6f-9Z8uefcZToDCL9z00y7NQps6xU0"
1 < Date: Fri, 14 Aug 2026 00:25:38 GMT
1 < Connection: keep-alive
1 < Keep-Alive: timeout=5
{"status":"success","message":"Pet created","data":{"id":1786667138669,"name":"Bingo3","type":"Perro","age":1}}

19:25:38.687 [pool-2-thread-3] DEBUG com.intuit.karate - response time in milliseconds: 246
1 < 201
1 < X-Powered-By: Express
1 < Content-Type: application/json; charset=utf-8
1 < Content-Length: 111
1 < ETag: W/"6f-3X6/9LLwg+tcj3rFxVn/7Hu+gGo"
1 < Date: Fri, 14 Aug 2026 00:25:38 GMT
1 < Connection: keep-alive
1 < Keep-Alive: timeout=5
{"status":"success","message":"Pet created","data":{"id":1786667138682,"name":"Bingo3","type":"Perro","age":1}}

19:25:38.692 [pool-2-thread-4] DEBUG com.intuit.karate - response time in milliseconds: 252
1 < 201
1 < X-Powered-By: Express
1 < Content-Type: application/json; charset=utf-8
1 < Content-Length: 111
1 < ETag: W/"6f-cY45/oxCNU0UNfOok1/1K6KZPwk"
1 < Date: Fri, 14 Aug 2026 00:25:38 GMT
1 < Connection: keep-alive
1 < Keep-Alive: timeout=5
{"status":"success","message":"Pet created","data":{"id":1786667138690,"name":"Bingo3","type":"Perro","age":1}}

19:25:38.702 [pool-2-thread-5] DEBUG com.intuit.karate - response time in milliseconds: 262
1 < 201
1 < X-Powered-By: Express
1 < Content-Type: application/json; charset=utf-8
1 < Content-Length: 111
1 < ETag: W/"6f-b2abw8SmP3UlY8vdWKYTtJ2f6eI"
1 < Date: Fri, 14 Aug 2026 00:25:38 GMT
1 < Connection: keep-alive
1 < Keep-Alive: timeout=5
{"status":"success","message":"Pet created","data":{"id":1786667138700,"name":"Bingo3","type":"Perro","age":1}}

19:25:38.705 [pool-2-thread-1] DEBUG com.intuit.karate - response time in milliseconds: 205
1 < 200
1 < X-Powered-By: Express
1 < Content-Type: text/html; charset=utf-8
1 < Content-Length: 52
1 < ETag: W/"34-5hLxTCL454xXrj8Ihw5i3VJ+tlg"
1 < Date: Fri, 14 Aug 2026 00:25:38 GMT
1 < Connection: keep-alive
1 < Keep-Alive: timeout=5
Hello admin, you have accessed a protected endpoint!

19:25:38.709 [pool-2-thread-1] INFO  com.intuit.karate - karate.env system property was: e2e 
19:25:38.710 [pool-2-thread-2] DEBUG com.intuit.karate - request:
2 > GET http://localhost:3000/pets/1786667138669
2 > Host: localhost:3000
2 > Connection: Keep-Alive
2 > User-Agent: Apache-HttpClient/4.5.14 (Java/21)
2 > Accept-Encoding: gzip,deflate


19:25:38.710 [pool-2-thread-5] DEBUG com.intuit.karate - request:
2 > DELETE http://localhost:3000/pets/1786667138700
2 > Host: localhost:3000
2 > Connection: Keep-Alive
2 > User-Agent: Apache-HttpClient/4.5.14 (Java/21)
2 > Accept-Encoding: gzip,deflate


19:25:38.710 [pool-2-thread-3] DEBUG com.intuit.karate - request:
2 > PUT http://localhost:3000/pets/1786667138682
2 > Content-Type: application/json; charset=UTF-8
2 > Content-Length: 40
2 > Host: localhost:3000
2 > Connection: Keep-Alive
2 > User-Agent: Apache-HttpClient/4.5.14 (Java/21)
2 > Accept-Encoding: gzip,deflate
{"name":"Bingo8","type":"Gato","age":10}

19:25:38.710 [pool-2-thread-4] DEBUG com.intuit.karate - request:
2 > PATCH http://localhost:3000/pets/1786667138690
2 > Content-Type: application/json; charset=UTF-8
2 > Content-Length: 16
2 > Host: localhost:3000
2 > Connection: Keep-Alive
2 > User-Agent: Apache-HttpClient/4.5.14 (Java/21)
2 > Accept-Encoding: gzip,deflate
{"name":"Bluey"}

19:25:38.710 [pool-2-thread-1] DEBUG com.intuit.karate - request:
1 > GET http://localhost:3000/protected-basic
1 > Authorization: Basic YWRtaW46cGFzc3dvcmQxMjQ=
1 > Host: localhost:3000
1 > Connection: Keep-Alive
1 > User-Agent: Apache-HttpClient/4.5.14 (Java/21)
1 > Accept-Encoding: gzip,deflate


19:25:38.710 [pool-2-thread-3] DEBUG com.intuit.karate - response time in milliseconds: 0
2 < 200
2 < X-Powered-By: Express
2 < Content-Type: application/json; charset=utf-8
2 < Content-Length: 111
2 < ETag: W/"6f-yFydOeVG7RnmtI8WYOt8tyarsfY"
2 < Date: Fri, 14 Aug 2026 00:25:38 GMT
2 < Connection: keep-alive
2 < Keep-Alive: timeout=5
{"status":"success","message":"Pet updated","data":{"id":1786667138682,"name":"Bingo8","type":"Gato","age":10}}

19:25:38.710 [pool-2-thread-4] DEBUG com.intuit.karate - response time in milliseconds: 0
2 < 200
2 < X-Powered-By: Express
2 < Content-Type: application/json; charset=utf-8
2 < Content-Length: 123
2 < ETag: W/"7b-d0fEee+Pd7RYs36TB3/9esS2jQ8"
2 < Date: Fri, 14 Aug 2026 00:25:38 GMT
2 < Connection: keep-alive
2 < Keep-Alive: timeout=5
{"status":"success","message":"Pet updated successfully","data":{"id":1786667138690,"name":"Bluey","type":"Perro","age":1}}

19:25:38.735 [pool-2-thread-4] INFO  com.intuit.karate - karate.env system property was: e2e 
19:25:38.739 [pool-2-thread-5] DEBUG com.intuit.karate - response time in milliseconds: 29
2 < 204
2 < X-Powered-By: Express
2 < ETag: W/"38-wb8iw8b8FsxeeJAkWfcWHgal72I"
2 < Date: Fri, 14 Aug 2026 00:25:38 GMT
2 < Connection: keep-alive
2 < Keep-Alive: timeout=5


19:25:38.739 [pool-2-thread-4] DEBUG com.intuit.karate - request:
1 > POST http://localhost:3000/login
1 > Content-Type: application/json; charset=UTF-8
1 > Content-Length: 25
1 > Host: localhost:3000
1 > Connection: Keep-Alive
1 > User-Agent: Apache-HttpClient/4.5.14 (Java/21)
1 > Accept-Encoding: gzip,deflate
{"username":"automation"}

19:25:38.743 [pool-2-thread-2] DEBUG com.intuit.karate - response time in milliseconds: 33
2 < 200
2 < X-Powered-By: Express
2 < Content-Type: application/json; charset=utf-8
2 < Content-Length: 109
2 < ETag: W/"6d-vNpd2yp387zf4RxgSN3tZcVZjQc"
2 < Date: Fri, 14 Aug 2026 00:25:38 GMT
2 < Connection: keep-alive
2 < Keep-Alive: timeout=5
{"status":"success","message":"Pet found","data":{"id":1786667138669,"name":"Bingo3","type":"Perro","age":1}}

19:25:38.751 [pool-2-thread-1] DEBUG com.intuit.karate - response time in milliseconds: 41
1 < 401
1 < X-Powered-By: Express
1 < WWW-Authenticate: Basic realm="example"
1 < Content-Type: text/plain; charset=utf-8
1 < Content-Length: 12
1 < ETag: W/"c-dAuDFQrdjS3hezqxDTNgW7AOlYk"
1 < Date: Fri, 14 Aug 2026 00:25:38 GMT
1 < Connection: keep-alive
1 < Keep-Alive: timeout=5
Unauthorized

19:25:38.751 [pool-2-thread-4] DEBUG com.intuit.karate - response time in milliseconds: 12
1 < 200
1 < X-Powered-By: Express
1 < Content-Type: application/json; charset=utf-8
1 < Content-Length: 206
1 < ETag: W/"ce-un7cIm7J1wVHzGwjGqAf3QKjW9E"
1 < Date: Fri, 14 Aug 2026 00:25:38 GMT
1 < Connection: keep-alive
1 < Keep-Alive: timeout=5
{"status":"success","message":"Token generated","data":{"accessToken":"eyJhbGciOiJIUzI1NiIsInR5cCI6IkpXVCJ9.eyJuYW1lIjoiYXV0b21hdGlvbiIsImlhdCI6MTc4NjY2NzEzOH0.dwkrgghgT0r9j4fj8VdJaARmc-TIGoCdCoDrJiLK390"}}

19:25:38.751 [pool-2-thread-4] DEBUG com.intuit.karate - request:
2 > GET http://localhost:3000/protected-bearer
2 > Authorization: Bearer eyJhbGciOiJIUzI1NiIsInR5cCI6IkpXVCJ9.eyJuYW1lIjoiYXV0b21hdGlvbiIsImlhdCI6MTc4NjY2NzEzOH0.dwkrgghgT0r9j4fj8VdJaARmc-TIGoCdCoDrJiLK390
2 > Host: localhost:3000
2 > Connection: Keep-Alive
2 > User-Agent: Apache-HttpClient/4.5.14 (Java/21)
2 > Accept-Encoding: gzip,deflate


19:25:38.762 [pool-2-thread-4] DEBUG com.intuit.karate - response time in milliseconds: 11
2 < 200
2 < X-Powered-By: Express
2 < Content-Type: text/html; charset=utf-8
2 < Content-Length: 57
2 < ETag: W/"39-T/2gA1KPPGj1Zs8TUFoCRZwYXuM"
2 < Date: Fri, 14 Aug 2026 00:25:38 GMT
2 < Connection: keep-alive
2 < Keep-Alive: timeout=5
Hello automation, you have accessed a protected endpoint!

19:25:39.334 [pool-3-thread-1] INFO  com.intuit.karate.Suite - <<fail>> feature 1 of 1 (0 remaining) classpath:examples/pets/pets.feature
19:30:59.655 [main] DEBUG com.intuit.karate.Suite - [config] classpath:karate-config.js
19:30:59.659 [main] INFO  com.intuit.karate.Suite - backed up existing 'target\karate-reports' dir to: target\karate-reports_1786667459659
19:31:00.592 [pool-2-thread-3] INFO  com.intuit.karate - karate.env system property was: null 
19:31:00.592 [pool-2-thread-1] INFO  com.intuit.karate - karate.env system property was: null 
19:31:00.592 [pool-2-thread-2] INFO  com.intuit.karate - karate.env system property was: null 
19:31:00.592 [pool-2-thread-5] INFO  com.intuit.karate - karate.env system property was: null 
19:31:00.592 [pool-2-thread-4] INFO  com.intuit.karate - karate.env system property was: null 
19:31:00.627 [pool-2-thread-1] INFO  com.intuit.karate - [print] la url es:  http://localhost:3000 
19:31:00.865 [pool-2-thread-2] DEBUG com.intuit.karate - request:
1 > POST http://localhost:3000/pets
1 > Content-Type: application/json; charset=UTF-8
1 > Content-Length: 40
1 > Host: localhost:3000
1 > Connection: Keep-Alive
1 > User-Agent: Apache-HttpClient/4.5.14 (Java/21)
1 > Accept-Encoding: gzip,deflate
{"name":"Bingo3","type":"Perro","age":1}

19:31:00.865 [pool-2-thread-4] DEBUG com.intuit.karate - request:
1 > POST http://localhost:3000/pets
1 > Content-Type: application/json; charset=UTF-8
1 > Content-Length: 40
1 > Host: localhost:3000
1 > Connection: Keep-Alive
1 > User-Agent: Apache-HttpClient/4.5.14 (Java/21)
1 > Accept-Encoding: gzip,deflate
{"name":"Bingo3","type":"Perro","age":1}

19:31:00.865 [pool-2-thread-3] DEBUG com.intuit.karate - request:
1 > POST http://localhost:3000/pets
1 > Content-Type: application/json; charset=UTF-8
1 > Content-Length: 40
1 > Host: localhost:3000
1 > Connection: Keep-Alive
1 > User-Agent: Apache-HttpClient/4.5.14 (Java/21)
1 > Accept-Encoding: gzip,deflate
{"name":"Bingo3","type":"Perro","age":1}

19:31:00.865 [pool-2-thread-1] DEBUG com.intuit.karate - request:
1 > POST http://localhost:3000/pets
1 > Content-Type: application/json; charset=UTF-8
1 > Content-Length: 40
1 > Host: localhost:3000
1 > Connection: Keep-Alive
1 > User-Agent: Apache-HttpClient/4.5.14 (Java/21)
1 > Accept-Encoding: gzip,deflate
{"name":"Bingo3","type":"Perro","age":1}

19:31:00.865 [pool-2-thread-5] DEBUG com.intuit.karate - request:
1 > POST http://localhost:3000/pets
1 > Content-Type: application/json; charset=UTF-8
1 > Content-Length: 40
1 > Host: localhost:3000
1 > Connection: Keep-Alive
1 > User-Agent: Apache-HttpClient/4.5.14 (Java/21)
1 > Accept-Encoding: gzip,deflate
{"name":"Bingo3","type":"Perro","age":1}

19:31:00.892 [pool-2-thread-2] DEBUG com.intuit.karate - response time in milliseconds: 27
1 < 201
1 < X-Powered-By: Express
1 < Content-Type: application/json; charset=utf-8
1 < Content-Length: 111
1 < ETag: W/"6f-6oIsz/Skog2TMSBfA+aMrpmGy00"
1 < Date: Fri, 14 Aug 2026 00:31:00 GMT
1 < Connection: keep-alive
1 < Keep-Alive: timeout=5
{"status":"success","message":"Pet created","data":{"id":1786667460887,"name":"Bingo3","type":"Perro","age":1}}

19:31:00.898 [pool-2-thread-5] DEBUG com.intuit.karate - response time in milliseconds: 33
1 < 201
1 < X-Powered-By: Express
1 < Content-Type: application/json; charset=utf-8
1 < Content-Length: 111
1 < ETag: W/"6f-emgr1Q0hrR+94tek1mq/2MzVa+k"
1 < Date: Fri, 14 Aug 2026 00:31:00 GMT
1 < Connection: keep-alive
1 < Keep-Alive: timeout=5
{"status":"success","message":"Pet created","data":{"id":1786667460897,"name":"Bingo3","type":"Perro","age":1}}

19:31:00.914 [pool-2-thread-3] DEBUG com.intuit.karate - response time in milliseconds: 49
1 < 201
1 < X-Powered-By: Express
1 < Content-Type: application/json; charset=utf-8
1 < Content-Length: 111
1 < ETag: W/"6f-f/ALwxQpbSVsG598eVCuwqqN5LU"
1 < Date: Fri, 14 Aug 2026 00:31:00 GMT
1 < Connection: keep-alive
1 < Keep-Alive: timeout=5
{"status":"success","message":"Pet created","data":{"id":1786667460911,"name":"Bingo3","type":"Perro","age":1}}

19:31:00.923 [pool-2-thread-1] DEBUG com.intuit.karate - response time in milliseconds: 58
1 < 201
1 < X-Powered-By: Express
1 < Content-Type: application/json; charset=utf-8
1 < Content-Length: 111
1 < ETag: W/"6f-5kIoo9FYWBklv64ERtYtWTH2gyw"
1 < Date: Fri, 14 Aug 2026 00:31:00 GMT
1 < Connection: keep-alive
1 < Keep-Alive: timeout=5
{"status":"success","message":"Pet created","data":{"id":1786667460921,"name":"Bingo3","type":"Perro","age":1}}

19:31:00.926 [pool-2-thread-5] DEBUG com.intuit.karate - request:
2 > DELETE http://localhost:3000/pets/1786667460897
2 > Host: localhost:3000
2 > Connection: Keep-Alive
2 > User-Agent: Apache-HttpClient/4.5.14 (Java/21)
2 > Accept-Encoding: gzip,deflate


19:31:00.926 [pool-2-thread-2] DEBUG com.intuit.karate - request:
2 > GET http://localhost:3000/pets/1786667460887
2 > Host: localhost:3000
2 > Connection: Keep-Alive
2 > User-Agent: Apache-HttpClient/4.5.14 (Java/21)
2 > Accept-Encoding: gzip,deflate


19:31:00.926 [pool-2-thread-3] DEBUG com.intuit.karate - request:
2 > PUT http://localhost:3000/pets/1786667460911
2 > Content-Type: application/json; charset=UTF-8
2 > Content-Length: 40
2 > Host: localhost:3000
2 > Connection: Keep-Alive
2 > User-Agent: Apache-HttpClient/4.5.14 (Java/21)
2 > Accept-Encoding: gzip,deflate
{"name":"Bingo8","type":"Gato","age":10}

19:31:00.936 [pool-2-thread-4] DEBUG com.intuit.karate - response time in milliseconds: 71
1 < 201
1 < X-Powered-By: Express
1 < Content-Type: application/json; charset=utf-8
1 < Content-Length: 111
1 < ETag: W/"6f-AzXK62BRC2GwCHUzj4Wk2AKyH+U"
1 < Date: Fri, 14 Aug 2026 00:31:00 GMT
1 < Connection: keep-alive
1 < Keep-Alive: timeout=5
{"status":"success","message":"Pet created","data":{"id":1786667460934,"name":"Bingo3","type":"Perro","age":1}}

19:31:00.942 [pool-2-thread-4] DEBUG com.intuit.karate - request:
2 > PATCH http://localhost:3000/pets/1786667460934
2 > Content-Type: application/json; charset=UTF-8
2 > Content-Length: 16
2 > Host: localhost:3000
2 > Connection: Keep-Alive
2 > User-Agent: Apache-HttpClient/4.5.14 (Java/21)
2 > Accept-Encoding: gzip,deflate
{"name":"Bluey"}

19:31:00.944 [pool-2-thread-3] DEBUG com.intuit.karate - response time in milliseconds: 18
2 < 200
2 < X-Powered-By: Express
2 < Content-Type: application/json; charset=utf-8
2 < Content-Length: 111
2 < ETag: W/"6f-5VA3pCo4CkXWRUWDSmHX1sbIXmk"
2 < Date: Fri, 14 Aug 2026 00:31:00 GMT
2 < Connection: keep-alive
2 < Keep-Alive: timeout=5
{"status":"success","message":"Pet updated","data":{"id":1786667460911,"name":"Bingo8","type":"Gato","age":10}}

19:31:00.944 [pool-2-thread-1] INFO  com.intuit.karate - karate.env system property was: null 
19:31:00.954 [pool-2-thread-3] INFO  com.intuit.karate - karate.env system property was: null 
19:31:00.959 [pool-2-thread-5] DEBUG com.intuit.karate - response time in milliseconds: 33
2 < 204
2 < X-Powered-By: Express
2 < ETag: W/"38-wb8iw8b8FsxeeJAkWfcWHgal72I"
2 < Date: Fri, 14 Aug 2026 00:31:00 GMT
2 < Connection: keep-alive
2 < Keep-Alive: timeout=5


19:31:00.965 [pool-2-thread-1] DEBUG com.intuit.karate - request:
1 > GET http://localhost:3000/protected-basic
1 > Authorization: Basic YWRtaW46cGFzc3dvcmQxMjM=
1 > Host: localhost:3000
1 > Connection: Keep-Alive
1 > User-Agent: Apache-HttpClient/4.5.14 (Java/21)
1 > Accept-Encoding: gzip,deflate


19:31:00.965 [pool-2-thread-3] DEBUG com.intuit.karate - request:
1 > GET http://localhost:3000/protected-basic
1 > Authorization: Basic YWRtaW46cGFzc3dvcmQxMjQ=
1 > Host: localhost:3000
1 > Connection: Keep-Alive
1 > User-Agent: Apache-HttpClient/4.5.14 (Java/21)
1 > Accept-Encoding: gzip,deflate


19:31:00.965 [pool-2-thread-5] INFO  com.intuit.karate - karate.env system property was: null 
19:31:00.965 [pool-2-thread-5] DEBUG com.intuit.karate - request:
1 > POST http://localhost:3000/login
1 > Content-Type: application/json; charset=UTF-8
1 > Content-Length: 25
1 > Host: localhost:3000
1 > Connection: Keep-Alive
1 > User-Agent: Apache-HttpClient/4.5.14 (Java/21)
1 > Accept-Encoding: gzip,deflate
{"username":"automation"}

19:31:00.965 [pool-2-thread-2] DEBUG com.intuit.karate - response time in milliseconds: 39
2 < 200
2 < X-Powered-By: Express
2 < Content-Type: application/json; charset=utf-8
2 < Content-Length: 109
2 < ETag: W/"6d-nwOf1bpII2EJvGyquPWPm72nCX8"
2 < Date: Fri, 14 Aug 2026 00:31:00 GMT
2 < Connection: keep-alive
2 < Keep-Alive: timeout=5
{"status":"success","message":"Pet found","data":{"id":1786667460887,"name":"Bingo3","type":"Perro","age":1}}

19:31:00.965 [pool-2-thread-4] DEBUG com.intuit.karate - response time in milliseconds: 23
2 < 200
2 < X-Powered-By: Express
2 < Content-Type: application/json; charset=utf-8
2 < Content-Length: 123
2 < ETag: W/"7b-FPS5QbHXTxz93LCpW9ia2YzORLo"
2 < Date: Fri, 14 Aug 2026 00:31:00 GMT
2 < Connection: keep-alive
2 < Keep-Alive: timeout=5
{"status":"success","message":"Pet updated successfully","data":{"id":1786667460934,"name":"Bluey","type":"Perro","age":1}}

19:31:00.974 [pool-2-thread-1] DEBUG com.intuit.karate - response time in milliseconds: 0
1 < 200
1 < X-Powered-By: Express
1 < Content-Type: text/html; charset=utf-8
1 < Content-Length: 52
1 < ETag: W/"34-5hLxTCL454xXrj8Ihw5i3VJ+tlg"
1 < Date: Fri, 14 Aug 2026 00:31:00 GMT
1 < Connection: keep-alive
1 < Keep-Alive: timeout=5
Hello admin, you have accessed a protected endpoint!

19:31:00.976 [pool-2-thread-5] DEBUG com.intuit.karate - response time in milliseconds: 11
1 < 200
1 < X-Powered-By: Express
1 < Content-Type: application/json; charset=utf-8
1 < Content-Length: 206
1 < ETag: W/"ce-iPrFXm1biSPNpYtZF29s6UHldUU"
1 < Date: Fri, 14 Aug 2026 00:31:00 GMT
1 < Connection: keep-alive
1 < Keep-Alive: timeout=5
{"status":"success","message":"Token generated","data":{"accessToken":"eyJhbGciOiJIUzI1NiIsInR5cCI6IkpXVCJ9.eyJuYW1lIjoiYXV0b21hdGlvbiIsImlhdCI6MTc4NjY2NzQ2MH0.z6ADQxI1_Il2UnXiLOto0q6KOVcViFT2diVnlPxnvTA"}}

19:31:00.976 [pool-2-thread-3] DEBUG com.intuit.karate - response time in milliseconds: 11
1 < 401
1 < X-Powered-By: Express
1 < WWW-Authenticate: Basic realm="example"
1 < Content-Type: text/plain; charset=utf-8
1 < Content-Length: 12
1 < ETag: W/"c-dAuDFQrdjS3hezqxDTNgW7AOlYk"
1 < Date: Fri, 14 Aug 2026 00:31:00 GMT
1 < Connection: keep-alive
1 < Keep-Alive: timeout=5
Unauthorized

19:31:00.980 [pool-2-thread-5] DEBUG com.intuit.karate - request:
2 > GET http://localhost:3000/protected-bearer
2 > Authorization: Bearer eyJhbGciOiJIUzI1NiIsInR5cCI6IkpXVCJ9.eyJuYW1lIjoiYXV0b21hdGlvbiIsImlhdCI6MTc4NjY2NzQ2MH0.z6ADQxI1_Il2UnXiLOto0q6KOVcViFT2diVnlPxnvTA
2 > Host: localhost:3000
2 > Connection: Keep-Alive
2 > User-Agent: Apache-HttpClient/4.5.14 (Java/21)
2 > Accept-Encoding: gzip,deflate


19:31:00.980 [pool-2-thread-5] DEBUG com.intuit.karate - response time in milliseconds: 0
2 < 200
2 < X-Powered-By: Express
2 < Content-Type: text/html; charset=utf-8
2 < Content-Length: 57
2 < ETag: W/"39-T/2gA1KPPGj1Zs8TUFoCRZwYXuM"
2 < Date: Fri, 14 Aug 2026 00:31:00 GMT
2 < Connection: keep-alive
2 < Keep-Alive: timeout=5
Hello automation, you have accessed a protected endpoint!

19:31:01.579 [pool-3-thread-1] INFO  com.intuit.karate.Suite - <<pass>> feature 1 of 1 (0 remaining) classpath:examples/pets/pets.feature
19:39:30.313 [main] DEBUG com.intuit.karate.Suite - [config] classpath:karate-config.js
19:39:30.330 [main] INFO  com.intuit.karate.Suite - backed up existing 'target\karate-reports' dir to: target\karate-reports_1786667970330
19:39:31.160 [pool-2-thread-2] ERROR com.intuit.karate - classpath:examples/pets/pets.feature:16
Given url "http://localhost:3000/pets"
>> classpath:examples/pets/pets.feature:15
>> karate-config.js failed
>> js failed:
>>>>
01: (function fn() {
02:   var env = karate.env; // get system property 'karate.env'
03:   karate.log('karate.env system property was:', env);
04:   if (!env) {
05:     env = 'dev';
06:   }
07:   var config = {
08:     env: env,
09:     myVarName: 'someValue',
10:     baseUrl: 'http://localhost:3000'
11:     apiKey: karate.properties['apiKey']
12:   }
13:   if (env == 'dev') {
14:     // customize
15:     // e.g. config.foo = 'bar';
16:   } else if (env == 'e2e') {
17:     config.baseUrl = 'http://e2e.localhost:3000'
18:     // customize
19:   }
20:   return config;
21: })
<<<<
org.graalvm.polyglot.PolyglotException: SyntaxError: Unnamed:11:4 Expected comma but found ident
    apiKey: karate.properties['apiKey']
    ^
Unnamed:13:2 Expected ) but found if
  if (env == 'dev') {
  ^
Unnamed:16:2 Expected eof but found }
  } else if (env == 'e2e') {
  ^

- org.graalvm.polyglot.Context.eval(Context.java:428)
- com.intuit.karate.graal.JsEngine.evalForValue(JsEngine.java:169)
- com.intuit.karate.graal.JsEngine.eval(JsEngine.java:165)
- com.intuit.karate.core.ScenarioEngine.evalJs(ScenarioEngine.java:1252)
- com.intuit.karate.core.ScenarioRuntime.evalConfigJs(ScenarioRuntime.java:296)
- com.intuit.karate.core.ScenarioRuntime.beforeRun(ScenarioRuntime.java:371)
- com.intuit.karate.core.ScenarioRuntime.run(ScenarioRuntime.java:390)

js failed:
>>>>
01: function fn() {
02:   var env = karate.env; // get system property 'karate.env'
03:   karate.log('karate.env system property was:', env);
04:   if (!env) {
05:     env = 'dev';
06:   }
07:   var config = {
08:     env: env,
09:     myVarName: 'someValue',
10:     baseUrl: 'http://localhost:3000'
11:     apiKey: karate.properties['apiKey']
12:   }
13:   if (env == 'dev') {
14:     // customize
15:     // e.g. config.foo = 'bar';
16:   } else if (env == 'e2e') {
17:     config.baseUrl = 'http://e2e.localhost:3000'
18:     // customize
19:   }
20:   return config;
21: }
<<<<
com.intuit.karate.KarateException: js failed:
>>>>
01: (function fn() {
02:   var env = karate.env; // get system property 'karate.env'
03:   karate.log('karate.env system property was:', env);
04:   if (!env) {
05:     env = 'dev';
06:   }
07:   var config = {
08:     env: env,
09:     myVarName: 'someValue',
10:     baseUrl: 'http://localhost:3000'
11:     apiKey: karate.properties['apiKey']
12:   }
13:   if (env == 'dev') {
14:     // customize
15:     // e.g. config.foo = 'bar';
16:   } else if (env == 'e2e') {
17:     config.baseUrl = 'http://e2e.localhost:3000'
18:     // customize
19:   }
20:   return config;
21: })
<<<<
org.graalvm.polyglot.PolyglotException: SyntaxError: Unnamed:11:4 Expected comma but found ident
    apiKey: karate.properties['apiKey']
    ^
Unnamed:13:2 Expected ) but found if
  if (env == 'dev') {
  ^
Unnamed:16:2 Expected eof but found }
  } else if (env == 'e2e') {
  ^

- org.graalvm.polyglot.Context.eval(Context.java:428)
- com.intuit.karate.graal.JsEngine.evalForValue(JsEngine.java:169)
- com.intuit.karate.graal.JsEngine.eval(JsEngine.java:165)
- com.intuit.karate.core.ScenarioEngine.evalJs(ScenarioEngine.java:1252)
- com.intuit.karate.core.ScenarioRuntime.evalConfigJs(ScenarioRuntime.java:296)
- com.intuit.karate.core.ScenarioRuntime.beforeRun(ScenarioRuntime.java:371)
- com.intuit.karate.core.ScenarioRuntime.run(ScenarioRuntime.java:390)

- com.intuit.karate.graal.JsEngine.fromJsEvalException(JsEngine.java:253)
- com.intuit.karate.core.ScenarioEngine.evalJs(ScenarioEngine.java:1254)
- com.intuit.karate.core.ScenarioRuntime.evalConfigJs(ScenarioRuntime.java:296)
- com.intuit.karate.core.ScenarioRuntime.beforeRun(ScenarioRuntime.java:371)
- com.intuit.karate.core.ScenarioRuntime.run(ScenarioRuntime.java:390)
- com.intuit.karate.core.FeatureRuntime.processScenario(FeatureRuntime.java:193)
- com.intuit.karate.core.FeatureRuntime$1.process(FeatureRuntime.java:140)

classpath:examples/pets/pets.feature:16
19:39:31.160 [pool-2-thread-1] ERROR com.intuit.karate - classpath:examples/pets/pets.feature:5
Given url baseUrl
>> classpath:examples/pets/pets.feature:3
>> karate-config.js failed
>> js failed:
>>>>
01: (function fn() {
02:   var env = karate.env; // get system property 'karate.env'
03:   karate.log('karate.env system property was:', env);
04:   if (!env) {
05:     env = 'dev';
06:   }
07:   var config = {
08:     env: env,
09:     myVarName: 'someValue',
10:     baseUrl: 'http://localhost:3000'
11:     apiKey: karate.properties['apiKey']
12:   }
13:   if (env == 'dev') {
14:     // customize
15:     // e.g. config.foo = 'bar';
16:   } else if (env == 'e2e') {
17:     config.baseUrl = 'http://e2e.localhost:3000'
18:     // customize
19:   }
20:   return config;
21: })
<<<<
org.graalvm.polyglot.PolyglotException: SyntaxError: Unnamed:11:4 Expected comma but found ident
    apiKey: karate.properties['apiKey']
    ^
Unnamed:13:2 Expected ) but found if
  if (env == 'dev') {
  ^
Unnamed:16:2 Expected eof but found }
  } else if (env == 'e2e') {
  ^

- org.graalvm.polyglot.Context.eval(Context.java:428)
- com.intuit.karate.graal.JsEngine.evalForValue(JsEngine.java:169)
- com.intuit.karate.graal.JsEngine.eval(JsEngine.java:165)
- com.intuit.karate.core.ScenarioEngine.evalJs(ScenarioEngine.java:1252)
- com.intuit.karate.core.ScenarioRuntime.evalConfigJs(ScenarioRuntime.java:296)
- com.intuit.karate.core.ScenarioRuntime.beforeRun(ScenarioRuntime.java:371)
- com.intuit.karate.core.ScenarioRuntime.run(ScenarioRuntime.java:390)

js failed:
>>>>
01: function fn() {
02:   var env = karate.env; // get system property 'karate.env'
03:   karate.log('karate.env system property was:', env);
04:   if (!env) {
05:     env = 'dev';
06:   }
07:   var config = {
08:     env: env,
09:     myVarName: 'someValue',
10:     baseUrl: 'http://localhost:3000'
11:     apiKey: karate.properties['apiKey']
12:   }
13:   if (env == 'dev') {
14:     // customize
15:     // e.g. config.foo = 'bar';
16:   } else if (env == 'e2e') {
17:     config.baseUrl = 'http://e2e.localhost:3000'
18:     // customize
19:   }
20:   return config;
21: }
<<<<
com.intuit.karate.KarateException: js failed:
>>>>
01: (function fn() {
02:   var env = karate.env; // get system property 'karate.env'
03:   karate.log('karate.env system property was:', env);
04:   if (!env) {
05:     env = 'dev';
06:   }
07:   var config = {
08:     env: env,
09:     myVarName: 'someValue',
10:     baseUrl: 'http://localhost:3000'
11:     apiKey: karate.properties['apiKey']
12:   }
13:   if (env == 'dev') {
14:     // customize
15:     // e.g. config.foo = 'bar';
16:   } else if (env == 'e2e') {
17:     config.baseUrl = 'http://e2e.localhost:3000'
18:     // customize
19:   }
20:   return config;
21: })
<<<<
org.graalvm.polyglot.PolyglotException: SyntaxError: Unnamed:11:4 Expected comma but found ident
    apiKey: karate.properties['apiKey']
    ^
Unnamed:13:2 Expected ) but found if
  if (env == 'dev') {
  ^
Unnamed:16:2 Expected eof but found }
  } else if (env == 'e2e') {
  ^

- org.graalvm.polyglot.Context.eval(Context.java:428)
- com.intuit.karate.graal.JsEngine.evalForValue(JsEngine.java:169)
- com.intuit.karate.graal.JsEngine.eval(JsEngine.java:165)
- com.intuit.karate.core.ScenarioEngine.evalJs(ScenarioEngine.java:1252)
- com.intuit.karate.core.ScenarioRuntime.evalConfigJs(ScenarioRuntime.java:296)
- com.intuit.karate.core.ScenarioRuntime.beforeRun(ScenarioRuntime.java:371)
- com.intuit.karate.core.ScenarioRuntime.run(ScenarioRuntime.java:390)

- com.intuit.karate.graal.JsEngine.fromJsEvalException(JsEngine.java:253)
- com.intuit.karate.core.ScenarioEngine.evalJs(ScenarioEngine.java:1254)
- com.intuit.karate.core.ScenarioRuntime.evalConfigJs(ScenarioRuntime.java:296)
- com.intuit.karate.core.ScenarioRuntime.beforeRun(ScenarioRuntime.java:371)
- com.intuit.karate.core.ScenarioRuntime.run(ScenarioRuntime.java:390)
- com.intuit.karate.core.FeatureRuntime.processScenario(FeatureRuntime.java:193)
- com.intuit.karate.core.FeatureRuntime$1.process(FeatureRuntime.java:140)

classpath:examples/pets/pets.feature:5
19:39:31.160 [pool-2-thread-3] ERROR com.intuit.karate - classpath:examples/pets/pets.feature:26
Given url "http://localhost:3000/pets"
>> classpath:examples/pets/pets.feature:25
>> karate-config.js failed
>> js failed:
>>>>
01: (function fn() {
02:   var env = karate.env; // get system property 'karate.env'
03:   karate.log('karate.env system property was:', env);
04:   if (!env) {
05:     env = 'dev';
06:   }
07:   var config = {
08:     env: env,
09:     myVarName: 'someValue',
10:     baseUrl: 'http://localhost:3000'
11:     apiKey: karate.properties['apiKey']
12:   }
13:   if (env == 'dev') {
14:     // customize
15:     // e.g. config.foo = 'bar';
16:   } else if (env == 'e2e') {
17:     config.baseUrl = 'http://e2e.localhost:3000'
18:     // customize
19:   }
20:   return config;
21: })
<<<<
org.graalvm.polyglot.PolyglotException: SyntaxError: Unnamed:11:4 Expected comma but found ident
    apiKey: karate.properties['apiKey']
    ^
Unnamed:13:2 Expected ) but found if
  if (env == 'dev') {
  ^
Unnamed:16:2 Expected eof but found }
  } else if (env == 'e2e') {
  ^

- org.graalvm.polyglot.Context.eval(Context.java:428)
- com.intuit.karate.graal.JsEngine.evalForValue(JsEngine.java:169)
- com.intuit.karate.graal.JsEngine.eval(JsEngine.java:165)
- com.intuit.karate.core.ScenarioEngine.evalJs(ScenarioEngine.java:1252)
- com.intuit.karate.core.ScenarioRuntime.evalConfigJs(ScenarioRuntime.java:296)
- com.intuit.karate.core.ScenarioRuntime.beforeRun(ScenarioRuntime.java:371)
- com.intuit.karate.core.ScenarioRuntime.run(ScenarioRuntime.java:390)

js failed:
>>>>
01: function fn() {
02:   var env = karate.env; // get system property 'karate.env'
03:   karate.log('karate.env system property was:', env);
04:   if (!env) {
05:     env = 'dev';
06:   }
07:   var config = {
08:     env: env,
09:     myVarName: 'someValue',
10:     baseUrl: 'http://localhost:3000'
11:     apiKey: karate.properties['apiKey']
12:   }
13:   if (env == 'dev') {
14:     // customize
15:     // e.g. config.foo = 'bar';
16:   } else if (env == 'e2e') {
17:     config.baseUrl = 'http://e2e.localhost:3000'
18:     // customize
19:   }
20:   return config;
21: }
<<<<
com.intuit.karate.KarateException: js failed:
>>>>
01: (function fn() {
02:   var env = karate.env; // get system property 'karate.env'
03:   karate.log('karate.env system property was:', env);
04:   if (!env) {
05:     env = 'dev';
06:   }
07:   var config = {
08:     env: env,
09:     myVarName: 'someValue',
10:     baseUrl: 'http://localhost:3000'
11:     apiKey: karate.properties['apiKey']
12:   }
13:   if (env == 'dev') {
14:     // customize
15:     // e.g. config.foo = 'bar';
16:   } else if (env == 'e2e') {
17:     config.baseUrl = 'http://e2e.localhost:3000'
18:     // customize
19:   }
20:   return config;
21: })
<<<<
org.graalvm.polyglot.PolyglotException: SyntaxError: Unnamed:11:4 Expected comma but found ident
    apiKey: karate.properties['apiKey']
    ^
Unnamed:13:2 Expected ) but found if
  if (env == 'dev') {
  ^
Unnamed:16:2 Expected eof but found }
  } else if (env == 'e2e') {
  ^

- org.graalvm.polyglot.Context.eval(Context.java:428)
- com.intuit.karate.graal.JsEngine.evalForValue(JsEngine.java:169)
- com.intuit.karate.graal.JsEngine.eval(JsEngine.java:165)
- com.intuit.karate.core.ScenarioEngine.evalJs(ScenarioEngine.java:1252)
- com.intuit.karate.core.ScenarioRuntime.evalConfigJs(ScenarioRuntime.java:296)
- com.intuit.karate.core.ScenarioRuntime.beforeRun(ScenarioRuntime.java:371)
- com.intuit.karate.core.ScenarioRuntime.run(ScenarioRuntime.java:390)

- com.intuit.karate.graal.JsEngine.fromJsEvalException(JsEngine.java:253)
- com.intuit.karate.core.ScenarioEngine.evalJs(ScenarioEngine.java:1254)
- com.intuit.karate.core.ScenarioRuntime.evalConfigJs(ScenarioRuntime.java:296)
- com.intuit.karate.core.ScenarioRuntime.beforeRun(ScenarioRuntime.java:371)
- com.intuit.karate.core.ScenarioRuntime.run(ScenarioRuntime.java:390)
- com.intuit.karate.core.FeatureRuntime.processScenario(FeatureRuntime.java:193)
- com.intuit.karate.core.FeatureRuntime$1.process(FeatureRuntime.java:140)

classpath:examples/pets/pets.feature:26
19:39:31.160 [pool-2-thread-5] ERROR com.intuit.karate - classpath:examples/pets/pets.feature:51
Given url "http://localhost:3000/pets"
>> classpath:examples/pets/pets.feature:50
>> karate-config.js failed
>> js failed:
>>>>
01: (function fn() {
02:   var env = karate.env; // get system property 'karate.env'
03:   karate.log('karate.env system property was:', env);
04:   if (!env) {
05:     env = 'dev';
06:   }
07:   var config = {
08:     env: env,
09:     myVarName: 'someValue',
10:     baseUrl: 'http://localhost:3000'
11:     apiKey: karate.properties['apiKey']
12:   }
13:   if (env == 'dev') {
14:     // customize
15:     // e.g. config.foo = 'bar';
16:   } else if (env == 'e2e') {
17:     config.baseUrl = 'http://e2e.localhost:3000'
18:     // customize
19:   }
20:   return config;
21: })
<<<<
org.graalvm.polyglot.PolyglotException: SyntaxError: Unnamed:11:4 Expected comma but found ident
    apiKey: karate.properties['apiKey']
    ^
Unnamed:13:2 Expected ) but found if
  if (env == 'dev') {
  ^
Unnamed:16:2 Expected eof but found }
  } else if (env == 'e2e') {
  ^

- org.graalvm.polyglot.Context.eval(Context.java:428)
- com.intuit.karate.graal.JsEngine.evalForValue(JsEngine.java:169)
- com.intuit.karate.graal.JsEngine.eval(JsEngine.java:165)
- com.intuit.karate.core.ScenarioEngine.evalJs(ScenarioEngine.java:1252)
- com.intuit.karate.core.ScenarioRuntime.evalConfigJs(ScenarioRuntime.java:296)
- com.intuit.karate.core.ScenarioRuntime.beforeRun(ScenarioRuntime.java:371)
- com.intuit.karate.core.ScenarioRuntime.run(ScenarioRuntime.java:390)

js failed:
>>>>
01: function fn() {
02:   var env = karate.env; // get system property 'karate.env'
03:   karate.log('karate.env system property was:', env);
04:   if (!env) {
05:     env = 'dev';
06:   }
07:   var config = {
08:     env: env,
09:     myVarName: 'someValue',
10:     baseUrl: 'http://localhost:3000'
11:     apiKey: karate.properties['apiKey']
12:   }
13:   if (env == 'dev') {
14:     // customize
15:     // e.g. config.foo = 'bar';
16:   } else if (env == 'e2e') {
17:     config.baseUrl = 'http://e2e.localhost:3000'
18:     // customize
19:   }
20:   return config;
21: }
<<<<
com.intuit.karate.KarateException: js failed:
>>>>
01: (function fn() {
02:   var env = karate.env; // get system property 'karate.env'
03:   karate.log('karate.env system property was:', env);
04:   if (!env) {
05:     env = 'dev';
06:   }
07:   var config = {
08:     env: env,
09:     myVarName: 'someValue',
10:     baseUrl: 'http://localhost:3000'
11:     apiKey: karate.properties['apiKey']
12:   }
13:   if (env == 'dev') {
14:     // customize
15:     // e.g. config.foo = 'bar';
16:   } else if (env == 'e2e') {
17:     config.baseUrl = 'http://e2e.localhost:3000'
18:     // customize
19:   }
20:   return config;
21: })
<<<<
org.graalvm.polyglot.PolyglotException: SyntaxError: Unnamed:11:4 Expected comma but found ident
    apiKey: karate.properties['apiKey']
    ^
Unnamed:13:2 Expected ) but found if
  if (env == 'dev') {
  ^
Unnamed:16:2 Expected eof but found }
  } else if (env == 'e2e') {
  ^

- org.graalvm.polyglot.Context.eval(Context.java:428)
- com.intuit.karate.graal.JsEngine.evalForValue(JsEngine.java:169)
- com.intuit.karate.graal.JsEngine.eval(JsEngine.java:165)
- com.intuit.karate.core.ScenarioEngine.evalJs(ScenarioEngine.java:1252)
- com.intuit.karate.core.ScenarioRuntime.evalConfigJs(ScenarioRuntime.java:296)
- com.intuit.karate.core.ScenarioRuntime.beforeRun(ScenarioRuntime.java:371)
- com.intuit.karate.core.ScenarioRuntime.run(ScenarioRuntime.java:390)

- com.intuit.karate.graal.JsEngine.fromJsEvalException(JsEngine.java:253)
- com.intuit.karate.core.ScenarioEngine.evalJs(ScenarioEngine.java:1254)
- com.intuit.karate.core.ScenarioRuntime.evalConfigJs(ScenarioRuntime.java:296)
- com.intuit.karate.core.ScenarioRuntime.beforeRun(ScenarioRuntime.java:371)
- com.intuit.karate.core.ScenarioRuntime.run(ScenarioRuntime.java:390)
- com.intuit.karate.core.FeatureRuntime.processScenario(FeatureRuntime.java:193)
- com.intuit.karate.core.FeatureRuntime$1.process(FeatureRuntime.java:140)

classpath:examples/pets/pets.feature:51
19:39:31.160 [pool-2-thread-4] ERROR com.intuit.karate - classpath:examples/pets/pets.feature:39
Given url "http://localhost:3000/pets"
>> classpath:examples/pets/pets.feature:38
>> karate-config.js failed
>> js failed:
>>>>
01: (function fn() {
02:   var env = karate.env; // get system property 'karate.env'
03:   karate.log('karate.env system property was:', env);
04:   if (!env) {
05:     env = 'dev';
06:   }
07:   var config = {
08:     env: env,
09:     myVarName: 'someValue',
10:     baseUrl: 'http://localhost:3000'
11:     apiKey: karate.properties['apiKey']
12:   }
13:   if (env == 'dev') {
14:     // customize
15:     // e.g. config.foo = 'bar';
16:   } else if (env == 'e2e') {
17:     config.baseUrl = 'http://e2e.localhost:3000'
18:     // customize
19:   }
20:   return config;
21: })
<<<<
org.graalvm.polyglot.PolyglotException: SyntaxError: Unnamed:11:4 Expected comma but found ident
    apiKey: karate.properties['apiKey']
    ^
Unnamed:13:2 Expected ) but found if
  if (env == 'dev') {
  ^
Unnamed:16:2 Expected eof but found }
  } else if (env == 'e2e') {
  ^

- org.graalvm.polyglot.Context.eval(Context.java:428)
- com.intuit.karate.graal.JsEngine.evalForValue(JsEngine.java:169)
- com.intuit.karate.graal.JsEngine.eval(JsEngine.java:165)
- com.intuit.karate.core.ScenarioEngine.evalJs(ScenarioEngine.java:1252)
- com.intuit.karate.core.ScenarioRuntime.evalConfigJs(ScenarioRuntime.java:296)
- com.intuit.karate.core.ScenarioRuntime.beforeRun(ScenarioRuntime.java:371)
- com.intuit.karate.core.ScenarioRuntime.run(ScenarioRuntime.java:390)

js failed:
>>>>
01: function fn() {
02:   var env = karate.env; // get system property 'karate.env'
03:   karate.log('karate.env system property was:', env);
04:   if (!env) {
05:     env = 'dev';
06:   }
07:   var config = {
08:     env: env,
09:     myVarName: 'someValue',
10:     baseUrl: 'http://localhost:3000'
11:     apiKey: karate.properties['apiKey']
12:   }
13:   if (env == 'dev') {
14:     // customize
15:     // e.g. config.foo = 'bar';
16:   } else if (env == 'e2e') {
17:     config.baseUrl = 'http://e2e.localhost:3000'
18:     // customize
19:   }
20:   return config;
21: }
<<<<
com.intuit.karate.KarateException: js failed:
>>>>
01: (function fn() {
02:   var env = karate.env; // get system property 'karate.env'
03:   karate.log('karate.env system property was:', env);
04:   if (!env) {
05:     env = 'dev';
06:   }
07:   var config = {
08:     env: env,
09:     myVarName: 'someValue',
10:     baseUrl: 'http://localhost:3000'
11:     apiKey: karate.properties['apiKey']
12:   }
13:   if (env == 'dev') {
14:     // customize
15:     // e.g. config.foo = 'bar';
16:   } else if (env == 'e2e') {
17:     config.baseUrl = 'http://e2e.localhost:3000'
18:     // customize
19:   }
20:   return config;
21: })
<<<<
org.graalvm.polyglot.PolyglotException: SyntaxError: Unnamed:11:4 Expected comma but found ident
    apiKey: karate.properties['apiKey']
    ^
Unnamed:13:2 Expected ) but found if
  if (env == 'dev') {
  ^
Unnamed:16:2 Expected eof but found }
  } else if (env == 'e2e') {
  ^

- org.graalvm.polyglot.Context.eval(Context.java:428)
- com.intuit.karate.graal.JsEngine.evalForValue(JsEngine.java:169)
- com.intuit.karate.graal.JsEngine.eval(JsEngine.java:165)
- com.intuit.karate.core.ScenarioEngine.evalJs(ScenarioEngine.java:1252)
- com.intuit.karate.core.ScenarioRuntime.evalConfigJs(ScenarioRuntime.java:296)
- com.intuit.karate.core.ScenarioRuntime.beforeRun(ScenarioRuntime.java:371)
- com.intuit.karate.core.ScenarioRuntime.run(ScenarioRuntime.java:390)

- com.intuit.karate.graal.JsEngine.fromJsEvalException(JsEngine.java:253)
- com.intuit.karate.core.ScenarioEngine.evalJs(ScenarioEngine.java:1254)
- com.intuit.karate.core.ScenarioRuntime.evalConfigJs(ScenarioRuntime.java:296)
- com.intuit.karate.core.ScenarioRuntime.beforeRun(ScenarioRuntime.java:371)
- com.intuit.karate.core.ScenarioRuntime.run(ScenarioRuntime.java:390)
- com.intuit.karate.core.FeatureRuntime.processScenario(FeatureRuntime.java:193)
- com.intuit.karate.core.FeatureRuntime$1.process(FeatureRuntime.java:140)

classpath:examples/pets/pets.feature:39
19:39:31.160 [pool-2-thread-2] ERROR com.intuit.karate - classpath:examples/pets/pets.feature:17
And request { "name": "Bingo3", "type": "Perro", "age": 1}
>> classpath:examples/pets/pets.feature:15
>> karate-config.js failed
>> js failed:
>>>>
01: (function fn() {
02:   var env = karate.env; // get system property 'karate.env'
03:   karate.log('karate.env system property was:', env);
04:   if (!env) {
05:     env = 'dev';
06:   }
07:   var config = {
08:     env: env,
09:     myVarName: 'someValue',
10:     baseUrl: 'http://localhost:3000'
11:     apiKey: karate.properties['apiKey']
12:   }
13:   if (env == 'dev') {
14:     // customize
15:     // e.g. config.foo = 'bar';
16:   } else if (env == 'e2e') {
17:     config.baseUrl = 'http://e2e.localhost:3000'
18:     // customize
19:   }
20:   return config;
21: })
<<<<
org.graalvm.polyglot.PolyglotException: SyntaxError: Unnamed:11:4 Expected comma but found ident
    apiKey: karate.properties['apiKey']
    ^
Unnamed:13:2 Expected ) but found if
  if (env == 'dev') {
  ^
Unnamed:16:2 Expected eof but found }
  } else if (env == 'e2e') {
  ^

- org.graalvm.polyglot.Context.eval(Context.java:428)
- com.intuit.karate.graal.JsEngine.evalForValue(JsEngine.java:169)
- com.intuit.karate.graal.JsEngine.eval(JsEngine.java:165)
- com.intuit.karate.core.ScenarioEngine.evalJs(ScenarioEngine.java:1252)
- com.intuit.karate.core.ScenarioRuntime.evalConfigJs(ScenarioRuntime.java:296)
- com.intuit.karate.core.ScenarioRuntime.beforeRun(ScenarioRuntime.java:371)
- com.intuit.karate.core.ScenarioRuntime.run(ScenarioRuntime.java:390)

js failed:
>>>>
01: function fn() {
02:   var env = karate.env; // get system property 'karate.env'
03:   karate.log('karate.env system property was:', env);
04:   if (!env) {
05:     env = 'dev';
06:   }
07:   var config = {
08:     env: env,
09:     myVarName: 'someValue',
10:     baseUrl: 'http://localhost:3000'
11:     apiKey: karate.properties['apiKey']
12:   }
13:   if (env == 'dev') {
14:     // customize
15:     // e.g. config.foo = 'bar';
16:   } else if (env == 'e2e') {
17:     config.baseUrl = 'http://e2e.localhost:3000'
18:     // customize
19:   }
20:   return config;
21: }
<<<<
com.intuit.karate.KarateException: js failed:
>>>>
01: (function fn() {
02:   var env = karate.env; // get system property 'karate.env'
03:   karate.log('karate.env system property was:', env);
04:   if (!env) {
05:     env = 'dev';
06:   }
07:   var config = {
08:     env: env,
09:     myVarName: 'someValue',
10:     baseUrl: 'http://localhost:3000'
11:     apiKey: karate.properties['apiKey']
12:   }
13:   if (env == 'dev') {
14:     // customize
15:     // e.g. config.foo = 'bar';
16:   } else if (env == 'e2e') {
17:     config.baseUrl = 'http://e2e.localhost:3000'
18:     // customize
19:   }
20:   return config;
21: })
<<<<
org.graalvm.polyglot.PolyglotException: SyntaxError: Unnamed:11:4 Expected comma but found ident
    apiKey: karate.properties['apiKey']
    ^
Unnamed:13:2 Expected ) but found if
  if (env == 'dev') {
  ^
Unnamed:16:2 Expected eof but found }
  } else if (env == 'e2e') {
  ^

- org.graalvm.polyglot.Context.eval(Context.java:428)
- com.intuit.karate.graal.JsEngine.evalForValue(JsEngine.java:169)
- com.intuit.karate.graal.JsEngine.eval(JsEngine.java:165)
- com.intuit.karate.core.ScenarioEngine.evalJs(ScenarioEngine.java:1252)
- com.intuit.karate.core.ScenarioRuntime.evalConfigJs(ScenarioRuntime.java:296)
- com.intuit.karate.core.ScenarioRuntime.beforeRun(ScenarioRuntime.java:371)
- com.intuit.karate.core.ScenarioRuntime.run(ScenarioRuntime.java:390)

- com.intuit.karate.graal.JsEngine.fromJsEvalException(JsEngine.java:253)
- com.intuit.karate.core.ScenarioEngine.evalJs(ScenarioEngine.java:1254)
- com.intuit.karate.core.ScenarioRuntime.evalConfigJs(ScenarioRuntime.java:296)
- com.intuit.karate.core.ScenarioRuntime.beforeRun(ScenarioRuntime.java:371)
- com.intuit.karate.core.ScenarioRuntime.run(ScenarioRuntime.java:390)
- com.intuit.karate.core.FeatureRuntime.processScenario(FeatureRuntime.java:193)
- com.intuit.karate.core.FeatureRuntime$1.process(FeatureRuntime.java:140)

classpath:examples/pets/pets.feature:16
classpath:examples/pets/pets.feature:17
19:39:31.160 [pool-2-thread-1] ERROR com.intuit.karate - classpath:examples/pets/pets.feature:6
And print "la url es: ", baseUrl
>> classpath:examples/pets/pets.feature:3
>> karate-config.js failed
>> js failed:
>>>>
01: (function fn() {
02:   var env = karate.env; // get system property 'karate.env'
03:   karate.log('karate.env system property was:', env);
04:   if (!env) {
05:     env = 'dev';
06:   }
07:   var config = {
08:     env: env,
09:     myVarName: 'someValue',
10:     baseUrl: 'http://localhost:3000'
11:     apiKey: karate.properties['apiKey']
12:   }
13:   if (env == 'dev') {
14:     // customize
15:     // e.g. config.foo = 'bar';
16:   } else if (env == 'e2e') {
17:     config.baseUrl = 'http://e2e.localhost:3000'
18:     // customize
19:   }
20:   return config;
21: })
<<<<
org.graalvm.polyglot.PolyglotException: SyntaxError: Unnamed:11:4 Expected comma but found ident
    apiKey: karate.properties['apiKey']
    ^
Unnamed:13:2 Expected ) but found if
  if (env == 'dev') {
  ^
Unnamed:16:2 Expected eof but found }
  } else if (env == 'e2e') {
  ^

- org.graalvm.polyglot.Context.eval(Context.java:428)
- com.intuit.karate.graal.JsEngine.evalForValue(JsEngine.java:169)
- com.intuit.karate.graal.JsEngine.eval(JsEngine.java:165)
- com.intuit.karate.core.ScenarioEngine.evalJs(ScenarioEngine.java:1252)
- com.intuit.karate.core.ScenarioRuntime.evalConfigJs(ScenarioRuntime.java:296)
- com.intuit.karate.core.ScenarioRuntime.beforeRun(ScenarioRuntime.java:371)
- com.intuit.karate.core.ScenarioRuntime.run(ScenarioRuntime.java:390)

js failed:
>>>>
01: function fn() {
02:   var env = karate.env; // get system property 'karate.env'
03:   karate.log('karate.env system property was:', env);
04:   if (!env) {
05:     env = 'dev';
06:   }
07:   var config = {
08:     env: env,
09:     myVarName: 'someValue',
10:     baseUrl: 'http://localhost:3000'
11:     apiKey: karate.properties['apiKey']
12:   }
13:   if (env == 'dev') {
14:     // customize
15:     // e.g. config.foo = 'bar';
16:   } else if (env == 'e2e') {
17:     config.baseUrl = 'http://e2e.localhost:3000'
18:     // customize
19:   }
20:   return config;
21: }
<<<<
com.intuit.karate.KarateException: js failed:
>>>>
01: (function fn() {
02:   var env = karate.env; // get system property 'karate.env'
03:   karate.log('karate.env system property was:', env);
04:   if (!env) {
05:     env = 'dev';
06:   }
07:   var config = {
08:     env: env,
09:     myVarName: 'someValue',
10:     baseUrl: 'http://localhost:3000'
11:     apiKey: karate.properties['apiKey']
12:   }
13:   if (env == 'dev') {
14:     // customize
15:     // e.g. config.foo = 'bar';
16:   } else if (env == 'e2e') {
17:     config.baseUrl = 'http://e2e.localhost:3000'
18:     // customize
19:   }
20:   return config;
21: })
<<<<
org.graalvm.polyglot.PolyglotException: SyntaxError: Unnamed:11:4 Expected comma but found ident
    apiKey: karate.properties['apiKey']
    ^
Unnamed:13:2 Expected ) but found if
  if (env == 'dev') {
  ^
Unnamed:16:2 Expected eof but found }
  } else if (env == 'e2e') {
  ^

- org.graalvm.polyglot.Context.eval(Context.java:428)
- com.intuit.karate.graal.JsEngine.evalForValue(JsEngine.java:169)
- com.intuit.karate.graal.JsEngine.eval(JsEngine.java:165)
- com.intuit.karate.core.ScenarioEngine.evalJs(ScenarioEngine.java:1252)
- com.intuit.karate.core.ScenarioRuntime.evalConfigJs(ScenarioRuntime.java:296)
- com.intuit.karate.core.ScenarioRuntime.beforeRun(ScenarioRuntime.java:371)
- com.intuit.karate.core.ScenarioRuntime.run(ScenarioRuntime.java:390)

- com.intuit.karate.graal.JsEngine.fromJsEvalException(JsEngine.java:253)
- com.intuit.karate.core.ScenarioEngine.evalJs(ScenarioEngine.java:1254)
- com.intuit.karate.core.ScenarioRuntime.evalConfigJs(ScenarioRuntime.java:296)
- com.intuit.karate.core.ScenarioRuntime.beforeRun(ScenarioRuntime.java:371)
- com.intuit.karate.core.ScenarioRuntime.run(ScenarioRuntime.java:390)
- com.intuit.karate.core.FeatureRuntime.processScenario(FeatureRuntime.java:193)
- com.intuit.karate.core.FeatureRuntime$1.process(FeatureRuntime.java:140)

classpath:examples/pets/pets.feature:5
classpath:examples/pets/pets.feature:6
19:39:31.160 [pool-2-thread-3] ERROR com.intuit.karate - classpath:examples/pets/pets.feature:27
And request { "name": "Bingo3", "type": "Perro", "age": 1}
>> classpath:examples/pets/pets.feature:25
>> karate-config.js failed
>> js failed:
>>>>
01: (function fn() {
02:   var env = karate.env; // get system property 'karate.env'
03:   karate.log('karate.env system property was:', env);
04:   if (!env) {
05:     env = 'dev';
06:   }
07:   var config = {
08:     env: env,
09:     myVarName: 'someValue',
10:     baseUrl: 'http://localhost:3000'
11:     apiKey: karate.properties['apiKey']
12:   }
13:   if (env == 'dev') {
14:     // customize
15:     // e.g. config.foo = 'bar';
16:   } else if (env == 'e2e') {
17:     config.baseUrl = 'http://e2e.localhost:3000'
18:     // customize
19:   }
20:   return config;
21: })
<<<<
org.graalvm.polyglot.PolyglotException: SyntaxError: Unnamed:11:4 Expected comma but found ident
    apiKey: karate.properties['apiKey']
    ^
Unnamed:13:2 Expected ) but found if
  if (env == 'dev') {
  ^
Unnamed:16:2 Expected eof but found }
  } else if (env == 'e2e') {
  ^

- org.graalvm.polyglot.Context.eval(Context.java:428)
- com.intuit.karate.graal.JsEngine.evalForValue(JsEngine.java:169)
- com.intuit.karate.graal.JsEngine.eval(JsEngine.java:165)
- com.intuit.karate.core.ScenarioEngine.evalJs(ScenarioEngine.java:1252)
- com.intuit.karate.core.ScenarioRuntime.evalConfigJs(ScenarioRuntime.java:296)
- com.intuit.karate.core.ScenarioRuntime.beforeRun(ScenarioRuntime.java:371)
- com.intuit.karate.core.ScenarioRuntime.run(ScenarioRuntime.java:390)

js failed:
>>>>
01: function fn() {
02:   var env = karate.env; // get system property 'karate.env'
03:   karate.log('karate.env system property was:', env);
04:   if (!env) {
05:     env = 'dev';
06:   }
07:   var config = {
08:     env: env,
09:     myVarName: 'someValue',
10:     baseUrl: 'http://localhost:3000'
11:     apiKey: karate.properties['apiKey']
12:   }
13:   if (env == 'dev') {
14:     // customize
15:     // e.g. config.foo = 'bar';
16:   } else if (env == 'e2e') {
17:     config.baseUrl = 'http://e2e.localhost:3000'
18:     // customize
19:   }
20:   return config;
21: }
<<<<
com.intuit.karate.KarateException: js failed:
>>>>
01: (function fn() {
02:   var env = karate.env; // get system property 'karate.env'
03:   karate.log('karate.env system property was:', env);
04:   if (!env) {
05:     env = 'dev';
06:   }
07:   var config = {
08:     env: env,
09:     myVarName: 'someValue',
10:     baseUrl: 'http://localhost:3000'
11:     apiKey: karate.properties['apiKey']
12:   }
13:   if (env == 'dev') {
14:     // customize
15:     // e.g. config.foo = 'bar';
16:   } else if (env == 'e2e') {
17:     config.baseUrl = 'http://e2e.localhost:3000'
18:     // customize
19:   }
20:   return config;
21: })
<<<<
org.graalvm.polyglot.PolyglotException: SyntaxError: Unnamed:11:4 Expected comma but found ident
    apiKey: karate.properties['apiKey']
    ^
Unnamed:13:2 Expected ) but found if
  if (env == 'dev') {
  ^
Unnamed:16:2 Expected eof but found }
  } else if (env == 'e2e') {
  ^

- org.graalvm.polyglot.Context.eval(Context.java:428)
- com.intuit.karate.graal.JsEngine.evalForValue(JsEngine.java:169)
- com.intuit.karate.graal.JsEngine.eval(JsEngine.java:165)
- com.intuit.karate.core.ScenarioEngine.evalJs(ScenarioEngine.java:1252)
- com.intuit.karate.core.ScenarioRuntime.evalConfigJs(ScenarioRuntime.java:296)
- com.intuit.karate.core.ScenarioRuntime.beforeRun(ScenarioRuntime.java:371)
- com.intuit.karate.core.ScenarioRuntime.run(ScenarioRuntime.java:390)

- com.intuit.karate.graal.JsEngine.fromJsEvalException(JsEngine.java:253)
- com.intuit.karate.core.ScenarioEngine.evalJs(ScenarioEngine.java:1254)
- com.intuit.karate.core.ScenarioRuntime.evalConfigJs(ScenarioRuntime.java:296)
- com.intuit.karate.core.ScenarioRuntime.beforeRun(ScenarioRuntime.java:371)
- com.intuit.karate.core.ScenarioRuntime.run(ScenarioRuntime.java:390)
- com.intuit.karate.core.FeatureRuntime.processScenario(FeatureRuntime.java:193)
- com.intuit.karate.core.FeatureRuntime$1.process(FeatureRuntime.java:140)

classpath:examples/pets/pets.feature:26
classpath:examples/pets/pets.feature:27
19:39:31.160 [pool-2-thread-5] ERROR com.intuit.karate - classpath:examples/pets/pets.feature:52
And request { "name": "Bingo3", "type": "Perro", "age": 1}
>> classpath:examples/pets/pets.feature:50
>> karate-config.js failed
>> js failed:
>>>>
01: (function fn() {
02:   var env = karate.env; // get system property 'karate.env'
03:   karate.log('karate.env system property was:', env);
04:   if (!env) {
05:     env = 'dev';
06:   }
07:   var config = {
08:     env: env,
09:     myVarName: 'someValue',
10:     baseUrl: 'http://localhost:3000'
11:     apiKey: karate.properties['apiKey']
12:   }
13:   if (env == 'dev') {
14:     // customize
15:     // e.g. config.foo = 'bar';
16:   } else if (env == 'e2e') {
17:     config.baseUrl = 'http://e2e.localhost:3000'
18:     // customize
19:   }
20:   return config;
21: })
<<<<
org.graalvm.polyglot.PolyglotException: SyntaxError: Unnamed:11:4 Expected comma but found ident
    apiKey: karate.properties['apiKey']
    ^
Unnamed:13:2 Expected ) but found if
  if (env == 'dev') {
  ^
Unnamed:16:2 Expected eof but found }
  } else if (env == 'e2e') {
  ^

- org.graalvm.polyglot.Context.eval(Context.java:428)
- com.intuit.karate.graal.JsEngine.evalForValue(JsEngine.java:169)
- com.intuit.karate.graal.JsEngine.eval(JsEngine.java:165)
- com.intuit.karate.core.ScenarioEngine.evalJs(ScenarioEngine.java:1252)
- com.intuit.karate.core.ScenarioRuntime.evalConfigJs(ScenarioRuntime.java:296)
- com.intuit.karate.core.ScenarioRuntime.beforeRun(ScenarioRuntime.java:371)
- com.intuit.karate.core.ScenarioRuntime.run(ScenarioRuntime.java:390)

js failed:
>>>>
01: function fn() {
02:   var env = karate.env; // get system property 'karate.env'
03:   karate.log('karate.env system property was:', env);
04:   if (!env) {
05:     env = 'dev';
06:   }
07:   var config = {
08:     env: env,
09:     myVarName: 'someValue',
10:     baseUrl: 'http://localhost:3000'
11:     apiKey: karate.properties['apiKey']
12:   }
13:   if (env == 'dev') {
14:     // customize
15:     // e.g. config.foo = 'bar';
16:   } else if (env == 'e2e') {
17:     config.baseUrl = 'http://e2e.localhost:3000'
18:     // customize
19:   }
20:   return config;
21: }
<<<<
com.intuit.karate.KarateException: js failed:
>>>>
01: (function fn() {
02:   var env = karate.env; // get system property 'karate.env'
03:   karate.log('karate.env system property was:', env);
04:   if (!env) {
05:     env = 'dev';
06:   }
07:   var config = {
08:     env: env,
09:     myVarName: 'someValue',
10:     baseUrl: 'http://localhost:3000'
11:     apiKey: karate.properties['apiKey']
12:   }
13:   if (env == 'dev') {
14:     // customize
15:     // e.g. config.foo = 'bar';
16:   } else if (env == 'e2e') {
17:     config.baseUrl = 'http://e2e.localhost:3000'
18:     // customize
19:   }
20:   return config;
21: })
<<<<
org.graalvm.polyglot.PolyglotException: SyntaxError: Unnamed:11:4 Expected comma but found ident
    apiKey: karate.properties['apiKey']
    ^
Unnamed:13:2 Expected ) but found if
  if (env == 'dev') {
  ^
Unnamed:16:2 Expected eof but found }
  } else if (env == 'e2e') {
  ^

- org.graalvm.polyglot.Context.eval(Context.java:428)
- com.intuit.karate.graal.JsEngine.evalForValue(JsEngine.java:169)
- com.intuit.karate.graal.JsEngine.eval(JsEngine.java:165)
- com.intuit.karate.core.ScenarioEngine.evalJs(ScenarioEngine.java:1252)
- com.intuit.karate.core.ScenarioRuntime.evalConfigJs(ScenarioRuntime.java:296)
- com.intuit.karate.core.ScenarioRuntime.beforeRun(ScenarioRuntime.java:371)
- com.intuit.karate.core.ScenarioRuntime.run(ScenarioRuntime.java:390)

- com.intuit.karate.graal.JsEngine.fromJsEvalException(JsEngine.java:253)
- com.intuit.karate.core.ScenarioEngine.evalJs(ScenarioEngine.java:1254)
- com.intuit.karate.core.ScenarioRuntime.evalConfigJs(ScenarioRuntime.java:296)
- com.intuit.karate.core.ScenarioRuntime.beforeRun(ScenarioRuntime.java:371)
- com.intuit.karate.core.ScenarioRuntime.run(ScenarioRuntime.java:390)
- com.intuit.karate.core.FeatureRuntime.processScenario(FeatureRuntime.java:193)
- com.intuit.karate.core.FeatureRuntime$1.process(FeatureRuntime.java:140)

classpath:examples/pets/pets.feature:51
classpath:examples/pets/pets.feature:52
19:39:31.160 [pool-2-thread-4] ERROR com.intuit.karate - classpath:examples/pets/pets.feature:40
And request { "name": "Bingo3", "type": "Perro", "age": 1}
>> classpath:examples/pets/pets.feature:38
>> karate-config.js failed
>> js failed:
>>>>
01: (function fn() {
02:   var env = karate.env; // get system property 'karate.env'
03:   karate.log('karate.env system property was:', env);
04:   if (!env) {
05:     env = 'dev';
06:   }
07:   var config = {
08:     env: env,
09:     myVarName: 'someValue',
10:     baseUrl: 'http://localhost:3000'
11:     apiKey: karate.properties['apiKey']
12:   }
13:   if (env == 'dev') {
14:     // customize
15:     // e.g. config.foo = 'bar';
16:   } else if (env == 'e2e') {
17:     config.baseUrl = 'http://e2e.localhost:3000'
18:     // customize
19:   }
20:   return config;
21: })
<<<<
org.graalvm.polyglot.PolyglotException: SyntaxError: Unnamed:11:4 Expected comma but found ident
    apiKey: karate.properties['apiKey']
    ^
Unnamed:13:2 Expected ) but found if
  if (env == 'dev') {
  ^
Unnamed:16:2 Expected eof but found }
  } else if (env == 'e2e') {
  ^

- org.graalvm.polyglot.Context.eval(Context.java:428)
- com.intuit.karate.graal.JsEngine.evalForValue(JsEngine.java:169)
- com.intuit.karate.graal.JsEngine.eval(JsEngine.java:165)
- com.intuit.karate.core.ScenarioEngine.evalJs(ScenarioEngine.java:1252)
- com.intuit.karate.core.ScenarioRuntime.evalConfigJs(ScenarioRuntime.java:296)
- com.intuit.karate.core.ScenarioRuntime.beforeRun(ScenarioRuntime.java:371)
- com.intuit.karate.core.ScenarioRuntime.run(ScenarioRuntime.java:390)

js failed:
>>>>
01: function fn() {
02:   var env = karate.env; // get system property 'karate.env'
03:   karate.log('karate.env system property was:', env);
04:   if (!env) {
05:     env = 'dev';
06:   }
07:   var config = {
08:     env: env,
09:     myVarName: 'someValue',
10:     baseUrl: 'http://localhost:3000'
11:     apiKey: karate.properties['apiKey']
12:   }
13:   if (env == 'dev') {
14:     // customize
15:     // e.g. config.foo = 'bar';
16:   } else if (env == 'e2e') {
17:     config.baseUrl = 'http://e2e.localhost:3000'
18:     // customize
19:   }
20:   return config;
21: }
<<<<
com.intuit.karate.KarateException: js failed:
>>>>
01: (function fn() {
02:   var env = karate.env; // get system property 'karate.env'
03:   karate.log('karate.env system property was:', env);
04:   if (!env) {
05:     env = 'dev';
06:   }
07:   var config = {
08:     env: env,
09:     myVarName: 'someValue',
10:     baseUrl: 'http://localhost:3000'
11:     apiKey: karate.properties['apiKey']
12:   }
13:   if (env == 'dev') {
14:     // customize
15:     // e.g. config.foo = 'bar';
16:   } else if (env == 'e2e') {
17:     config.baseUrl = 'http://e2e.localhost:3000'
18:     // customize
19:   }
20:   return config;
21: })
<<<<
org.graalvm.polyglot.PolyglotException: SyntaxError: Unnamed:11:4 Expected comma but found ident
    apiKey: karate.properties['apiKey']
    ^
Unnamed:13:2 Expected ) but found if
  if (env == 'dev') {
  ^
Unnamed:16:2 Expected eof but found }
  } else if (env == 'e2e') {
  ^

- org.graalvm.polyglot.Context.eval(Context.java:428)
- com.intuit.karate.graal.JsEngine.evalForValue(JsEngine.java:169)
- com.intuit.karate.graal.JsEngine.eval(JsEngine.java:165)
- com.intuit.karate.core.ScenarioEngine.evalJs(ScenarioEngine.java:1252)
- com.intuit.karate.core.ScenarioRuntime.evalConfigJs(ScenarioRuntime.java:296)
- com.intuit.karate.core.ScenarioRuntime.beforeRun(ScenarioRuntime.java:371)
- com.intuit.karate.core.ScenarioRuntime.run(ScenarioRuntime.java:390)

- com.intuit.karate.graal.JsEngine.fromJsEvalException(JsEngine.java:253)
- com.intuit.karate.core.ScenarioEngine.evalJs(ScenarioEngine.java:1254)
- com.intuit.karate.core.ScenarioRuntime.evalConfigJs(ScenarioRuntime.java:296)
- com.intuit.karate.core.ScenarioRuntime.beforeRun(ScenarioRuntime.java:371)
- com.intuit.karate.core.ScenarioRuntime.run(ScenarioRuntime.java:390)
- com.intuit.karate.core.FeatureRuntime.processScenario(FeatureRuntime.java:193)
- com.intuit.karate.core.FeatureRuntime$1.process(FeatureRuntime.java:140)

classpath:examples/pets/pets.feature:39
classpath:examples/pets/pets.feature:40
19:39:31.160 [pool-2-thread-2] ERROR com.intuit.karate - classpath:examples/pets/pets.feature:18
And method post
>> classpath:examples/pets/pets.feature:15
>> karate-config.js failed
>> js failed:
>>>>
01: (function fn() {
02:   var env = karate.env; // get system property 'karate.env'
03:   karate.log('karate.env system property was:', env);
04:   if (!env) {
05:     env = 'dev';
06:   }
07:   var config = {
08:     env: env,
09:     myVarName: 'someValue',
10:     baseUrl: 'http://localhost:3000'
11:     apiKey: karate.properties['apiKey']
12:   }
13:   if (env == 'dev') {
14:     // customize
15:     // e.g. config.foo = 'bar';
16:   } else if (env == 'e2e') {
17:     config.baseUrl = 'http://e2e.localhost:3000'
18:     // customize
19:   }
20:   return config;
21: })
<<<<
org.graalvm.polyglot.PolyglotException: SyntaxError: Unnamed:11:4 Expected comma but found ident
    apiKey: karate.properties['apiKey']
    ^
Unnamed:13:2 Expected ) but found if
  if (env == 'dev') {
  ^
Unnamed:16:2 Expected eof but found }
  } else if (env == 'e2e') {
  ^

- org.graalvm.polyglot.Context.eval(Context.java:428)
- com.intuit.karate.graal.JsEngine.evalForValue(JsEngine.java:169)
- com.intuit.karate.graal.JsEngine.eval(JsEngine.java:165)
- com.intuit.karate.core.ScenarioEngine.evalJs(ScenarioEngine.java:1252)
- com.intuit.karate.core.ScenarioRuntime.evalConfigJs(ScenarioRuntime.java:296)
- com.intuit.karate.core.ScenarioRuntime.beforeRun(ScenarioRuntime.java:371)
- com.intuit.karate.core.ScenarioRuntime.run(ScenarioRuntime.java:390)

js failed:
>>>>
01: function fn() {
02:   var env = karate.env; // get system property 'karate.env'
03:   karate.log('karate.env system property was:', env);
04:   if (!env) {
05:     env = 'dev';
06:   }
07:   var config = {
08:     env: env,
09:     myVarName: 'someValue',
10:     baseUrl: 'http://localhost:3000'
11:     apiKey: karate.properties['apiKey']
12:   }
13:   if (env == 'dev') {
14:     // customize
15:     // e.g. config.foo = 'bar';
16:   } else if (env == 'e2e') {
17:     config.baseUrl = 'http://e2e.localhost:3000'
18:     // customize
19:   }
20:   return config;
21: }
<<<<
com.intuit.karate.KarateException: js failed:
>>>>
01: (function fn() {
02:   var env = karate.env; // get system property 'karate.env'
03:   karate.log('karate.env system property was:', env);
04:   if (!env) {
05:     env = 'dev';
06:   }
07:   var config = {
08:     env: env,
09:     myVarName: 'someValue',
10:     baseUrl: 'http://localhost:3000'
11:     apiKey: karate.properties['apiKey']
12:   }
13:   if (env == 'dev') {
14:     // customize
15:     // e.g. config.foo = 'bar';
16:   } else if (env == 'e2e') {
17:     config.baseUrl = 'http://e2e.localhost:3000'
18:     // customize
19:   }
20:   return config;
21: })
<<<<
org.graalvm.polyglot.PolyglotException: SyntaxError: Unnamed:11:4 Expected comma but found ident
    apiKey: karate.properties['apiKey']
    ^
Unnamed:13:2 Expected ) but found if
  if (env == 'dev') {
  ^
Unnamed:16:2 Expected eof but found }
  } else if (env == 'e2e') {
  ^

- org.graalvm.polyglot.Context.eval(Context.java:428)
- com.intuit.karate.graal.JsEngine.evalForValue(JsEngine.java:169)
- com.intuit.karate.graal.JsEngine.eval(JsEngine.java:165)
- com.intuit.karate.core.ScenarioEngine.evalJs(ScenarioEngine.java:1252)
- com.intuit.karate.core.ScenarioRuntime.evalConfigJs(ScenarioRuntime.java:296)
- com.intuit.karate.core.ScenarioRuntime.beforeRun(ScenarioRuntime.java:371)
- com.intuit.karate.core.ScenarioRuntime.run(ScenarioRuntime.java:390)

- com.intuit.karate.graal.JsEngine.fromJsEvalException(JsEngine.java:253)
- com.intuit.karate.core.ScenarioEngine.evalJs(ScenarioEngine.java:1254)
- com.intuit.karate.core.ScenarioRuntime.evalConfigJs(ScenarioRuntime.java:296)
- com.intuit.karate.core.ScenarioRuntime.beforeRun(ScenarioRuntime.java:371)
- com.intuit.karate.core.ScenarioRuntime.run(ScenarioRuntime.java:390)
- com.intuit.karate.core.FeatureRuntime.processScenario(FeatureRuntime.java:193)
- com.intuit.karate.core.FeatureRuntime$1.process(FeatureRuntime.java:140)

classpath:examples/pets/pets.feature:16
classpath:examples/pets/pets.feature:17
classpath:examples/pets/pets.feature:18
19:39:31.160 [pool-2-thread-1] ERROR com.intuit.karate - classpath:examples/pets/pets.feature:7
And print "el apiKey es: ", apiKey
>> classpath:examples/pets/pets.feature:3
>> karate-config.js failed
>> js failed:
>>>>
01: (function fn() {
02:   var env = karate.env; // get system property 'karate.env'
03:   karate.log('karate.env system property was:', env);
04:   if (!env) {
05:     env = 'dev';
06:   }
07:   var config = {
08:     env: env,
09:     myVarName: 'someValue',
10:     baseUrl: 'http://localhost:3000'
11:     apiKey: karate.properties['apiKey']
12:   }
13:   if (env == 'dev') {
14:     // customize
15:     // e.g. config.foo = 'bar';
16:   } else if (env == 'e2e') {
17:     config.baseUrl = 'http://e2e.localhost:3000'
18:     // customize
19:   }
20:   return config;
21: })
<<<<
org.graalvm.polyglot.PolyglotException: SyntaxError: Unnamed:11:4 Expected comma but found ident
    apiKey: karate.properties['apiKey']
    ^
Unnamed:13:2 Expected ) but found if
  if (env == 'dev') {
  ^
Unnamed:16:2 Expected eof but found }
  } else if (env == 'e2e') {
  ^

- org.graalvm.polyglot.Context.eval(Context.java:428)
- com.intuit.karate.graal.JsEngine.evalForValue(JsEngine.java:169)
- com.intuit.karate.graal.JsEngine.eval(JsEngine.java:165)
- com.intuit.karate.core.ScenarioEngine.evalJs(ScenarioEngine.java:1252)
- com.intuit.karate.core.ScenarioRuntime.evalConfigJs(ScenarioRuntime.java:296)
- com.intuit.karate.core.ScenarioRuntime.beforeRun(ScenarioRuntime.java:371)
- com.intuit.karate.core.ScenarioRuntime.run(ScenarioRuntime.java:390)

js failed:
>>>>
01: function fn() {
02:   var env = karate.env; // get system property 'karate.env'
03:   karate.log('karate.env system property was:', env);
04:   if (!env) {
05:     env = 'dev';
06:   }
07:   var config = {
08:     env: env,
09:     myVarName: 'someValue',
10:     baseUrl: 'http://localhost:3000'
11:     apiKey: karate.properties['apiKey']
12:   }
13:   if (env == 'dev') {
14:     // customize
15:     // e.g. config.foo = 'bar';
16:   } else if (env == 'e2e') {
17:     config.baseUrl = 'http://e2e.localhost:3000'
18:     // customize
19:   }
20:   return config;
21: }
<<<<
com.intuit.karate.KarateException: js failed:
>>>>
01: (function fn() {
02:   var env = karate.env; // get system property 'karate.env'
03:   karate.log('karate.env system property was:', env);
04:   if (!env) {
05:     env = 'dev';
06:   }
07:   var config = {
08:     env: env,
09:     myVarName: 'someValue',
10:     baseUrl: 'http://localhost:3000'
11:     apiKey: karate.properties['apiKey']
12:   }
13:   if (env == 'dev') {
14:     // customize
15:     // e.g. config.foo = 'bar';
16:   } else if (env == 'e2e') {
17:     config.baseUrl = 'http://e2e.localhost:3000'
18:     // customize
19:   }
20:   return config;
21: })
<<<<
org.graalvm.polyglot.PolyglotException: SyntaxError: Unnamed:11:4 Expected comma but found ident
    apiKey: karate.properties['apiKey']
    ^
Unnamed:13:2 Expected ) but found if
  if (env == 'dev') {
  ^
Unnamed:16:2 Expected eof but found }
  } else if (env == 'e2e') {
  ^

- org.graalvm.polyglot.Context.eval(Context.java:428)
- com.intuit.karate.graal.JsEngine.evalForValue(JsEngine.java:169)
- com.intuit.karate.graal.JsEngine.eval(JsEngine.java:165)
- com.intuit.karate.core.ScenarioEngine.evalJs(ScenarioEngine.java:1252)
- com.intuit.karate.core.ScenarioRuntime.evalConfigJs(ScenarioRuntime.java:296)
- com.intuit.karate.core.ScenarioRuntime.beforeRun(ScenarioRuntime.java:371)
- com.intuit.karate.core.ScenarioRuntime.run(ScenarioRuntime.java:390)

- com.intuit.karate.graal.JsEngine.fromJsEvalException(JsEngine.java:253)
- com.intuit.karate.core.ScenarioEngine.evalJs(ScenarioEngine.java:1254)
- com.intuit.karate.core.ScenarioRuntime.evalConfigJs(ScenarioRuntime.java:296)
- com.intuit.karate.core.ScenarioRuntime.beforeRun(ScenarioRuntime.java:371)
- com.intuit.karate.core.ScenarioRuntime.run(ScenarioRuntime.java:390)
- com.intuit.karate.core.FeatureRuntime.processScenario(FeatureRuntime.java:193)
- com.intuit.karate.core.FeatureRuntime$1.process(FeatureRuntime.java:140)

classpath:examples/pets/pets.feature:5
classpath:examples/pets/pets.feature:6
classpath:examples/pets/pets.feature:7
19:39:31.160 [pool-2-thread-3] ERROR com.intuit.karate - classpath:examples/pets/pets.feature:28
And method post
>> classpath:examples/pets/pets.feature:25
>> karate-config.js failed
>> js failed:
>>>>
01: (function fn() {
02:   var env = karate.env; // get system property 'karate.env'
03:   karate.log('karate.env system property was:', env);
04:   if (!env) {
05:     env = 'dev';
06:   }
07:   var config = {
08:     env: env,
09:     myVarName: 'someValue',
10:     baseUrl: 'http://localhost:3000'
11:     apiKey: karate.properties['apiKey']
12:   }
13:   if (env == 'dev') {
14:     // customize
15:     // e.g. config.foo = 'bar';
16:   } else if (env == 'e2e') {
17:     config.baseUrl = 'http://e2e.localhost:3000'
18:     // customize
19:   }
20:   return config;
21: })
<<<<
org.graalvm.polyglot.PolyglotException: SyntaxError: Unnamed:11:4 Expected comma but found ident
    apiKey: karate.properties['apiKey']
    ^
Unnamed:13:2 Expected ) but found if
  if (env == 'dev') {
  ^
Unnamed:16:2 Expected eof but found }
  } else if (env == 'e2e') {
  ^

- org.graalvm.polyglot.Context.eval(Context.java:428)
- com.intuit.karate.graal.JsEngine.evalForValue(JsEngine.java:169)
- com.intuit.karate.graal.JsEngine.eval(JsEngine.java:165)
- com.intuit.karate.core.ScenarioEngine.evalJs(ScenarioEngine.java:1252)
- com.intuit.karate.core.ScenarioRuntime.evalConfigJs(ScenarioRuntime.java:296)
- com.intuit.karate.core.ScenarioRuntime.beforeRun(ScenarioRuntime.java:371)
- com.intuit.karate.core.ScenarioRuntime.run(ScenarioRuntime.java:390)

js failed:
>>>>
01: function fn() {
02:   var env = karate.env; // get system property 'karate.env'
03:   karate.log('karate.env system property was:', env);
04:   if (!env) {
05:     env = 'dev';
06:   }
07:   var config = {
08:     env: env,
09:     myVarName: 'someValue',
10:     baseUrl: 'http://localhost:3000'
11:     apiKey: karate.properties['apiKey']
12:   }
13:   if (env == 'dev') {
14:     // customize
15:     // e.g. config.foo = 'bar';
16:   } else if (env == 'e2e') {
17:     config.baseUrl = 'http://e2e.localhost:3000'
18:     // customize
19:   }
20:   return config;
21: }
<<<<
com.intuit.karate.KarateException: js failed:
>>>>
01: (function fn() {
02:   var env = karate.env; // get system property 'karate.env'
03:   karate.log('karate.env system property was:', env);
04:   if (!env) {
05:     env = 'dev';
06:   }
07:   var config = {
08:     env: env,
09:     myVarName: 'someValue',
10:     baseUrl: 'http://localhost:3000'
11:     apiKey: karate.properties['apiKey']
12:   }
13:   if (env == 'dev') {
14:     // customize
15:     // e.g. config.foo = 'bar';
16:   } else if (env == 'e2e') {
17:     config.baseUrl = 'http://e2e.localhost:3000'
18:     // customize
19:   }
20:   return config;
21: })
<<<<
org.graalvm.polyglot.PolyglotException: SyntaxError: Unnamed:11:4 Expected comma but found ident
    apiKey: karate.properties['apiKey']
    ^
Unnamed:13:2 Expected ) but found if
  if (env == 'dev') {
  ^
Unnamed:16:2 Expected eof but found }
  } else if (env == 'e2e') {
  ^

- org.graalvm.polyglot.Context.eval(Context.java:428)
- com.intuit.karate.graal.JsEngine.evalForValue(JsEngine.java:169)
- com.intuit.karate.graal.JsEngine.eval(JsEngine.java:165)
- com.intuit.karate.core.ScenarioEngine.evalJs(ScenarioEngine.java:1252)
- com.intuit.karate.core.ScenarioRuntime.evalConfigJs(ScenarioRuntime.java:296)
- com.intuit.karate.core.ScenarioRuntime.beforeRun(ScenarioRuntime.java:371)
- com.intuit.karate.core.ScenarioRuntime.run(ScenarioRuntime.java:390)

- com.intuit.karate.graal.JsEngine.fromJsEvalException(JsEngine.java:253)
- com.intuit.karate.core.ScenarioEngine.evalJs(ScenarioEngine.java:1254)
- com.intuit.karate.core.ScenarioRuntime.evalConfigJs(ScenarioRuntime.java:296)
- com.intuit.karate.core.ScenarioRuntime.beforeRun(ScenarioRuntime.java:371)
- com.intuit.karate.core.ScenarioRuntime.run(ScenarioRuntime.java:390)
- com.intuit.karate.core.FeatureRuntime.processScenario(FeatureRuntime.java:193)
- com.intuit.karate.core.FeatureRuntime$1.process(FeatureRuntime.java:140)

classpath:examples/pets/pets.feature:26
classpath:examples/pets/pets.feature:27
classpath:examples/pets/pets.feature:28
19:39:31.160 [pool-2-thread-5] ERROR com.intuit.karate - classpath:examples/pets/pets.feature:53
And method post
>> classpath:examples/pets/pets.feature:50
>> karate-config.js failed
>> js failed:
>>>>
01: (function fn() {
02:   var env = karate.env; // get system property 'karate.env'
03:   karate.log('karate.env system property was:', env);
04:   if (!env) {
05:     env = 'dev';
06:   }
07:   var config = {
08:     env: env,
09:     myVarName: 'someValue',
10:     baseUrl: 'http://localhost:3000'
11:     apiKey: karate.properties['apiKey']
12:   }
13:   if (env == 'dev') {
14:     // customize
15:     // e.g. config.foo = 'bar';
16:   } else if (env == 'e2e') {
17:     config.baseUrl = 'http://e2e.localhost:3000'
18:     // customize
19:   }
20:   return config;
21: })
<<<<
org.graalvm.polyglot.PolyglotException: SyntaxError: Unnamed:11:4 Expected comma but found ident
    apiKey: karate.properties['apiKey']
    ^
Unnamed:13:2 Expected ) but found if
  if (env == 'dev') {
  ^
Unnamed:16:2 Expected eof but found }
  } else if (env == 'e2e') {
  ^

- org.graalvm.polyglot.Context.eval(Context.java:428)
- com.intuit.karate.graal.JsEngine.evalForValue(JsEngine.java:169)
- com.intuit.karate.graal.JsEngine.eval(JsEngine.java:165)
- com.intuit.karate.core.ScenarioEngine.evalJs(ScenarioEngine.java:1252)
- com.intuit.karate.core.ScenarioRuntime.evalConfigJs(ScenarioRuntime.java:296)
- com.intuit.karate.core.ScenarioRuntime.beforeRun(ScenarioRuntime.java:371)
- com.intuit.karate.core.ScenarioRuntime.run(ScenarioRuntime.java:390)

js failed:
>>>>
01: function fn() {
02:   var env = karate.env; // get system property 'karate.env'
03:   karate.log('karate.env system property was:', env);
04:   if (!env) {
05:     env = 'dev';
06:   }
07:   var config = {
08:     env: env,
09:     myVarName: 'someValue',
10:     baseUrl: 'http://localhost:3000'
11:     apiKey: karate.properties['apiKey']
12:   }
13:   if (env == 'dev') {
14:     // customize
15:     // e.g. config.foo = 'bar';
16:   } else if (env == 'e2e') {
17:     config.baseUrl = 'http://e2e.localhost:3000'
18:     // customize
19:   }
20:   return config;
21: }
<<<<
com.intuit.karate.KarateException: js failed:
>>>>
01: (function fn() {
02:   var env = karate.env; // get system property 'karate.env'
03:   karate.log('karate.env system property was:', env);
04:   if (!env) {
05:     env = 'dev';
06:   }
07:   var config = {
08:     env: env,
09:     myVarName: 'someValue',
10:     baseUrl: 'http://localhost:3000'
11:     apiKey: karate.properties['apiKey']
12:   }
13:   if (env == 'dev') {
14:     // customize
15:     // e.g. config.foo = 'bar';
16:   } else if (env == 'e2e') {
17:     config.baseUrl = 'http://e2e.localhost:3000'
18:     // customize
19:   }
20:   return config;
21: })
<<<<
org.graalvm.polyglot.PolyglotException: SyntaxError: Unnamed:11:4 Expected comma but found ident
    apiKey: karate.properties['apiKey']
    ^
Unnamed:13:2 Expected ) but found if
  if (env == 'dev') {
  ^
Unnamed:16:2 Expected eof but found }
  } else if (env == 'e2e') {
  ^

- org.graalvm.polyglot.Context.eval(Context.java:428)
- com.intuit.karate.graal.JsEngine.evalForValue(JsEngine.java:169)
- com.intuit.karate.graal.JsEngine.eval(JsEngine.java:165)
- com.intuit.karate.core.ScenarioEngine.evalJs(ScenarioEngine.java:1252)
- com.intuit.karate.core.ScenarioRuntime.evalConfigJs(ScenarioRuntime.java:296)
- com.intuit.karate.core.ScenarioRuntime.beforeRun(ScenarioRuntime.java:371)
- com.intuit.karate.core.ScenarioRuntime.run(ScenarioRuntime.java:390)

- com.intuit.karate.graal.JsEngine.fromJsEvalException(JsEngine.java:253)
- com.intuit.karate.core.ScenarioEngine.evalJs(ScenarioEngine.java:1254)
- com.intuit.karate.core.ScenarioRuntime.evalConfigJs(ScenarioRuntime.java:296)
- com.intuit.karate.core.ScenarioRuntime.beforeRun(ScenarioRuntime.java:371)
- com.intuit.karate.core.ScenarioRuntime.run(ScenarioRuntime.java:390)
- com.intuit.karate.core.FeatureRuntime.processScenario(FeatureRuntime.java:193)
- com.intuit.karate.core.FeatureRuntime$1.process(FeatureRuntime.java:140)

classpath:examples/pets/pets.feature:51
classpath:examples/pets/pets.feature:52
classpath:examples/pets/pets.feature:53
19:39:31.160 [pool-2-thread-4] ERROR com.intuit.karate - classpath:examples/pets/pets.feature:41
And method post
>> classpath:examples/pets/pets.feature:38
>> karate-config.js failed
>> js failed:
>>>>
01: (function fn() {
02:   var env = karate.env; // get system property 'karate.env'
03:   karate.log('karate.env system property was:', env);
04:   if (!env) {
05:     env = 'dev';
06:   }
07:   var config = {
08:     env: env,
09:     myVarName: 'someValue',
10:     baseUrl: 'http://localhost:3000'
11:     apiKey: karate.properties['apiKey']
12:   }
13:   if (env == 'dev') {
14:     // customize
15:     // e.g. config.foo = 'bar';
16:   } else if (env == 'e2e') {
17:     config.baseUrl = 'http://e2e.localhost:3000'
18:     // customize
19:   }
20:   return config;
21: })
<<<<
org.graalvm.polyglot.PolyglotException: SyntaxError: Unnamed:11:4 Expected comma but found ident
    apiKey: karate.properties['apiKey']
    ^
Unnamed:13:2 Expected ) but found if
  if (env == 'dev') {
  ^
Unnamed:16:2 Expected eof but found }
  } else if (env == 'e2e') {
  ^

- org.graalvm.polyglot.Context.eval(Context.java:428)
- com.intuit.karate.graal.JsEngine.evalForValue(JsEngine.java:169)
- com.intuit.karate.graal.JsEngine.eval(JsEngine.java:165)
- com.intuit.karate.core.ScenarioEngine.evalJs(ScenarioEngine.java:1252)
- com.intuit.karate.core.ScenarioRuntime.evalConfigJs(ScenarioRuntime.java:296)
- com.intuit.karate.core.ScenarioRuntime.beforeRun(ScenarioRuntime.java:371)
- com.intuit.karate.core.ScenarioRuntime.run(ScenarioRuntime.java:390)

js failed:
>>>>
01: function fn() {
02:   var env = karate.env; // get system property 'karate.env'
03:   karate.log('karate.env system property was:', env);
04:   if (!env) {
05:     env = 'dev';
06:   }
07:   var config = {
08:     env: env,
09:     myVarName: 'someValue',
10:     baseUrl: 'http://localhost:3000'
11:     apiKey: karate.properties['apiKey']
12:   }
13:   if (env == 'dev') {
14:     // customize
15:     // e.g. config.foo = 'bar';
16:   } else if (env == 'e2e') {
17:     config.baseUrl = 'http://e2e.localhost:3000'
18:     // customize
19:   }
20:   return config;
21: }
<<<<
com.intuit.karate.KarateException: js failed:
>>>>
01: (function fn() {
02:   var env = karate.env; // get system property 'karate.env'
03:   karate.log('karate.env system property was:', env);
04:   if (!env) {
05:     env = 'dev';
06:   }
07:   var config = {
08:     env: env,
09:     myVarName: 'someValue',
10:     baseUrl: 'http://localhost:3000'
11:     apiKey: karate.properties['apiKey']
12:   }
13:   if (env == 'dev') {
14:     // customize
15:     // e.g. config.foo = 'bar';
16:   } else if (env == 'e2e') {
17:     config.baseUrl = 'http://e2e.localhost:3000'
18:     // customize
19:   }
20:   return config;
21: })
<<<<
org.graalvm.polyglot.PolyglotException: SyntaxError: Unnamed:11:4 Expected comma but found ident
    apiKey: karate.properties['apiKey']
    ^
Unnamed:13:2 Expected ) but found if
  if (env == 'dev') {
  ^
Unnamed:16:2 Expected eof but found }
  } else if (env == 'e2e') {
  ^

- org.graalvm.polyglot.Context.eval(Context.java:428)
- com.intuit.karate.graal.JsEngine.evalForValue(JsEngine.java:169)
- com.intuit.karate.graal.JsEngine.eval(JsEngine.java:165)
- com.intuit.karate.core.ScenarioEngine.evalJs(ScenarioEngine.java:1252)
- com.intuit.karate.core.ScenarioRuntime.evalConfigJs(ScenarioRuntime.java:296)
- com.intuit.karate.core.ScenarioRuntime.beforeRun(ScenarioRuntime.java:371)
- com.intuit.karate.core.ScenarioRuntime.run(ScenarioRuntime.java:390)

- com.intuit.karate.graal.JsEngine.fromJsEvalException(JsEngine.java:253)
- com.intuit.karate.core.ScenarioEngine.evalJs(ScenarioEngine.java:1254)
- com.intuit.karate.core.ScenarioRuntime.evalConfigJs(ScenarioRuntime.java:296)
- com.intuit.karate.core.ScenarioRuntime.beforeRun(ScenarioRuntime.java:371)
- com.intuit.karate.core.ScenarioRuntime.run(ScenarioRuntime.java:390)
- com.intuit.karate.core.FeatureRuntime.processScenario(FeatureRuntime.java:193)
- com.intuit.karate.core.FeatureRuntime$1.process(FeatureRuntime.java:140)

classpath:examples/pets/pets.feature:39
classpath:examples/pets/pets.feature:40
classpath:examples/pets/pets.feature:41
19:39:31.165 [pool-2-thread-2] ERROR com.intuit.karate - classpath:examples/pets/pets.feature:19
And status 201
>> classpath:examples/pets/pets.feature:15
>> karate-config.js failed
>> js failed:
>>>>
01: (function fn() {
02:   var env = karate.env; // get system property 'karate.env'
03:   karate.log('karate.env system property was:', env);
04:   if (!env) {
05:     env = 'dev';
06:   }
07:   var config = {
08:     env: env,
09:     myVarName: 'someValue',
10:     baseUrl: 'http://localhost:3000'
11:     apiKey: karate.properties['apiKey']
12:   }
13:   if (env == 'dev') {
14:     // customize
15:     // e.g. config.foo = 'bar';
16:   } else if (env == 'e2e') {
17:     config.baseUrl = 'http://e2e.localhost:3000'
18:     // customize
19:   }
20:   return config;
21: })
<<<<
org.graalvm.polyglot.PolyglotException: SyntaxError: Unnamed:11:4 Expected comma but found ident
    apiKey: karate.properties['apiKey']
    ^
Unnamed:13:2 Expected ) but found if
  if (env == 'dev') {
  ^
Unnamed:16:2 Expected eof but found }
  } else if (env == 'e2e') {
  ^

- org.graalvm.polyglot.Context.eval(Context.java:428)
- com.intuit.karate.graal.JsEngine.evalForValue(JsEngine.java:169)
- com.intuit.karate.graal.JsEngine.eval(JsEngine.java:165)
- com.intuit.karate.core.ScenarioEngine.evalJs(ScenarioEngine.java:1252)
- com.intuit.karate.core.ScenarioRuntime.evalConfigJs(ScenarioRuntime.java:296)
- com.intuit.karate.core.ScenarioRuntime.beforeRun(ScenarioRuntime.java:371)
- com.intuit.karate.core.ScenarioRuntime.run(ScenarioRuntime.java:390)

js failed:
>>>>
01: function fn() {
02:   var env = karate.env; // get system property 'karate.env'
03:   karate.log('karate.env system property was:', env);
04:   if (!env) {
05:     env = 'dev';
06:   }
07:   var config = {
08:     env: env,
09:     myVarName: 'someValue',
10:     baseUrl: 'http://localhost:3000'
11:     apiKey: karate.properties['apiKey']
12:   }
13:   if (env == 'dev') {
14:     // customize
15:     // e.g. config.foo = 'bar';
16:   } else if (env == 'e2e') {
17:     config.baseUrl = 'http://e2e.localhost:3000'
18:     // customize
19:   }
20:   return config;
21: }
<<<<
com.intuit.karate.KarateException: js failed:
>>>>
01: (function fn() {
02:   var env = karate.env; // get system property 'karate.env'
03:   karate.log('karate.env system property was:', env);
04:   if (!env) {
05:     env = 'dev';
06:   }
07:   var config = {
08:     env: env,
09:     myVarName: 'someValue',
10:     baseUrl: 'http://localhost:3000'
11:     apiKey: karate.properties['apiKey']
12:   }
13:   if (env == 'dev') {
14:     // customize
15:     // e.g. config.foo = 'bar';
16:   } else if (env == 'e2e') {
17:     config.baseUrl = 'http://e2e.localhost:3000'
18:     // customize
19:   }
20:   return config;
21: })
<<<<
org.graalvm.polyglot.PolyglotException: SyntaxError: Unnamed:11:4 Expected comma but found ident
    apiKey: karate.properties['apiKey']
    ^
Unnamed:13:2 Expected ) but found if
  if (env == 'dev') {
  ^
Unnamed:16:2 Expected eof but found }
  } else if (env == 'e2e') {
  ^

- org.graalvm.polyglot.Context.eval(Context.java:428)
- com.intuit.karate.graal.JsEngine.evalForValue(JsEngine.java:169)
- com.intuit.karate.graal.JsEngine.eval(JsEngine.java:165)
- com.intuit.karate.core.ScenarioEngine.evalJs(ScenarioEngine.java:1252)
- com.intuit.karate.core.ScenarioRuntime.evalConfigJs(ScenarioRuntime.java:296)
- com.intuit.karate.core.ScenarioRuntime.beforeRun(ScenarioRuntime.java:371)
- com.intuit.karate.core.ScenarioRuntime.run(ScenarioRuntime.java:390)

- com.intuit.karate.graal.JsEngine.fromJsEvalException(JsEngine.java:253)
- com.intuit.karate.core.ScenarioEngine.evalJs(ScenarioEngine.java:1254)
- com.intuit.karate.core.ScenarioRuntime.evalConfigJs(ScenarioRuntime.java:296)
- com.intuit.karate.core.ScenarioRuntime.beforeRun(ScenarioRuntime.java:371)
- com.intuit.karate.core.ScenarioRuntime.run(ScenarioRuntime.java:390)
- com.intuit.karate.core.FeatureRuntime.processScenario(FeatureRuntime.java:193)
- com.intuit.karate.core.FeatureRuntime$1.process(FeatureRuntime.java:140)

classpath:examples/pets/pets.feature:16
classpath:examples/pets/pets.feature:17
classpath:examples/pets/pets.feature:18
classpath:examples/pets/pets.feature:19
19:39:31.165 [pool-2-thread-1] ERROR com.intuit.karate - classpath:examples/pets/pets.feature:8
And path 'pets'
>> classpath:examples/pets/pets.feature:3
>> karate-config.js failed
>> js failed:
>>>>
01: (function fn() {
02:   var env = karate.env; // get system property 'karate.env'
03:   karate.log('karate.env system property was:', env);
04:   if (!env) {
05:     env = 'dev';
06:   }
07:   var config = {
08:     env: env,
09:     myVarName: 'someValue',
10:     baseUrl: 'http://localhost:3000'
11:     apiKey: karate.properties['apiKey']
12:   }
13:   if (env == 'dev') {
14:     // customize
15:     // e.g. config.foo = 'bar';
16:   } else if (env == 'e2e') {
17:     config.baseUrl = 'http://e2e.localhost:3000'
18:     // customize
19:   }
20:   return config;
21: })
<<<<
org.graalvm.polyglot.PolyglotException: SyntaxError: Unnamed:11:4 Expected comma but found ident
    apiKey: karate.properties['apiKey']
    ^
Unnamed:13:2 Expected ) but found if
  if (env == 'dev') {
  ^
Unnamed:16:2 Expected eof but found }
  } else if (env == 'e2e') {
  ^

- org.graalvm.polyglot.Context.eval(Context.java:428)
- com.intuit.karate.graal.JsEngine.evalForValue(JsEngine.java:169)
- com.intuit.karate.graal.JsEngine.eval(JsEngine.java:165)
- com.intuit.karate.core.ScenarioEngine.evalJs(ScenarioEngine.java:1252)
- com.intuit.karate.core.ScenarioRuntime.evalConfigJs(ScenarioRuntime.java:296)
- com.intuit.karate.core.ScenarioRuntime.beforeRun(ScenarioRuntime.java:371)
- com.intuit.karate.core.ScenarioRuntime.run(ScenarioRuntime.java:390)

js failed:
>>>>
01: function fn() {
02:   var env = karate.env; // get system property 'karate.env'
03:   karate.log('karate.env system property was:', env);
04:   if (!env) {
05:     env = 'dev';
06:   }
07:   var config = {
08:     env: env,
09:     myVarName: 'someValue',
10:     baseUrl: 'http://localhost:3000'
11:     apiKey: karate.properties['apiKey']
12:   }
13:   if (env == 'dev') {
14:     // customize
15:     // e.g. config.foo = 'bar';
16:   } else if (env == 'e2e') {
17:     config.baseUrl = 'http://e2e.localhost:3000'
18:     // customize
19:   }
20:   return config;
21: }
<<<<
com.intuit.karate.KarateException: js failed:
>>>>
01: (function fn() {
02:   var env = karate.env; // get system property 'karate.env'
03:   karate.log('karate.env system property was:', env);
04:   if (!env) {
05:     env = 'dev';
06:   }
07:   var config = {
08:     env: env,
09:     myVarName: 'someValue',
10:     baseUrl: 'http://localhost:3000'
11:     apiKey: karate.properties['apiKey']
12:   }
13:   if (env == 'dev') {
14:     // customize
15:     // e.g. config.foo = 'bar';
16:   } else if (env == 'e2e') {
17:     config.baseUrl = 'http://e2e.localhost:3000'
18:     // customize
19:   }
20:   return config;
21: })
<<<<
org.graalvm.polyglot.PolyglotException: SyntaxError: Unnamed:11:4 Expected comma but found ident
    apiKey: karate.properties['apiKey']
    ^
Unnamed:13:2 Expected ) but found if
  if (env == 'dev') {
  ^
Unnamed:16:2 Expected eof but found }
  } else if (env == 'e2e') {
  ^

- org.graalvm.polyglot.Context.eval(Context.java:428)
- com.intuit.karate.graal.JsEngine.evalForValue(JsEngine.java:169)
- com.intuit.karate.graal.JsEngine.eval(JsEngine.java:165)
- com.intuit.karate.core.ScenarioEngine.evalJs(ScenarioEngine.java:1252)
- com.intuit.karate.core.ScenarioRuntime.evalConfigJs(ScenarioRuntime.java:296)
- com.intuit.karate.core.ScenarioRuntime.beforeRun(ScenarioRuntime.java:371)
- com.intuit.karate.core.ScenarioRuntime.run(ScenarioRuntime.java:390)

- com.intuit.karate.graal.JsEngine.fromJsEvalException(JsEngine.java:253)
- com.intuit.karate.core.ScenarioEngine.evalJs(ScenarioEngine.java:1254)
- com.intuit.karate.core.ScenarioRuntime.evalConfigJs(ScenarioRuntime.java:296)
- com.intuit.karate.core.ScenarioRuntime.beforeRun(ScenarioRuntime.java:371)
- com.intuit.karate.core.ScenarioRuntime.run(ScenarioRuntime.java:390)
- com.intuit.karate.core.FeatureRuntime.processScenario(FeatureRuntime.java:193)
- com.intuit.karate.core.FeatureRuntime$1.process(FeatureRuntime.java:140)

classpath:examples/pets/pets.feature:5
classpath:examples/pets/pets.feature:6
classpath:examples/pets/pets.feature:7
classpath:examples/pets/pets.feature:8
19:39:31.165 [pool-2-thread-3] ERROR com.intuit.karate - classpath:examples/pets/pets.feature:29
And status 201
>> classpath:examples/pets/pets.feature:25
>> karate-config.js failed
>> js failed:
>>>>
01: (function fn() {
02:   var env = karate.env; // get system property 'karate.env'
03:   karate.log('karate.env system property was:', env);
04:   if (!env) {
05:     env = 'dev';
06:   }
07:   var config = {
08:     env: env,
09:     myVarName: 'someValue',
10:     baseUrl: 'http://localhost:3000'
11:     apiKey: karate.properties['apiKey']
12:   }
13:   if (env == 'dev') {
14:     // customize
15:     // e.g. config.foo = 'bar';
16:   } else if (env == 'e2e') {
17:     config.baseUrl = 'http://e2e.localhost:3000'
18:     // customize
19:   }
20:   return config;
21: })
<<<<
org.graalvm.polyglot.PolyglotException: SyntaxError: Unnamed:11:4 Expected comma but found ident
    apiKey: karate.properties['apiKey']
    ^
Unnamed:13:2 Expected ) but found if
  if (env == 'dev') {
  ^
Unnamed:16:2 Expected eof but found }
  } else if (env == 'e2e') {
  ^

- org.graalvm.polyglot.Context.eval(Context.java:428)
- com.intuit.karate.graal.JsEngine.evalForValue(JsEngine.java:169)
- com.intuit.karate.graal.JsEngine.eval(JsEngine.java:165)
- com.intuit.karate.core.ScenarioEngine.evalJs(ScenarioEngine.java:1252)
- com.intuit.karate.core.ScenarioRuntime.evalConfigJs(ScenarioRuntime.java:296)
- com.intuit.karate.core.ScenarioRuntime.beforeRun(ScenarioRuntime.java:371)
- com.intuit.karate.core.ScenarioRuntime.run(ScenarioRuntime.java:390)

js failed:
>>>>
01: function fn() {
02:   var env = karate.env; // get system property 'karate.env'
03:   karate.log('karate.env system property was:', env);
04:   if (!env) {
05:     env = 'dev';
06:   }
07:   var config = {
08:     env: env,
09:     myVarName: 'someValue',
10:     baseUrl: 'http://localhost:3000'
11:     apiKey: karate.properties['apiKey']
12:   }
13:   if (env == 'dev') {
14:     // customize
15:     // e.g. config.foo = 'bar';
16:   } else if (env == 'e2e') {
17:     config.baseUrl = 'http://e2e.localhost:3000'
18:     // customize
19:   }
20:   return config;
21: }
<<<<
com.intuit.karate.KarateException: js failed:
>>>>
01: (function fn() {
02:   var env = karate.env; // get system property 'karate.env'
03:   karate.log('karate.env system property was:', env);
04:   if (!env) {
05:     env = 'dev';
06:   }
07:   var config = {
08:     env: env,
09:     myVarName: 'someValue',
10:     baseUrl: 'http://localhost:3000'
11:     apiKey: karate.properties['apiKey']
12:   }
13:   if (env == 'dev') {
14:     // customize
15:     // e.g. config.foo = 'bar';
16:   } else if (env == 'e2e') {
17:     config.baseUrl = 'http://e2e.localhost:3000'
18:     // customize
19:   }
20:   return config;
21: })
<<<<
org.graalvm.polyglot.PolyglotException: SyntaxError: Unnamed:11:4 Expected comma but found ident
    apiKey: karate.properties['apiKey']
    ^
Unnamed:13:2 Expected ) but found if
  if (env == 'dev') {
  ^
Unnamed:16:2 Expected eof but found }
  } else if (env == 'e2e') {
  ^

- org.graalvm.polyglot.Context.eval(Context.java:428)
- com.intuit.karate.graal.JsEngine.evalForValue(JsEngine.java:169)
- com.intuit.karate.graal.JsEngine.eval(JsEngine.java:165)
- com.intuit.karate.core.ScenarioEngine.evalJs(ScenarioEngine.java:1252)
- com.intuit.karate.core.ScenarioRuntime.evalConfigJs(ScenarioRuntime.java:296)
- com.intuit.karate.core.ScenarioRuntime.beforeRun(ScenarioRuntime.java:371)
- com.intuit.karate.core.ScenarioRuntime.run(ScenarioRuntime.java:390)

- com.intuit.karate.graal.JsEngine.fromJsEvalException(JsEngine.java:253)
- com.intuit.karate.core.ScenarioEngine.evalJs(ScenarioEngine.java:1254)
- com.intuit.karate.core.ScenarioRuntime.evalConfigJs(ScenarioRuntime.java:296)
- com.intuit.karate.core.ScenarioRuntime.beforeRun(ScenarioRuntime.java:371)
- com.intuit.karate.core.ScenarioRuntime.run(ScenarioRuntime.java:390)
- com.intuit.karate.core.FeatureRuntime.processScenario(FeatureRuntime.java:193)
- com.intuit.karate.core.FeatureRuntime$1.process(FeatureRuntime.java:140)

classpath:examples/pets/pets.feature:26
classpath:examples/pets/pets.feature:27
classpath:examples/pets/pets.feature:28
classpath:examples/pets/pets.feature:29
19:39:31.165 [pool-2-thread-5] ERROR com.intuit.karate - classpath:examples/pets/pets.feature:54
And status 201
>> classpath:examples/pets/pets.feature:50
>> karate-config.js failed
>> js failed:
>>>>
01: (function fn() {
02:   var env = karate.env; // get system property 'karate.env'
03:   karate.log('karate.env system property was:', env);
04:   if (!env) {
05:     env = 'dev';
06:   }
07:   var config = {
08:     env: env,
09:     myVarName: 'someValue',
10:     baseUrl: 'http://localhost:3000'
11:     apiKey: karate.properties['apiKey']
12:   }
13:   if (env == 'dev') {
14:     // customize
15:     // e.g. config.foo = 'bar';
16:   } else if (env == 'e2e') {
17:     config.baseUrl = 'http://e2e.localhost:3000'
18:     // customize
19:   }
20:   return config;
21: })
<<<<
org.graalvm.polyglot.PolyglotException: SyntaxError: Unnamed:11:4 Expected comma but found ident
    apiKey: karate.properties['apiKey']
    ^
Unnamed:13:2 Expected ) but found if
  if (env == 'dev') {
  ^
Unnamed:16:2 Expected eof but found }
  } else if (env == 'e2e') {
  ^

- org.graalvm.polyglot.Context.eval(Context.java:428)
- com.intuit.karate.graal.JsEngine.evalForValue(JsEngine.java:169)
- com.intuit.karate.graal.JsEngine.eval(JsEngine.java:165)
- com.intuit.karate.core.ScenarioEngine.evalJs(ScenarioEngine.java:1252)
- com.intuit.karate.core.ScenarioRuntime.evalConfigJs(ScenarioRuntime.java:296)
- com.intuit.karate.core.ScenarioRuntime.beforeRun(ScenarioRuntime.java:371)
- com.intuit.karate.core.ScenarioRuntime.run(ScenarioRuntime.java:390)

js failed:
>>>>
01: function fn() {
02:   var env = karate.env; // get system property 'karate.env'
03:   karate.log('karate.env system property was:', env);
04:   if (!env) {
05:     env = 'dev';
06:   }
07:   var config = {
08:     env: env,
09:     myVarName: 'someValue',
10:     baseUrl: 'http://localhost:3000'
11:     apiKey: karate.properties['apiKey']
12:   }
13:   if (env == 'dev') {
14:     // customize
15:     // e.g. config.foo = 'bar';
16:   } else if (env == 'e2e') {
17:     config.baseUrl = 'http://e2e.localhost:3000'
18:     // customize
19:   }
20:   return config;
21: }
<<<<
com.intuit.karate.KarateException: js failed:
>>>>
01: (function fn() {
02:   var env = karate.env; // get system property 'karate.env'
03:   karate.log('karate.env system property was:', env);
04:   if (!env) {
05:     env = 'dev';
06:   }
07:   var config = {
08:     env: env,
09:     myVarName: 'someValue',
10:     baseUrl: 'http://localhost:3000'
11:     apiKey: karate.properties['apiKey']
12:   }
13:   if (env == 'dev') {
14:     // customize
15:     // e.g. config.foo = 'bar';
16:   } else if (env == 'e2e') {
17:     config.baseUrl = 'http://e2e.localhost:3000'
18:     // customize
19:   }
20:   return config;
21: })
<<<<
org.graalvm.polyglot.PolyglotException: SyntaxError: Unnamed:11:4 Expected comma but found ident
    apiKey: karate.properties['apiKey']
    ^
Unnamed:13:2 Expected ) but found if
  if (env == 'dev') {
  ^
Unnamed:16:2 Expected eof but found }
  } else if (env == 'e2e') {
  ^

- org.graalvm.polyglot.Context.eval(Context.java:428)
- com.intuit.karate.graal.JsEngine.evalForValue(JsEngine.java:169)
- com.intuit.karate.graal.JsEngine.eval(JsEngine.java:165)
- com.intuit.karate.core.ScenarioEngine.evalJs(ScenarioEngine.java:1252)
- com.intuit.karate.core.ScenarioRuntime.evalConfigJs(ScenarioRuntime.java:296)
- com.intuit.karate.core.ScenarioRuntime.beforeRun(ScenarioRuntime.java:371)
- com.intuit.karate.core.ScenarioRuntime.run(ScenarioRuntime.java:390)

- com.intuit.karate.graal.JsEngine.fromJsEvalException(JsEngine.java:253)
- com.intuit.karate.core.ScenarioEngine.evalJs(ScenarioEngine.java:1254)
- com.intuit.karate.core.ScenarioRuntime.evalConfigJs(ScenarioRuntime.java:296)
- com.intuit.karate.core.ScenarioRuntime.beforeRun(ScenarioRuntime.java:371)
- com.intuit.karate.core.ScenarioRuntime.run(ScenarioRuntime.java:390)
- com.intuit.karate.core.FeatureRuntime.processScenario(FeatureRuntime.java:193)
- com.intuit.karate.core.FeatureRuntime$1.process(FeatureRuntime.java:140)

classpath:examples/pets/pets.feature:51
classpath:examples/pets/pets.feature:52
classpath:examples/pets/pets.feature:53
classpath:examples/pets/pets.feature:54
19:39:31.165 [pool-2-thread-4] ERROR com.intuit.karate - classpath:examples/pets/pets.feature:42
And status 201
>> classpath:examples/pets/pets.feature:38
>> karate-config.js failed
>> js failed:
>>>>
01: (function fn() {
02:   var env = karate.env; // get system property 'karate.env'
03:   karate.log('karate.env system property was:', env);
04:   if (!env) {
05:     env = 'dev';
06:   }
07:   var config = {
08:     env: env,
09:     myVarName: 'someValue',
10:     baseUrl: 'http://localhost:3000'
11:     apiKey: karate.properties['apiKey']
12:   }
13:   if (env == 'dev') {
14:     // customize
15:     // e.g. config.foo = 'bar';
16:   } else if (env == 'e2e') {
17:     config.baseUrl = 'http://e2e.localhost:3000'
18:     // customize
19:   }
20:   return config;
21: })
<<<<
org.graalvm.polyglot.PolyglotException: SyntaxError: Unnamed:11:4 Expected comma but found ident
    apiKey: karate.properties['apiKey']
    ^
Unnamed:13:2 Expected ) but found if
  if (env == 'dev') {
  ^
Unnamed:16:2 Expected eof but found }
  } else if (env == 'e2e') {
  ^

- org.graalvm.polyglot.Context.eval(Context.java:428)
- com.intuit.karate.graal.JsEngine.evalForValue(JsEngine.java:169)
- com.intuit.karate.graal.JsEngine.eval(JsEngine.java:165)
- com.intuit.karate.core.ScenarioEngine.evalJs(ScenarioEngine.java:1252)
- com.intuit.karate.core.ScenarioRuntime.evalConfigJs(ScenarioRuntime.java:296)
- com.intuit.karate.core.ScenarioRuntime.beforeRun(ScenarioRuntime.java:371)
- com.intuit.karate.core.ScenarioRuntime.run(ScenarioRuntime.java:390)

js failed:
>>>>
01: function fn() {
02:   var env = karate.env; // get system property 'karate.env'
03:   karate.log('karate.env system property was:', env);
04:   if (!env) {
05:     env = 'dev';
06:   }
07:   var config = {
08:     env: env,
09:     myVarName: 'someValue',
10:     baseUrl: 'http://localhost:3000'
11:     apiKey: karate.properties['apiKey']
12:   }
13:   if (env == 'dev') {
14:     // customize
15:     // e.g. config.foo = 'bar';
16:   } else if (env == 'e2e') {
17:     config.baseUrl = 'http://e2e.localhost:3000'
18:     // customize
19:   }
20:   return config;
21: }
<<<<
com.intuit.karate.KarateException: js failed:
>>>>
01: (function fn() {
02:   var env = karate.env; // get system property 'karate.env'
03:   karate.log('karate.env system property was:', env);
04:   if (!env) {
05:     env = 'dev';
06:   }
07:   var config = {
08:     env: env,
09:     myVarName: 'someValue',
10:     baseUrl: 'http://localhost:3000'
11:     apiKey: karate.properties['apiKey']
12:   }
13:   if (env == 'dev') {
14:     // customize
15:     // e.g. config.foo = 'bar';
16:   } else if (env == 'e2e') {
17:     config.baseUrl = 'http://e2e.localhost:3000'
18:     // customize
19:   }
20:   return config;
21: })
<<<<
org.graalvm.polyglot.PolyglotException: SyntaxError: Unnamed:11:4 Expected comma but found ident
    apiKey: karate.properties['apiKey']
    ^
Unnamed:13:2 Expected ) but found if
  if (env == 'dev') {
  ^
Unnamed:16:2 Expected eof but found }
  } else if (env == 'e2e') {
  ^

- org.graalvm.polyglot.Context.eval(Context.java:428)
- com.intuit.karate.graal.JsEngine.evalForValue(JsEngine.java:169)
- com.intuit.karate.graal.JsEngine.eval(JsEngine.java:165)
- com.intuit.karate.core.ScenarioEngine.evalJs(ScenarioEngine.java:1252)
- com.intuit.karate.core.ScenarioRuntime.evalConfigJs(ScenarioRuntime.java:296)
- com.intuit.karate.core.ScenarioRuntime.beforeRun(ScenarioRuntime.java:371)
- com.intuit.karate.core.ScenarioRuntime.run(ScenarioRuntime.java:390)

- com.intuit.karate.graal.JsEngine.fromJsEvalException(JsEngine.java:253)
- com.intuit.karate.core.ScenarioEngine.evalJs(ScenarioEngine.java:1254)
- com.intuit.karate.core.ScenarioRuntime.evalConfigJs(ScenarioRuntime.java:296)
- com.intuit.karate.core.ScenarioRuntime.beforeRun(ScenarioRuntime.java:371)
- com.intuit.karate.core.ScenarioRuntime.run(ScenarioRuntime.java:390)
- com.intuit.karate.core.FeatureRuntime.processScenario(FeatureRuntime.java:193)
- com.intuit.karate.core.FeatureRuntime$1.process(FeatureRuntime.java:140)

classpath:examples/pets/pets.feature:39
classpath:examples/pets/pets.feature:40
classpath:examples/pets/pets.feature:41
classpath:examples/pets/pets.feature:42
19:39:31.167 [pool-2-thread-2] ERROR com.intuit.karate - classpath:examples/pets/pets.feature:20
And def petId = $.data.id
>> classpath:examples/pets/pets.feature:15
>> karate-config.js failed
>> js failed:
>>>>
01: (function fn() {
02:   var env = karate.env; // get system property 'karate.env'
03:   karate.log('karate.env system property was:', env);
04:   if (!env) {
05:     env = 'dev';
06:   }
07:   var config = {
08:     env: env,
09:     myVarName: 'someValue',
10:     baseUrl: 'http://localhost:3000'
11:     apiKey: karate.properties['apiKey']
12:   }
13:   if (env == 'dev') {
14:     // customize
15:     // e.g. config.foo = 'bar';
16:   } else if (env == 'e2e') {
17:     config.baseUrl = 'http://e2e.localhost:3000'
18:     // customize
19:   }
20:   return config;
21: })
<<<<
org.graalvm.polyglot.PolyglotException: SyntaxError: Unnamed:11:4 Expected comma but found ident
    apiKey: karate.properties['apiKey']
    ^
Unnamed:13:2 Expected ) but found if
  if (env == 'dev') {
  ^
Unnamed:16:2 Expected eof but found }
  } else if (env == 'e2e') {
  ^

- org.graalvm.polyglot.Context.eval(Context.java:428)
- com.intuit.karate.graal.JsEngine.evalForValue(JsEngine.java:169)
- com.intuit.karate.graal.JsEngine.eval(JsEngine.java:165)
- com.intuit.karate.core.ScenarioEngine.evalJs(ScenarioEngine.java:1252)
- com.intuit.karate.core.ScenarioRuntime.evalConfigJs(ScenarioRuntime.java:296)
- com.intuit.karate.core.ScenarioRuntime.beforeRun(ScenarioRuntime.java:371)
- com.intuit.karate.core.ScenarioRuntime.run(ScenarioRuntime.java:390)

js failed:
>>>>
01: function fn() {
02:   var env = karate.env; // get system property 'karate.env'
03:   karate.log('karate.env system property was:', env);
04:   if (!env) {
05:     env = 'dev';
06:   }
07:   var config = {
08:     env: env,
09:     myVarName: 'someValue',
10:     baseUrl: 'http://localhost:3000'
11:     apiKey: karate.properties['apiKey']
12:   }
13:   if (env == 'dev') {
14:     // customize
15:     // e.g. config.foo = 'bar';
16:   } else if (env == 'e2e') {
17:     config.baseUrl = 'http://e2e.localhost:3000'
18:     // customize
19:   }
20:   return config;
21: }
<<<<
com.intuit.karate.KarateException: js failed:
>>>>
01: (function fn() {
02:   var env = karate.env; // get system property 'karate.env'
03:   karate.log('karate.env system property was:', env);
04:   if (!env) {
05:     env = 'dev';
06:   }
07:   var config = {
08:     env: env,
09:     myVarName: 'someValue',
10:     baseUrl: 'http://localhost:3000'
11:     apiKey: karate.properties['apiKey']
12:   }
13:   if (env == 'dev') {
14:     // customize
15:     // e.g. config.foo = 'bar';
16:   } else if (env == 'e2e') {
17:     config.baseUrl = 'http://e2e.localhost:3000'
18:     // customize
19:   }
20:   return config;
21: })
<<<<
org.graalvm.polyglot.PolyglotException: SyntaxError: Unnamed:11:4 Expected comma but found ident
    apiKey: karate.properties['apiKey']
    ^
Unnamed:13:2 Expected ) but found if
  if (env == 'dev') {
  ^
Unnamed:16:2 Expected eof but found }
  } else if (env == 'e2e') {
  ^

- org.graalvm.polyglot.Context.eval(Context.java:428)
- com.intuit.karate.graal.JsEngine.evalForValue(JsEngine.java:169)
- com.intuit.karate.graal.JsEngine.eval(JsEngine.java:165)
- com.intuit.karate.core.ScenarioEngine.evalJs(ScenarioEngine.java:1252)
- com.intuit.karate.core.ScenarioRuntime.evalConfigJs(ScenarioRuntime.java:296)
- com.intuit.karate.core.ScenarioRuntime.beforeRun(ScenarioRuntime.java:371)
- com.intuit.karate.core.ScenarioRuntime.run(ScenarioRuntime.java:390)

- com.intuit.karate.graal.JsEngine.fromJsEvalException(JsEngine.java:253)
- com.intuit.karate.core.ScenarioEngine.evalJs(ScenarioEngine.java:1254)
- com.intuit.karate.core.ScenarioRuntime.evalConfigJs(ScenarioRuntime.java:296)
- com.intuit.karate.core.ScenarioRuntime.beforeRun(ScenarioRuntime.java:371)
- com.intuit.karate.core.ScenarioRuntime.run(ScenarioRuntime.java:390)
- com.intuit.karate.core.FeatureRuntime.processScenario(FeatureRuntime.java:193)
- com.intuit.karate.core.FeatureRuntime$1.process(FeatureRuntime.java:140)

classpath:examples/pets/pets.feature:16
classpath:examples/pets/pets.feature:17
classpath:examples/pets/pets.feature:18
classpath:examples/pets/pets.feature:19
classpath:examples/pets/pets.feature:20
19:39:31.167 [pool-2-thread-4] ERROR com.intuit.karate - classpath:examples/pets/pets.feature:43
And def petId = $.data.id
>> classpath:examples/pets/pets.feature:38
>> karate-config.js failed
>> js failed:
>>>>
01: (function fn() {
02:   var env = karate.env; // get system property 'karate.env'
03:   karate.log('karate.env system property was:', env);
04:   if (!env) {
05:     env = 'dev';
06:   }
07:   var config = {
08:     env: env,
09:     myVarName: 'someValue',
10:     baseUrl: 'http://localhost:3000'
11:     apiKey: karate.properties['apiKey']
12:   }
13:   if (env == 'dev') {
14:     // customize
15:     // e.g. config.foo = 'bar';
16:   } else if (env == 'e2e') {
17:     config.baseUrl = 'http://e2e.localhost:3000'
18:     // customize
19:   }
20:   return config;
21: })
<<<<
org.graalvm.polyglot.PolyglotException: SyntaxError: Unnamed:11:4 Expected comma but found ident
    apiKey: karate.properties['apiKey']
    ^
Unnamed:13:2 Expected ) but found if
  if (env == 'dev') {
  ^
Unnamed:16:2 Expected eof but found }
  } else if (env == 'e2e') {
  ^

- org.graalvm.polyglot.Context.eval(Context.java:428)
- com.intuit.karate.graal.JsEngine.evalForValue(JsEngine.java:169)
- com.intuit.karate.graal.JsEngine.eval(JsEngine.java:165)
- com.intuit.karate.core.ScenarioEngine.evalJs(ScenarioEngine.java:1252)
- com.intuit.karate.core.ScenarioRuntime.evalConfigJs(ScenarioRuntime.java:296)
- com.intuit.karate.core.ScenarioRuntime.beforeRun(ScenarioRuntime.java:371)
- com.intuit.karate.core.ScenarioRuntime.run(ScenarioRuntime.java:390)

js failed:
>>>>
01: function fn() {
02:   var env = karate.env; // get system property 'karate.env'
03:   karate.log('karate.env system property was:', env);
04:   if (!env) {
05:     env = 'dev';
06:   }
07:   var config = {
08:     env: env,
09:     myVarName: 'someValue',
10:     baseUrl: 'http://localhost:3000'
11:     apiKey: karate.properties['apiKey']
12:   }
13:   if (env == 'dev') {
14:     // customize
15:     // e.g. config.foo = 'bar';
16:   } else if (env == 'e2e') {
17:     config.baseUrl = 'http://e2e.localhost:3000'
18:     // customize
19:   }
20:   return config;
21: }
<<<<
com.intuit.karate.KarateException: js failed:
>>>>
01: (function fn() {
02:   var env = karate.env; // get system property 'karate.env'
03:   karate.log('karate.env system property was:', env);
04:   if (!env) {
05:     env = 'dev';
06:   }
07:   var config = {
08:     env: env,
09:     myVarName: 'someValue',
10:     baseUrl: 'http://localhost:3000'
11:     apiKey: karate.properties['apiKey']
12:   }
13:   if (env == 'dev') {
14:     // customize
15:     // e.g. config.foo = 'bar';
16:   } else if (env == 'e2e') {
17:     config.baseUrl = 'http://e2e.localhost:3000'
18:     // customize
19:   }
20:   return config;
21: })
<<<<
org.graalvm.polyglot.PolyglotException: SyntaxError: Unnamed:11:4 Expected comma but found ident
    apiKey: karate.properties['apiKey']
    ^
Unnamed:13:2 Expected ) but found if
  if (env == 'dev') {
  ^
Unnamed:16:2 Expected eof but found }
  } else if (env == 'e2e') {
  ^

- org.graalvm.polyglot.Context.eval(Context.java:428)
- com.intuit.karate.graal.JsEngine.evalForValue(JsEngine.java:169)
- com.intuit.karate.graal.JsEngine.eval(JsEngine.java:165)
- com.intuit.karate.core.ScenarioEngine.evalJs(ScenarioEngine.java:1252)
- com.intuit.karate.core.ScenarioRuntime.evalConfigJs(ScenarioRuntime.java:296)
- com.intuit.karate.core.ScenarioRuntime.beforeRun(ScenarioRuntime.java:371)
- com.intuit.karate.core.ScenarioRuntime.run(ScenarioRuntime.java:390)

- com.intuit.karate.graal.JsEngine.fromJsEvalException(JsEngine.java:253)
- com.intuit.karate.core.ScenarioEngine.evalJs(ScenarioEngine.java:1254)
- com.intuit.karate.core.ScenarioRuntime.evalConfigJs(ScenarioRuntime.java:296)
- com.intuit.karate.core.ScenarioRuntime.beforeRun(ScenarioRuntime.java:371)
- com.intuit.karate.core.ScenarioRuntime.run(ScenarioRuntime.java:390)
- com.intuit.karate.core.FeatureRuntime.processScenario(FeatureRuntime.java:193)
- com.intuit.karate.core.FeatureRuntime$1.process(FeatureRuntime.java:140)

classpath:examples/pets/pets.feature:39
classpath:examples/pets/pets.feature:40
classpath:examples/pets/pets.feature:41
classpath:examples/pets/pets.feature:42
classpath:examples/pets/pets.feature:43
19:39:31.167 [pool-2-thread-1] ERROR com.intuit.karate - classpath:examples/pets/pets.feature:9
And request { "name": "Bingo3", "type": "Perro", "age": 1}
>> classpath:examples/pets/pets.feature:3
>> karate-config.js failed
>> js failed:
>>>>
01: (function fn() {
02:   var env = karate.env; // get system property 'karate.env'
03:   karate.log('karate.env system property was:', env);
04:   if (!env) {
05:     env = 'dev';
06:   }
07:   var config = {
08:     env: env,
09:     myVarName: 'someValue',
10:     baseUrl: 'http://localhost:3000'
11:     apiKey: karate.properties['apiKey']
12:   }
13:   if (env == 'dev') {
14:     // customize
15:     // e.g. config.foo = 'bar';
16:   } else if (env == 'e2e') {
17:     config.baseUrl = 'http://e2e.localhost:3000'
18:     // customize
19:   }
20:   return config;
21: })
<<<<
org.graalvm.polyglot.PolyglotException: SyntaxError: Unnamed:11:4 Expected comma but found ident
    apiKey: karate.properties['apiKey']
    ^
Unnamed:13:2 Expected ) but found if
  if (env == 'dev') {
  ^
Unnamed:16:2 Expected eof but found }
  } else if (env == 'e2e') {
  ^

- org.graalvm.polyglot.Context.eval(Context.java:428)
- com.intuit.karate.graal.JsEngine.evalForValue(JsEngine.java:169)
- com.intuit.karate.graal.JsEngine.eval(JsEngine.java:165)
- com.intuit.karate.core.ScenarioEngine.evalJs(ScenarioEngine.java:1252)
- com.intuit.karate.core.ScenarioRuntime.evalConfigJs(ScenarioRuntime.java:296)
- com.intuit.karate.core.ScenarioRuntime.beforeRun(ScenarioRuntime.java:371)
- com.intuit.karate.core.ScenarioRuntime.run(ScenarioRuntime.java:390)

js failed:
>>>>
01: function fn() {
02:   var env = karate.env; // get system property 'karate.env'
03:   karate.log('karate.env system property was:', env);
04:   if (!env) {
05:     env = 'dev';
06:   }
07:   var config = {
08:     env: env,
09:     myVarName: 'someValue',
10:     baseUrl: 'http://localhost:3000'
11:     apiKey: karate.properties['apiKey']
12:   }
13:   if (env == 'dev') {
14:     // customize
15:     // e.g. config.foo = 'bar';
16:   } else if (env == 'e2e') {
17:     config.baseUrl = 'http://e2e.localhost:3000'
18:     // customize
19:   }
20:   return config;
21: }
<<<<
com.intuit.karate.KarateException: js failed:
>>>>
01: (function fn() {
02:   var env = karate.env; // get system property 'karate.env'
03:   karate.log('karate.env system property was:', env);
04:   if (!env) {
05:     env = 'dev';
06:   }
07:   var config = {
08:     env: env,
09:     myVarName: 'someValue',
10:     baseUrl: 'http://localhost:3000'
11:     apiKey: karate.properties['apiKey']
12:   }
13:   if (env == 'dev') {
14:     // customize
15:     // e.g. config.foo = 'bar';
16:   } else if (env == 'e2e') {
17:     config.baseUrl = 'http://e2e.localhost:3000'
18:     // customize
19:   }
20:   return config;
21: })
<<<<
org.graalvm.polyglot.PolyglotException: SyntaxError: Unnamed:11:4 Expected comma but found ident
    apiKey: karate.properties['apiKey']
    ^
Unnamed:13:2 Expected ) but found if
  if (env == 'dev') {
  ^
Unnamed:16:2 Expected eof but found }
  } else if (env == 'e2e') {
  ^

- org.graalvm.polyglot.Context.eval(Context.java:428)
- com.intuit.karate.graal.JsEngine.evalForValue(JsEngine.java:169)
- com.intuit.karate.graal.JsEngine.eval(JsEngine.java:165)
- com.intuit.karate.core.ScenarioEngine.evalJs(ScenarioEngine.java:1252)
- com.intuit.karate.core.ScenarioRuntime.evalConfigJs(ScenarioRuntime.java:296)
- com.intuit.karate.core.ScenarioRuntime.beforeRun(ScenarioRuntime.java:371)
- com.intuit.karate.core.ScenarioRuntime.run(ScenarioRuntime.java:390)

- com.intuit.karate.graal.JsEngine.fromJsEvalException(JsEngine.java:253)
- com.intuit.karate.core.ScenarioEngine.evalJs(ScenarioEngine.java:1254)
- com.intuit.karate.core.ScenarioRuntime.evalConfigJs(ScenarioRuntime.java:296)
- com.intuit.karate.core.ScenarioRuntime.beforeRun(ScenarioRuntime.java:371)
- com.intuit.karate.core.ScenarioRuntime.run(ScenarioRuntime.java:390)
- com.intuit.karate.core.FeatureRuntime.processScenario(FeatureRuntime.java:193)
- com.intuit.karate.core.FeatureRuntime$1.process(FeatureRuntime.java:140)

classpath:examples/pets/pets.feature:5
classpath:examples/pets/pets.feature:6
classpath:examples/pets/pets.feature:7
classpath:examples/pets/pets.feature:8
classpath:examples/pets/pets.feature:9
19:39:31.167 [pool-2-thread-3] ERROR com.intuit.karate - classpath:examples/pets/pets.feature:30
And def petId = $.data.id
>> classpath:examples/pets/pets.feature:25
>> karate-config.js failed
>> js failed:
>>>>
01: (function fn() {
02:   var env = karate.env; // get system property 'karate.env'
03:   karate.log('karate.env system property was:', env);
04:   if (!env) {
05:     env = 'dev';
06:   }
07:   var config = {
08:     env: env,
09:     myVarName: 'someValue',
10:     baseUrl: 'http://localhost:3000'
11:     apiKey: karate.properties['apiKey']
12:   }
13:   if (env == 'dev') {
14:     // customize
15:     // e.g. config.foo = 'bar';
16:   } else if (env == 'e2e') {
17:     config.baseUrl = 'http://e2e.localhost:3000'
18:     // customize
19:   }
20:   return config;
21: })
<<<<
org.graalvm.polyglot.PolyglotException: SyntaxError: Unnamed:11:4 Expected comma but found ident
    apiKey: karate.properties['apiKey']
    ^
Unnamed:13:2 Expected ) but found if
  if (env == 'dev') {
  ^
Unnamed:16:2 Expected eof but found }
  } else if (env == 'e2e') {
  ^

- org.graalvm.polyglot.Context.eval(Context.java:428)
- com.intuit.karate.graal.JsEngine.evalForValue(JsEngine.java:169)
- com.intuit.karate.graal.JsEngine.eval(JsEngine.java:165)
- com.intuit.karate.core.ScenarioEngine.evalJs(ScenarioEngine.java:1252)
- com.intuit.karate.core.ScenarioRuntime.evalConfigJs(ScenarioRuntime.java:296)
- com.intuit.karate.core.ScenarioRuntime.beforeRun(ScenarioRuntime.java:371)
- com.intuit.karate.core.ScenarioRuntime.run(ScenarioRuntime.java:390)

js failed:
>>>>
01: function fn() {
02:   var env = karate.env; // get system property 'karate.env'
03:   karate.log('karate.env system property was:', env);
04:   if (!env) {
05:     env = 'dev';
06:   }
07:   var config = {
08:     env: env,
09:     myVarName: 'someValue',
10:     baseUrl: 'http://localhost:3000'
11:     apiKey: karate.properties['apiKey']
12:   }
13:   if (env == 'dev') {
14:     // customize
15:     // e.g. config.foo = 'bar';
16:   } else if (env == 'e2e') {
17:     config.baseUrl = 'http://e2e.localhost:3000'
18:     // customize
19:   }
20:   return config;
21: }
<<<<
com.intuit.karate.KarateException: js failed:
>>>>
01: (function fn() {
02:   var env = karate.env; // get system property 'karate.env'
03:   karate.log('karate.env system property was:', env);
04:   if (!env) {
05:     env = 'dev';
06:   }
07:   var config = {
08:     env: env,
09:     myVarName: 'someValue',
10:     baseUrl: 'http://localhost:3000'
11:     apiKey: karate.properties['apiKey']
12:   }
13:   if (env == 'dev') {
14:     // customize
15:     // e.g. config.foo = 'bar';
16:   } else if (env == 'e2e') {
17:     config.baseUrl = 'http://e2e.localhost:3000'
18:     // customize
19:   }
20:   return config;
21: })
<<<<
org.graalvm.polyglot.PolyglotException: SyntaxError: Unnamed:11:4 Expected comma but found ident
    apiKey: karate.properties['apiKey']
    ^
Unnamed:13:2 Expected ) but found if
  if (env == 'dev') {
  ^
Unnamed:16:2 Expected eof but found }
  } else if (env == 'e2e') {
  ^

- org.graalvm.polyglot.Context.eval(Context.java:428)
- com.intuit.karate.graal.JsEngine.evalForValue(JsEngine.java:169)
- com.intuit.karate.graal.JsEngine.eval(JsEngine.java:165)
- com.intuit.karate.core.ScenarioEngine.evalJs(ScenarioEngine.java:1252)
- com.intuit.karate.core.ScenarioRuntime.evalConfigJs(ScenarioRuntime.java:296)
- com.intuit.karate.core.ScenarioRuntime.beforeRun(ScenarioRuntime.java:371)
- com.intuit.karate.core.ScenarioRuntime.run(ScenarioRuntime.java:390)

- com.intuit.karate.graal.JsEngine.fromJsEvalException(JsEngine.java:253)
- com.intuit.karate.core.ScenarioEngine.evalJs(ScenarioEngine.java:1254)
- com.intuit.karate.core.ScenarioRuntime.evalConfigJs(ScenarioRuntime.java:296)
- com.intuit.karate.core.ScenarioRuntime.beforeRun(ScenarioRuntime.java:371)
- com.intuit.karate.core.ScenarioRuntime.run(ScenarioRuntime.java:390)
- com.intuit.karate.core.FeatureRuntime.processScenario(FeatureRuntime.java:193)
- com.intuit.karate.core.FeatureRuntime$1.process(FeatureRuntime.java:140)

classpath:examples/pets/pets.feature:26
classpath:examples/pets/pets.feature:27
classpath:examples/pets/pets.feature:28
classpath:examples/pets/pets.feature:29
classpath:examples/pets/pets.feature:30
19:39:31.167 [pool-2-thread-5] ERROR com.intuit.karate - classpath:examples/pets/pets.feature:55
And def petId = $.data.id
>> classpath:examples/pets/pets.feature:50
>> karate-config.js failed
>> js failed:
>>>>
01: (function fn() {
02:   var env = karate.env; // get system property 'karate.env'
03:   karate.log('karate.env system property was:', env);
04:   if (!env) {
05:     env = 'dev';
06:   }
07:   var config = {
08:     env: env,
09:     myVarName: 'someValue',
10:     baseUrl: 'http://localhost:3000'
11:     apiKey: karate.properties['apiKey']
12:   }
13:   if (env == 'dev') {
14:     // customize
15:     // e.g. config.foo = 'bar';
16:   } else if (env == 'e2e') {
17:     config.baseUrl = 'http://e2e.localhost:3000'
18:     // customize
19:   }
20:   return config;
21: })
<<<<
org.graalvm.polyglot.PolyglotException: SyntaxError: Unnamed:11:4 Expected comma but found ident
    apiKey: karate.properties['apiKey']
    ^
Unnamed:13:2 Expected ) but found if
  if (env == 'dev') {
  ^
Unnamed:16:2 Expected eof but found }
  } else if (env == 'e2e') {
  ^

- org.graalvm.polyglot.Context.eval(Context.java:428)
- com.intuit.karate.graal.JsEngine.evalForValue(JsEngine.java:169)
- com.intuit.karate.graal.JsEngine.eval(JsEngine.java:165)
- com.intuit.karate.core.ScenarioEngine.evalJs(ScenarioEngine.java:1252)
- com.intuit.karate.core.ScenarioRuntime.evalConfigJs(ScenarioRuntime.java:296)
- com.intuit.karate.core.ScenarioRuntime.beforeRun(ScenarioRuntime.java:371)
- com.intuit.karate.core.ScenarioRuntime.run(ScenarioRuntime.java:390)

js failed:
>>>>
01: function fn() {
02:   var env = karate.env; // get system property 'karate.env'
03:   karate.log('karate.env system property was:', env);
04:   if (!env) {
05:     env = 'dev';
06:   }
07:   var config = {
08:     env: env,
09:     myVarName: 'someValue',
10:     baseUrl: 'http://localhost:3000'
11:     apiKey: karate.properties['apiKey']
12:   }
13:   if (env == 'dev') {
14:     // customize
15:     // e.g. config.foo = 'bar';
16:   } else if (env == 'e2e') {
17:     config.baseUrl = 'http://e2e.localhost:3000'
18:     // customize
19:   }
20:   return config;
21: }
<<<<
com.intuit.karate.KarateException: js failed:
>>>>
01: (function fn() {
02:   var env = karate.env; // get system property 'karate.env'
03:   karate.log('karate.env system property was:', env);
04:   if (!env) {
05:     env = 'dev';
06:   }
07:   var config = {
08:     env: env,
09:     myVarName: 'someValue',
10:     baseUrl: 'http://localhost:3000'
11:     apiKey: karate.properties['apiKey']
12:   }
13:   if (env == 'dev') {
14:     // customize
15:     // e.g. config.foo = 'bar';
16:   } else if (env == 'e2e') {
17:     config.baseUrl = 'http://e2e.localhost:3000'
18:     // customize
19:   }
20:   return config;
21: })
<<<<
org.graalvm.polyglot.PolyglotException: SyntaxError: Unnamed:11:4 Expected comma but found ident
    apiKey: karate.properties['apiKey']
    ^
Unnamed:13:2 Expected ) but found if
  if (env == 'dev') {
  ^
Unnamed:16:2 Expected eof but found }
  } else if (env == 'e2e') {
  ^

- org.graalvm.polyglot.Context.eval(Context.java:428)
- com.intuit.karate.graal.JsEngine.evalForValue(JsEngine.java:169)
- com.intuit.karate.graal.JsEngine.eval(JsEngine.java:165)
- com.intuit.karate.core.ScenarioEngine.evalJs(ScenarioEngine.java:1252)
- com.intuit.karate.core.ScenarioRuntime.evalConfigJs(ScenarioRuntime.java:296)
- com.intuit.karate.core.ScenarioRuntime.beforeRun(ScenarioRuntime.java:371)
- com.intuit.karate.core.ScenarioRuntime.run(ScenarioRuntime.java:390)

- com.intuit.karate.graal.JsEngine.fromJsEvalException(JsEngine.java:253)
- com.intuit.karate.core.ScenarioEngine.evalJs(ScenarioEngine.java:1254)
- com.intuit.karate.core.ScenarioRuntime.evalConfigJs(ScenarioRuntime.java:296)
- com.intuit.karate.core.ScenarioRuntime.beforeRun(ScenarioRuntime.java:371)
- com.intuit.karate.core.ScenarioRuntime.run(ScenarioRuntime.java:390)
- com.intuit.karate.core.FeatureRuntime.processScenario(FeatureRuntime.java:193)
- com.intuit.karate.core.FeatureRuntime$1.process(FeatureRuntime.java:140)

classpath:examples/pets/pets.feature:51
classpath:examples/pets/pets.feature:52
classpath:examples/pets/pets.feature:53
classpath:examples/pets/pets.feature:54
classpath:examples/pets/pets.feature:55
19:39:31.167 [pool-2-thread-2] ERROR com.intuit.karate - classpath:examples/pets/pets.feature:21
When url "http://localhost:3000/pets/" + petId
>> classpath:examples/pets/pets.feature:15
>> karate-config.js failed
>> js failed:
>>>>
01: (function fn() {
02:   var env = karate.env; // get system property 'karate.env'
03:   karate.log('karate.env system property was:', env);
04:   if (!env) {
05:     env = 'dev';
06:   }
07:   var config = {
08:     env: env,
09:     myVarName: 'someValue',
10:     baseUrl: 'http://localhost:3000'
11:     apiKey: karate.properties['apiKey']
12:   }
13:   if (env == 'dev') {
14:     // customize
15:     // e.g. config.foo = 'bar';
16:   } else if (env == 'e2e') {
17:     config.baseUrl = 'http://e2e.localhost:3000'
18:     // customize
19:   }
20:   return config;
21: })
<<<<
org.graalvm.polyglot.PolyglotException: SyntaxError: Unnamed:11:4 Expected comma but found ident
    apiKey: karate.properties['apiKey']
    ^
Unnamed:13:2 Expected ) but found if
  if (env == 'dev') {
  ^
Unnamed:16:2 Expected eof but found }
  } else if (env == 'e2e') {
  ^

- org.graalvm.polyglot.Context.eval(Context.java:428)
- com.intuit.karate.graal.JsEngine.evalForValue(JsEngine.java:169)
- com.intuit.karate.graal.JsEngine.eval(JsEngine.java:165)
- com.intuit.karate.core.ScenarioEngine.evalJs(ScenarioEngine.java:1252)
- com.intuit.karate.core.ScenarioRuntime.evalConfigJs(ScenarioRuntime.java:296)
- com.intuit.karate.core.ScenarioRuntime.beforeRun(ScenarioRuntime.java:371)
- com.intuit.karate.core.ScenarioRuntime.run(ScenarioRuntime.java:390)

js failed:
>>>>
01: function fn() {
02:   var env = karate.env; // get system property 'karate.env'
03:   karate.log('karate.env system property was:', env);
04:   if (!env) {
05:     env = 'dev';
06:   }
07:   var config = {
08:     env: env,
09:     myVarName: 'someValue',
10:     baseUrl: 'http://localhost:3000'
11:     apiKey: karate.properties['apiKey']
12:   }
13:   if (env == 'dev') {
14:     // customize
15:     // e.g. config.foo = 'bar';
16:   } else if (env == 'e2e') {
17:     config.baseUrl = 'http://e2e.localhost:3000'
18:     // customize
19:   }
20:   return config;
21: }
<<<<
com.intuit.karate.KarateException: js failed:
>>>>
01: (function fn() {
02:   var env = karate.env; // get system property 'karate.env'
03:   karate.log('karate.env system property was:', env);
04:   if (!env) {
05:     env = 'dev';
06:   }
07:   var config = {
08:     env: env,
09:     myVarName: 'someValue',
10:     baseUrl: 'http://localhost:3000'
11:     apiKey: karate.properties['apiKey']
12:   }
13:   if (env == 'dev') {
14:     // customize
15:     // e.g. config.foo = 'bar';
16:   } else if (env == 'e2e') {
17:     config.baseUrl = 'http://e2e.localhost:3000'
18:     // customize
19:   }
20:   return config;
21: })
<<<<
org.graalvm.polyglot.PolyglotException: SyntaxError: Unnamed:11:4 Expected comma but found ident
    apiKey: karate.properties['apiKey']
    ^
Unnamed:13:2 Expected ) but found if
  if (env == 'dev') {
  ^
Unnamed:16:2 Expected eof but found }
  } else if (env == 'e2e') {
  ^

- org.graalvm.polyglot.Context.eval(Context.java:428)
- com.intuit.karate.graal.JsEngine.evalForValue(JsEngine.java:169)
- com.intuit.karate.graal.JsEngine.eval(JsEngine.java:165)
- com.intuit.karate.core.ScenarioEngine.evalJs(ScenarioEngine.java:1252)
- com.intuit.karate.core.ScenarioRuntime.evalConfigJs(ScenarioRuntime.java:296)
- com.intuit.karate.core.ScenarioRuntime.beforeRun(ScenarioRuntime.java:371)
- com.intuit.karate.core.ScenarioRuntime.run(ScenarioRuntime.java:390)

- com.intuit.karate.graal.JsEngine.fromJsEvalException(JsEngine.java:253)
- com.intuit.karate.core.ScenarioEngine.evalJs(ScenarioEngine.java:1254)
- com.intuit.karate.core.ScenarioRuntime.evalConfigJs(ScenarioRuntime.java:296)
- com.intuit.karate.core.ScenarioRuntime.beforeRun(ScenarioRuntime.java:371)
- com.intuit.karate.core.ScenarioRuntime.run(ScenarioRuntime.java:390)
- com.intuit.karate.core.FeatureRuntime.processScenario(FeatureRuntime.java:193)
- com.intuit.karate.core.FeatureRuntime$1.process(FeatureRuntime.java:140)

classpath:examples/pets/pets.feature:16
classpath:examples/pets/pets.feature:17
classpath:examples/pets/pets.feature:18
classpath:examples/pets/pets.feature:19
classpath:examples/pets/pets.feature:20
classpath:examples/pets/pets.feature:21
19:39:31.167 [pool-2-thread-4] ERROR com.intuit.karate - classpath:examples/pets/pets.feature:44
When url "http://localhost:3000/pets/" + petId
>> classpath:examples/pets/pets.feature:38
>> karate-config.js failed
>> js failed:
>>>>
01: (function fn() {
02:   var env = karate.env; // get system property 'karate.env'
03:   karate.log('karate.env system property was:', env);
04:   if (!env) {
05:     env = 'dev';
06:   }
07:   var config = {
08:     env: env,
09:     myVarName: 'someValue',
10:     baseUrl: 'http://localhost:3000'
11:     apiKey: karate.properties['apiKey']
12:   }
13:   if (env == 'dev') {
14:     // customize
15:     // e.g. config.foo = 'bar';
16:   } else if (env == 'e2e') {
17:     config.baseUrl = 'http://e2e.localhost:3000'
18:     // customize
19:   }
20:   return config;
21: })
<<<<
org.graalvm.polyglot.PolyglotException: SyntaxError: Unnamed:11:4 Expected comma but found ident
    apiKey: karate.properties['apiKey']
    ^
Unnamed:13:2 Expected ) but found if
  if (env == 'dev') {
  ^
Unnamed:16:2 Expected eof but found }
  } else if (env == 'e2e') {
  ^

- org.graalvm.polyglot.Context.eval(Context.java:428)
- com.intuit.karate.graal.JsEngine.evalForValue(JsEngine.java:169)
- com.intuit.karate.graal.JsEngine.eval(JsEngine.java:165)
- com.intuit.karate.core.ScenarioEngine.evalJs(ScenarioEngine.java:1252)
- com.intuit.karate.core.ScenarioRuntime.evalConfigJs(ScenarioRuntime.java:296)
- com.intuit.karate.core.ScenarioRuntime.beforeRun(ScenarioRuntime.java:371)
- com.intuit.karate.core.ScenarioRuntime.run(ScenarioRuntime.java:390)

js failed:
>>>>
01: function fn() {
02:   var env = karate.env; // get system property 'karate.env'
03:   karate.log('karate.env system property was:', env);
04:   if (!env) {
05:     env = 'dev';
06:   }
07:   var config = {
08:     env: env,
09:     myVarName: 'someValue',
10:     baseUrl: 'http://localhost:3000'
11:     apiKey: karate.properties['apiKey']
12:   }
13:   if (env == 'dev') {
14:     // customize
15:     // e.g. config.foo = 'bar';
16:   } else if (env == 'e2e') {
17:     config.baseUrl = 'http://e2e.localhost:3000'
18:     // customize
19:   }
20:   return config;
21: }
<<<<
com.intuit.karate.KarateException: js failed:
>>>>
01: (function fn() {
02:   var env = karate.env; // get system property 'karate.env'
03:   karate.log('karate.env system property was:', env);
04:   if (!env) {
05:     env = 'dev';
06:   }
07:   var config = {
08:     env: env,
09:     myVarName: 'someValue',
10:     baseUrl: 'http://localhost:3000'
11:     apiKey: karate.properties['apiKey']
12:   }
13:   if (env == 'dev') {
14:     // customize
15:     // e.g. config.foo = 'bar';
16:   } else if (env == 'e2e') {
17:     config.baseUrl = 'http://e2e.localhost:3000'
18:     // customize
19:   }
20:   return config;
21: })
<<<<
org.graalvm.polyglot.PolyglotException: SyntaxError: Unnamed:11:4 Expected comma but found ident
    apiKey: karate.properties['apiKey']
    ^
Unnamed:13:2 Expected ) but found if
  if (env == 'dev') {
  ^
Unnamed:16:2 Expected eof but found }
  } else if (env == 'e2e') {
  ^

- org.graalvm.polyglot.Context.eval(Context.java:428)
- com.intuit.karate.graal.JsEngine.evalForValue(JsEngine.java:169)
- com.intuit.karate.graal.JsEngine.eval(JsEngine.java:165)
- com.intuit.karate.core.ScenarioEngine.evalJs(ScenarioEngine.java:1252)
- com.intuit.karate.core.ScenarioRuntime.evalConfigJs(ScenarioRuntime.java:296)
- com.intuit.karate.core.ScenarioRuntime.beforeRun(ScenarioRuntime.java:371)
- com.intuit.karate.core.ScenarioRuntime.run(ScenarioRuntime.java:390)

- com.intuit.karate.graal.JsEngine.fromJsEvalException(JsEngine.java:253)
- com.intuit.karate.core.ScenarioEngine.evalJs(ScenarioEngine.java:1254)
- com.intuit.karate.core.ScenarioRuntime.evalConfigJs(ScenarioRuntime.java:296)
- com.intuit.karate.core.ScenarioRuntime.beforeRun(ScenarioRuntime.java:371)
- com.intuit.karate.core.ScenarioRuntime.run(ScenarioRuntime.java:390)
- com.intuit.karate.core.FeatureRuntime.processScenario(FeatureRuntime.java:193)
- com.intuit.karate.core.FeatureRuntime$1.process(FeatureRuntime.java:140)

classpath:examples/pets/pets.feature:39
classpath:examples/pets/pets.feature:40
classpath:examples/pets/pets.feature:41
classpath:examples/pets/pets.feature:42
classpath:examples/pets/pets.feature:43
classpath:examples/pets/pets.feature:44
19:39:31.167 [pool-2-thread-1] ERROR com.intuit.karate - classpath:examples/pets/pets.feature:10
When method post
>> classpath:examples/pets/pets.feature:3
>> karate-config.js failed
>> js failed:
>>>>
01: (function fn() {
02:   var env = karate.env; // get system property 'karate.env'
03:   karate.log('karate.env system property was:', env);
04:   if (!env) {
05:     env = 'dev';
06:   }
07:   var config = {
08:     env: env,
09:     myVarName: 'someValue',
10:     baseUrl: 'http://localhost:3000'
11:     apiKey: karate.properties['apiKey']
12:   }
13:   if (env == 'dev') {
14:     // customize
15:     // e.g. config.foo = 'bar';
16:   } else if (env == 'e2e') {
17:     config.baseUrl = 'http://e2e.localhost:3000'
18:     // customize
19:   }
20:   return config;
21: })
<<<<
org.graalvm.polyglot.PolyglotException: SyntaxError: Unnamed:11:4 Expected comma but found ident
    apiKey: karate.properties['apiKey']
    ^
Unnamed:13:2 Expected ) but found if
  if (env == 'dev') {
  ^
Unnamed:16:2 Expected eof but found }
  } else if (env == 'e2e') {
  ^

- org.graalvm.polyglot.Context.eval(Context.java:428)
- com.intuit.karate.graal.JsEngine.evalForValue(JsEngine.java:169)
- com.intuit.karate.graal.JsEngine.eval(JsEngine.java:165)
- com.intuit.karate.core.ScenarioEngine.evalJs(ScenarioEngine.java:1252)
- com.intuit.karate.core.ScenarioRuntime.evalConfigJs(ScenarioRuntime.java:296)
- com.intuit.karate.core.ScenarioRuntime.beforeRun(ScenarioRuntime.java:371)
- com.intuit.karate.core.ScenarioRuntime.run(ScenarioRuntime.java:390)

js failed:
>>>>
01: function fn() {
02:   var env = karate.env; // get system property 'karate.env'
03:   karate.log('karate.env system property was:', env);
04:   if (!env) {
05:     env = 'dev';
06:   }
07:   var config = {
08:     env: env,
09:     myVarName: 'someValue',
10:     baseUrl: 'http://localhost:3000'
11:     apiKey: karate.properties['apiKey']
12:   }
13:   if (env == 'dev') {
14:     // customize
15:     // e.g. config.foo = 'bar';
16:   } else if (env == 'e2e') {
17:     config.baseUrl = 'http://e2e.localhost:3000'
18:     // customize
19:   }
20:   return config;
21: }
<<<<
com.intuit.karate.KarateException: js failed:
>>>>
01: (function fn() {
02:   var env = karate.env; // get system property 'karate.env'
03:   karate.log('karate.env system property was:', env);
04:   if (!env) {
05:     env = 'dev';
06:   }
07:   var config = {
08:     env: env,
09:     myVarName: 'someValue',
10:     baseUrl: 'http://localhost:3000'
11:     apiKey: karate.properties['apiKey']
12:   }
13:   if (env == 'dev') {
14:     // customize
15:     // e.g. config.foo = 'bar';
16:   } else if (env == 'e2e') {
17:     config.baseUrl = 'http://e2e.localhost:3000'
18:     // customize
19:   }
20:   return config;
21: })
<<<<
org.graalvm.polyglot.PolyglotException: SyntaxError: Unnamed:11:4 Expected comma but found ident
    apiKey: karate.properties['apiKey']
    ^
Unnamed:13:2 Expected ) but found if
  if (env == 'dev') {
  ^
Unnamed:16:2 Expected eof but found }
  } else if (env == 'e2e') {
  ^

- org.graalvm.polyglot.Context.eval(Context.java:428)
- com.intuit.karate.graal.JsEngine.evalForValue(JsEngine.java:169)
- com.intuit.karate.graal.JsEngine.eval(JsEngine.java:165)
- com.intuit.karate.core.ScenarioEngine.evalJs(ScenarioEngine.java:1252)
- com.intuit.karate.core.ScenarioRuntime.evalConfigJs(ScenarioRuntime.java:296)
- com.intuit.karate.core.ScenarioRuntime.beforeRun(ScenarioRuntime.java:371)
- com.intuit.karate.core.ScenarioRuntime.run(ScenarioRuntime.java:390)

- com.intuit.karate.graal.JsEngine.fromJsEvalException(JsEngine.java:253)
- com.intuit.karate.core.ScenarioEngine.evalJs(ScenarioEngine.java:1254)
- com.intuit.karate.core.ScenarioRuntime.evalConfigJs(ScenarioRuntime.java:296)
- com.intuit.karate.core.ScenarioRuntime.beforeRun(ScenarioRuntime.java:371)
- com.intuit.karate.core.ScenarioRuntime.run(ScenarioRuntime.java:390)
- com.intuit.karate.core.FeatureRuntime.processScenario(FeatureRuntime.java:193)
- com.intuit.karate.core.FeatureRuntime$1.process(FeatureRuntime.java:140)

classpath:examples/pets/pets.feature:5
classpath:examples/pets/pets.feature:6
classpath:examples/pets/pets.feature:7
classpath:examples/pets/pets.feature:8
classpath:examples/pets/pets.feature:9
classpath:examples/pets/pets.feature:10
19:39:31.167 [pool-2-thread-3] ERROR com.intuit.karate - classpath:examples/pets/pets.feature:31
When url "http://localhost:3000/pets/" + petId
>> classpath:examples/pets/pets.feature:25
>> karate-config.js failed
>> js failed:
>>>>
01: (function fn() {
02:   var env = karate.env; // get system property 'karate.env'
03:   karate.log('karate.env system property was:', env);
04:   if (!env) {
05:     env = 'dev';
06:   }
07:   var config = {
08:     env: env,
09:     myVarName: 'someValue',
10:     baseUrl: 'http://localhost:3000'
11:     apiKey: karate.properties['apiKey']
12:   }
13:   if (env == 'dev') {
14:     // customize
15:     // e.g. config.foo = 'bar';
16:   } else if (env == 'e2e') {
17:     config.baseUrl = 'http://e2e.localhost:3000'
18:     // customize
19:   }
20:   return config;
21: })
<<<<
org.graalvm.polyglot.PolyglotException: SyntaxError: Unnamed:11:4 Expected comma but found ident
    apiKey: karate.properties['apiKey']
    ^
Unnamed:13:2 Expected ) but found if
  if (env == 'dev') {
  ^
Unnamed:16:2 Expected eof but found }
  } else if (env == 'e2e') {
  ^

- org.graalvm.polyglot.Context.eval(Context.java:428)
- com.intuit.karate.graal.JsEngine.evalForValue(JsEngine.java:169)
- com.intuit.karate.graal.JsEngine.eval(JsEngine.java:165)
- com.intuit.karate.core.ScenarioEngine.evalJs(ScenarioEngine.java:1252)
- com.intuit.karate.core.ScenarioRuntime.evalConfigJs(ScenarioRuntime.java:296)
- com.intuit.karate.core.ScenarioRuntime.beforeRun(ScenarioRuntime.java:371)
- com.intuit.karate.core.ScenarioRuntime.run(ScenarioRuntime.java:390)

js failed:
>>>>
01: function fn() {
02:   var env = karate.env; // get system property 'karate.env'
03:   karate.log('karate.env system property was:', env);
04:   if (!env) {
05:     env = 'dev';
06:   }
07:   var config = {
08:     env: env,
09:     myVarName: 'someValue',
10:     baseUrl: 'http://localhost:3000'
11:     apiKey: karate.properties['apiKey']
12:   }
13:   if (env == 'dev') {
14:     // customize
15:     // e.g. config.foo = 'bar';
16:   } else if (env == 'e2e') {
17:     config.baseUrl = 'http://e2e.localhost:3000'
18:     // customize
19:   }
20:   return config;
21: }
<<<<
com.intuit.karate.KarateException: js failed:
>>>>
01: (function fn() {
02:   var env = karate.env; // get system property 'karate.env'
03:   karate.log('karate.env system property was:', env);
04:   if (!env) {
05:     env = 'dev';
06:   }
07:   var config = {
08:     env: env,
09:     myVarName: 'someValue',
10:     baseUrl: 'http://localhost:3000'
11:     apiKey: karate.properties['apiKey']
12:   }
13:   if (env == 'dev') {
14:     // customize
15:     // e.g. config.foo = 'bar';
16:   } else if (env == 'e2e') {
17:     config.baseUrl = 'http://e2e.localhost:3000'
18:     // customize
19:   }
20:   return config;
21: })
<<<<
org.graalvm.polyglot.PolyglotException: SyntaxError: Unnamed:11:4 Expected comma but found ident
    apiKey: karate.properties['apiKey']
    ^
Unnamed:13:2 Expected ) but found if
  if (env == 'dev') {
  ^
Unnamed:16:2 Expected eof but found }
  } else if (env == 'e2e') {
  ^

- org.graalvm.polyglot.Context.eval(Context.java:428)
- com.intuit.karate.graal.JsEngine.evalForValue(JsEngine.java:169)
- com.intuit.karate.graal.JsEngine.eval(JsEngine.java:165)
- com.intuit.karate.core.ScenarioEngine.evalJs(ScenarioEngine.java:1252)
- com.intuit.karate.core.ScenarioRuntime.evalConfigJs(ScenarioRuntime.java:296)
- com.intuit.karate.core.ScenarioRuntime.beforeRun(ScenarioRuntime.java:371)
- com.intuit.karate.core.ScenarioRuntime.run(ScenarioRuntime.java:390)

- com.intuit.karate.graal.JsEngine.fromJsEvalException(JsEngine.java:253)
- com.intuit.karate.core.ScenarioEngine.evalJs(ScenarioEngine.java:1254)
- com.intuit.karate.core.ScenarioRuntime.evalConfigJs(ScenarioRuntime.java:296)
- com.intuit.karate.core.ScenarioRuntime.beforeRun(ScenarioRuntime.java:371)
- com.intuit.karate.core.ScenarioRuntime.run(ScenarioRuntime.java:390)
- com.intuit.karate.core.FeatureRuntime.processScenario(FeatureRuntime.java:193)
- com.intuit.karate.core.FeatureRuntime$1.process(FeatureRuntime.java:140)

classpath:examples/pets/pets.feature:26
classpath:examples/pets/pets.feature:27
classpath:examples/pets/pets.feature:28
classpath:examples/pets/pets.feature:29
classpath:examples/pets/pets.feature:30
classpath:examples/pets/pets.feature:31
19:39:31.167 [pool-2-thread-5] ERROR com.intuit.karate - classpath:examples/pets/pets.feature:56
And url "http://localhost:3000/pets/" + petId
>> classpath:examples/pets/pets.feature:50
>> karate-config.js failed
>> js failed:
>>>>
01: (function fn() {
02:   var env = karate.env; // get system property 'karate.env'
03:   karate.log('karate.env system property was:', env);
04:   if (!env) {
05:     env = 'dev';
06:   }
07:   var config = {
08:     env: env,
09:     myVarName: 'someValue',
10:     baseUrl: 'http://localhost:3000'
11:     apiKey: karate.properties['apiKey']
12:   }
13:   if (env == 'dev') {
14:     // customize
15:     // e.g. config.foo = 'bar';
16:   } else if (env == 'e2e') {
17:     config.baseUrl = 'http://e2e.localhost:3000'
18:     // customize
19:   }
20:   return config;
21: })
<<<<
org.graalvm.polyglot.PolyglotException: SyntaxError: Unnamed:11:4 Expected comma but found ident
    apiKey: karate.properties['apiKey']
    ^
Unnamed:13:2 Expected ) but found if
  if (env == 'dev') {
  ^
Unnamed:16:2 Expected eof but found }
  } else if (env == 'e2e') {
  ^

- org.graalvm.polyglot.Context.eval(Context.java:428)
- com.intuit.karate.graal.JsEngine.evalForValue(JsEngine.java:169)
- com.intuit.karate.graal.JsEngine.eval(JsEngine.java:165)
- com.intuit.karate.core.ScenarioEngine.evalJs(ScenarioEngine.java:1252)
- com.intuit.karate.core.ScenarioRuntime.evalConfigJs(ScenarioRuntime.java:296)
- com.intuit.karate.core.ScenarioRuntime.beforeRun(ScenarioRuntime.java:371)
- com.intuit.karate.core.ScenarioRuntime.run(ScenarioRuntime.java:390)

js failed:
>>>>
01: function fn() {
02:   var env = karate.env; // get system property 'karate.env'
03:   karate.log('karate.env system property was:', env);
04:   if (!env) {
05:     env = 'dev';
06:   }
07:   var config = {
08:     env: env,
09:     myVarName: 'someValue',
10:     baseUrl: 'http://localhost:3000'
11:     apiKey: karate.properties['apiKey']
12:   }
13:   if (env == 'dev') {
14:     // customize
15:     // e.g. config.foo = 'bar';
16:   } else if (env == 'e2e') {
17:     config.baseUrl = 'http://e2e.localhost:3000'
18:     // customize
19:   }
20:   return config;
21: }
<<<<
com.intuit.karate.KarateException: js failed:
>>>>
01: (function fn() {
02:   var env = karate.env; // get system property 'karate.env'
03:   karate.log('karate.env system property was:', env);
04:   if (!env) {
05:     env = 'dev';
06:   }
07:   var config = {
08:     env: env,
09:     myVarName: 'someValue',
10:     baseUrl: 'http://localhost:3000'
11:     apiKey: karate.properties['apiKey']
12:   }
13:   if (env == 'dev') {
14:     // customize
15:     // e.g. config.foo = 'bar';
16:   } else if (env == 'e2e') {
17:     config.baseUrl = 'http://e2e.localhost:3000'
18:     // customize
19:   }
20:   return config;
21: })
<<<<
org.graalvm.polyglot.PolyglotException: SyntaxError: Unnamed:11:4 Expected comma but found ident
    apiKey: karate.properties['apiKey']
    ^
Unnamed:13:2 Expected ) but found if
  if (env == 'dev') {
  ^
Unnamed:16:2 Expected eof but found }
  } else if (env == 'e2e') {
  ^

- org.graalvm.polyglot.Context.eval(Context.java:428)
- com.intuit.karate.graal.JsEngine.evalForValue(JsEngine.java:169)
- com.intuit.karate.graal.JsEngine.eval(JsEngine.java:165)
- com.intuit.karate.core.ScenarioEngine.evalJs(ScenarioEngine.java:1252)
- com.intuit.karate.core.ScenarioRuntime.evalConfigJs(ScenarioRuntime.java:296)
- com.intuit.karate.core.ScenarioRuntime.beforeRun(ScenarioRuntime.java:371)
- com.intuit.karate.core.ScenarioRuntime.run(ScenarioRuntime.java:390)

- com.intuit.karate.graal.JsEngine.fromJsEvalException(JsEngine.java:253)
- com.intuit.karate.core.ScenarioEngine.evalJs(ScenarioEngine.java:1254)
- com.intuit.karate.core.ScenarioRuntime.evalConfigJs(ScenarioRuntime.java:296)
- com.intuit.karate.core.ScenarioRuntime.beforeRun(ScenarioRuntime.java:371)
- com.intuit.karate.core.ScenarioRuntime.run(ScenarioRuntime.java:390)
- com.intuit.karate.core.FeatureRuntime.processScenario(FeatureRuntime.java:193)
- com.intuit.karate.core.FeatureRuntime$1.process(FeatureRuntime.java:140)

classpath:examples/pets/pets.feature:51
classpath:examples/pets/pets.feature:52
classpath:examples/pets/pets.feature:53
classpath:examples/pets/pets.feature:54
classpath:examples/pets/pets.feature:55
classpath:examples/pets/pets.feature:56
19:39:31.167 [pool-2-thread-2] ERROR com.intuit.karate - classpath:examples/pets/pets.feature:22
And method get
>> classpath:examples/pets/pets.feature:15
>> karate-config.js failed
>> js failed:
>>>>
01: (function fn() {
02:   var env = karate.env; // get system property 'karate.env'
03:   karate.log('karate.env system property was:', env);
04:   if (!env) {
05:     env = 'dev';
06:   }
07:   var config = {
08:     env: env,
09:     myVarName: 'someValue',
10:     baseUrl: 'http://localhost:3000'
11:     apiKey: karate.properties['apiKey']
12:   }
13:   if (env == 'dev') {
14:     // customize
15:     // e.g. config.foo = 'bar';
16:   } else if (env == 'e2e') {
17:     config.baseUrl = 'http://e2e.localhost:3000'
18:     // customize
19:   }
20:   return config;
21: })
<<<<
org.graalvm.polyglot.PolyglotException: SyntaxError: Unnamed:11:4 Expected comma but found ident
    apiKey: karate.properties['apiKey']
    ^
Unnamed:13:2 Expected ) but found if
  if (env == 'dev') {
  ^
Unnamed:16:2 Expected eof but found }
  } else if (env == 'e2e') {
  ^

- org.graalvm.polyglot.Context.eval(Context.java:428)
- com.intuit.karate.graal.JsEngine.evalForValue(JsEngine.java:169)
- com.intuit.karate.graal.JsEngine.eval(JsEngine.java:165)
- com.intuit.karate.core.ScenarioEngine.evalJs(ScenarioEngine.java:1252)
- com.intuit.karate.core.ScenarioRuntime.evalConfigJs(ScenarioRuntime.java:296)
- com.intuit.karate.core.ScenarioRuntime.beforeRun(ScenarioRuntime.java:371)
- com.intuit.karate.core.ScenarioRuntime.run(ScenarioRuntime.java:390)

js failed:
>>>>
01: function fn() {
02:   var env = karate.env; // get system property 'karate.env'
03:   karate.log('karate.env system property was:', env);
04:   if (!env) {
05:     env = 'dev';
06:   }
07:   var config = {
08:     env: env,
09:     myVarName: 'someValue',
10:     baseUrl: 'http://localhost:3000'
11:     apiKey: karate.properties['apiKey']
12:   }
13:   if (env == 'dev') {
14:     // customize
15:     // e.g. config.foo = 'bar';
16:   } else if (env == 'e2e') {
17:     config.baseUrl = 'http://e2e.localhost:3000'
18:     // customize
19:   }
20:   return config;
21: }
<<<<
com.intuit.karate.KarateException: js failed:
>>>>
01: (function fn() {
02:   var env = karate.env; // get system property 'karate.env'
03:   karate.log('karate.env system property was:', env);
04:   if (!env) {
05:     env = 'dev';
06:   }
07:   var config = {
08:     env: env,
09:     myVarName: 'someValue',
10:     baseUrl: 'http://localhost:3000'
11:     apiKey: karate.properties['apiKey']
12:   }
13:   if (env == 'dev') {
14:     // customize
15:     // e.g. config.foo = 'bar';
16:   } else if (env == 'e2e') {
17:     config.baseUrl = 'http://e2e.localhost:3000'
18:     // customize
19:   }
20:   return config;
21: })
<<<<
org.graalvm.polyglot.PolyglotException: SyntaxError: Unnamed:11:4 Expected comma but found ident
    apiKey: karate.properties['apiKey']
    ^
Unnamed:13:2 Expected ) but found if
  if (env == 'dev') {
  ^
Unnamed:16:2 Expected eof but found }
  } else if (env == 'e2e') {
  ^

- org.graalvm.polyglot.Context.eval(Context.java:428)
- com.intuit.karate.graal.JsEngine.evalForValue(JsEngine.java:169)
- com.intuit.karate.graal.JsEngine.eval(JsEngine.java:165)
- com.intuit.karate.core.ScenarioEngine.evalJs(ScenarioEngine.java:1252)
- com.intuit.karate.core.ScenarioRuntime.evalConfigJs(ScenarioRuntime.java:296)
- com.intuit.karate.core.ScenarioRuntime.beforeRun(ScenarioRuntime.java:371)
- com.intuit.karate.core.ScenarioRuntime.run(ScenarioRuntime.java:390)

- com.intuit.karate.graal.JsEngine.fromJsEvalException(JsEngine.java:253)
- com.intuit.karate.core.ScenarioEngine.evalJs(ScenarioEngine.java:1254)
- com.intuit.karate.core.ScenarioRuntime.evalConfigJs(ScenarioRuntime.java:296)
- com.intuit.karate.core.ScenarioRuntime.beforeRun(ScenarioRuntime.java:371)
- com.intuit.karate.core.ScenarioRuntime.run(ScenarioRuntime.java:390)
- com.intuit.karate.core.FeatureRuntime.processScenario(FeatureRuntime.java:193)
- com.intuit.karate.core.FeatureRuntime$1.process(FeatureRuntime.java:140)

classpath:examples/pets/pets.feature:16
classpath:examples/pets/pets.feature:17
classpath:examples/pets/pets.feature:18
classpath:examples/pets/pets.feature:19
classpath:examples/pets/pets.feature:20
classpath:examples/pets/pets.feature:21
classpath:examples/pets/pets.feature:22
19:39:31.167 [pool-2-thread-4] ERROR com.intuit.karate - classpath:examples/pets/pets.feature:45
And request { "name": "Bluey"}
>> classpath:examples/pets/pets.feature:38
>> karate-config.js failed
>> js failed:
>>>>
01: (function fn() {
02:   var env = karate.env; // get system property 'karate.env'
03:   karate.log('karate.env system property was:', env);
04:   if (!env) {
05:     env = 'dev';
06:   }
07:   var config = {
08:     env: env,
09:     myVarName: 'someValue',
10:     baseUrl: 'http://localhost:3000'
11:     apiKey: karate.properties['apiKey']
12:   }
13:   if (env == 'dev') {
14:     // customize
15:     // e.g. config.foo = 'bar';
16:   } else if (env == 'e2e') {
17:     config.baseUrl = 'http://e2e.localhost:3000'
18:     // customize
19:   }
20:   return config;
21: })
<<<<
org.graalvm.polyglot.PolyglotException: SyntaxError: Unnamed:11:4 Expected comma but found ident
    apiKey: karate.properties['apiKey']
    ^
Unnamed:13:2 Expected ) but found if
  if (env == 'dev') {
  ^
Unnamed:16:2 Expected eof but found }
  } else if (env == 'e2e') {
  ^

- org.graalvm.polyglot.Context.eval(Context.java:428)
- com.intuit.karate.graal.JsEngine.evalForValue(JsEngine.java:169)
- com.intuit.karate.graal.JsEngine.eval(JsEngine.java:165)
- com.intuit.karate.core.ScenarioEngine.evalJs(ScenarioEngine.java:1252)
- com.intuit.karate.core.ScenarioRuntime.evalConfigJs(ScenarioRuntime.java:296)
- com.intuit.karate.core.ScenarioRuntime.beforeRun(ScenarioRuntime.java:371)
- com.intuit.karate.core.ScenarioRuntime.run(ScenarioRuntime.java:390)

js failed:
>>>>
01: function fn() {
02:   var env = karate.env; // get system property 'karate.env'
03:   karate.log('karate.env system property was:', env);
04:   if (!env) {
05:     env = 'dev';
06:   }
07:   var config = {
08:     env: env,
09:     myVarName: 'someValue',
10:     baseUrl: 'http://localhost:3000'
11:     apiKey: karate.properties['apiKey']
12:   }
13:   if (env == 'dev') {
14:     // customize
15:     // e.g. config.foo = 'bar';
16:   } else if (env == 'e2e') {
17:     config.baseUrl = 'http://e2e.localhost:3000'
18:     // customize
19:   }
20:   return config;
21: }
<<<<
com.intuit.karate.KarateException: js failed:
>>>>
01: (function fn() {
02:   var env = karate.env; // get system property 'karate.env'
03:   karate.log('karate.env system property was:', env);
04:   if (!env) {
05:     env = 'dev';
06:   }
07:   var config = {
08:     env: env,
09:     myVarName: 'someValue',
10:     baseUrl: 'http://localhost:3000'
11:     apiKey: karate.properties['apiKey']
12:   }
13:   if (env == 'dev') {
14:     // customize
15:     // e.g. config.foo = 'bar';
16:   } else if (env == 'e2e') {
17:     config.baseUrl = 'http://e2e.localhost:3000'
18:     // customize
19:   }
20:   return config;
21: })
<<<<
org.graalvm.polyglot.PolyglotException: SyntaxError: Unnamed:11:4 Expected comma but found ident
    apiKey: karate.properties['apiKey']
    ^
Unnamed:13:2 Expected ) but found if
  if (env == 'dev') {
  ^
Unnamed:16:2 Expected eof but found }
  } else if (env == 'e2e') {
  ^

- org.graalvm.polyglot.Context.eval(Context.java:428)
- com.intuit.karate.graal.JsEngine.evalForValue(JsEngine.java:169)
- com.intuit.karate.graal.JsEngine.eval(JsEngine.java:165)
- com.intuit.karate.core.ScenarioEngine.evalJs(ScenarioEngine.java:1252)
- com.intuit.karate.core.ScenarioRuntime.evalConfigJs(ScenarioRuntime.java:296)
- com.intuit.karate.core.ScenarioRuntime.beforeRun(ScenarioRuntime.java:371)
- com.intuit.karate.core.ScenarioRuntime.run(ScenarioRuntime.java:390)

- com.intuit.karate.graal.JsEngine.fromJsEvalException(JsEngine.java:253)
- com.intuit.karate.core.ScenarioEngine.evalJs(ScenarioEngine.java:1254)
- com.intuit.karate.core.ScenarioRuntime.evalConfigJs(ScenarioRuntime.java:296)
- com.intuit.karate.core.ScenarioRuntime.beforeRun(ScenarioRuntime.java:371)
- com.intuit.karate.core.ScenarioRuntime.run(ScenarioRuntime.java:390)
- com.intuit.karate.core.FeatureRuntime.processScenario(FeatureRuntime.java:193)
- com.intuit.karate.core.FeatureRuntime$1.process(FeatureRuntime.java:140)

classpath:examples/pets/pets.feature:39
classpath:examples/pets/pets.feature:40
classpath:examples/pets/pets.feature:41
classpath:examples/pets/pets.feature:42
classpath:examples/pets/pets.feature:43
classpath:examples/pets/pets.feature:44
classpath:examples/pets/pets.feature:45
19:39:31.167 [pool-2-thread-1] ERROR com.intuit.karate - classpath:examples/pets/pets.feature:11
Then status 201
>> classpath:examples/pets/pets.feature:3
>> karate-config.js failed
>> js failed:
>>>>
01: (function fn() {
02:   var env = karate.env; // get system property 'karate.env'
03:   karate.log('karate.env system property was:', env);
04:   if (!env) {
05:     env = 'dev';
06:   }
07:   var config = {
08:     env: env,
09:     myVarName: 'someValue',
10:     baseUrl: 'http://localhost:3000'
11:     apiKey: karate.properties['apiKey']
12:   }
13:   if (env == 'dev') {
14:     // customize
15:     // e.g. config.foo = 'bar';
16:   } else if (env == 'e2e') {
17:     config.baseUrl = 'http://e2e.localhost:3000'
18:     // customize
19:   }
20:   return config;
21: })
<<<<
org.graalvm.polyglot.PolyglotException: SyntaxError: Unnamed:11:4 Expected comma but found ident
    apiKey: karate.properties['apiKey']
    ^
Unnamed:13:2 Expected ) but found if
  if (env == 'dev') {
  ^
Unnamed:16:2 Expected eof but found }
  } else if (env == 'e2e') {
  ^

- org.graalvm.polyglot.Context.eval(Context.java:428)
- com.intuit.karate.graal.JsEngine.evalForValue(JsEngine.java:169)
- com.intuit.karate.graal.JsEngine.eval(JsEngine.java:165)
- com.intuit.karate.core.ScenarioEngine.evalJs(ScenarioEngine.java:1252)
- com.intuit.karate.core.ScenarioRuntime.evalConfigJs(ScenarioRuntime.java:296)
- com.intuit.karate.core.ScenarioRuntime.beforeRun(ScenarioRuntime.java:371)
- com.intuit.karate.core.ScenarioRuntime.run(ScenarioRuntime.java:390)

js failed:
>>>>
01: function fn() {
02:   var env = karate.env; // get system property 'karate.env'
03:   karate.log('karate.env system property was:', env);
04:   if (!env) {
05:     env = 'dev';
06:   }
07:   var config = {
08:     env: env,
09:     myVarName: 'someValue',
10:     baseUrl: 'http://localhost:3000'
11:     apiKey: karate.properties['apiKey']
12:   }
13:   if (env == 'dev') {
14:     // customize
15:     // e.g. config.foo = 'bar';
16:   } else if (env == 'e2e') {
17:     config.baseUrl = 'http://e2e.localhost:3000'
18:     // customize
19:   }
20:   return config;
21: }
<<<<
com.intuit.karate.KarateException: js failed:
>>>>
01: (function fn() {
02:   var env = karate.env; // get system property 'karate.env'
03:   karate.log('karate.env system property was:', env);
04:   if (!env) {
05:     env = 'dev';
06:   }
07:   var config = {
08:     env: env,
09:     myVarName: 'someValue',
10:     baseUrl: 'http://localhost:3000'
11:     apiKey: karate.properties['apiKey']
12:   }
13:   if (env == 'dev') {
14:     // customize
15:     // e.g. config.foo = 'bar';
16:   } else if (env == 'e2e') {
17:     config.baseUrl = 'http://e2e.localhost:3000'
18:     // customize
19:   }
20:   return config;
21: })
<<<<
org.graalvm.polyglot.PolyglotException: SyntaxError: Unnamed:11:4 Expected comma but found ident
    apiKey: karate.properties['apiKey']
    ^
Unnamed:13:2 Expected ) but found if
  if (env == 'dev') {
  ^
Unnamed:16:2 Expected eof but found }
  } else if (env == 'e2e') {
  ^

- org.graalvm.polyglot.Context.eval(Context.java:428)
- com.intuit.karate.graal.JsEngine.evalForValue(JsEngine.java:169)
- com.intuit.karate.graal.JsEngine.eval(JsEngine.java:165)
- com.intuit.karate.core.ScenarioEngine.evalJs(ScenarioEngine.java:1252)
- com.intuit.karate.core.ScenarioRuntime.evalConfigJs(ScenarioRuntime.java:296)
- com.intuit.karate.core.ScenarioRuntime.beforeRun(ScenarioRuntime.java:371)
- com.intuit.karate.core.ScenarioRuntime.run(ScenarioRuntime.java:390)

- com.intuit.karate.graal.JsEngine.fromJsEvalException(JsEngine.java:253)
- com.intuit.karate.core.ScenarioEngine.evalJs(ScenarioEngine.java:1254)
- com.intuit.karate.core.ScenarioRuntime.evalConfigJs(ScenarioRuntime.java:296)
- com.intuit.karate.core.ScenarioRuntime.beforeRun(ScenarioRuntime.java:371)
- com.intuit.karate.core.ScenarioRuntime.run(ScenarioRuntime.java:390)
- com.intuit.karate.core.FeatureRuntime.processScenario(FeatureRuntime.java:193)
- com.intuit.karate.core.FeatureRuntime$1.process(FeatureRuntime.java:140)

classpath:examples/pets/pets.feature:5
classpath:examples/pets/pets.feature:6
classpath:examples/pets/pets.feature:7
classpath:examples/pets/pets.feature:8
classpath:examples/pets/pets.feature:9
classpath:examples/pets/pets.feature:10
classpath:examples/pets/pets.feature:11
19:39:31.167 [pool-2-thread-3] ERROR com.intuit.karate - classpath:examples/pets/pets.feature:32
And request { "name": "Bingo8", "type": "Gato", "age": 10}
>> classpath:examples/pets/pets.feature:25
>> karate-config.js failed
>> js failed:
>>>>
01: (function fn() {
02:   var env = karate.env; // get system property 'karate.env'
03:   karate.log('karate.env system property was:', env);
04:   if (!env) {
05:     env = 'dev';
06:   }
07:   var config = {
08:     env: env,
09:     myVarName: 'someValue',
10:     baseUrl: 'http://localhost:3000'
11:     apiKey: karate.properties['apiKey']
12:   }
13:   if (env == 'dev') {
14:     // customize
15:     // e.g. config.foo = 'bar';
16:   } else if (env == 'e2e') {
17:     config.baseUrl = 'http://e2e.localhost:3000'
18:     // customize
19:   }
20:   return config;
21: })
<<<<
org.graalvm.polyglot.PolyglotException: SyntaxError: Unnamed:11:4 Expected comma but found ident
    apiKey: karate.properties['apiKey']
    ^
Unnamed:13:2 Expected ) but found if
  if (env == 'dev') {
  ^
Unnamed:16:2 Expected eof but found }
  } else if (env == 'e2e') {
  ^

- org.graalvm.polyglot.Context.eval(Context.java:428)
- com.intuit.karate.graal.JsEngine.evalForValue(JsEngine.java:169)
- com.intuit.karate.graal.JsEngine.eval(JsEngine.java:165)
- com.intuit.karate.core.ScenarioEngine.evalJs(ScenarioEngine.java:1252)
- com.intuit.karate.core.ScenarioRuntime.evalConfigJs(ScenarioRuntime.java:296)
- com.intuit.karate.core.ScenarioRuntime.beforeRun(ScenarioRuntime.java:371)
- com.intuit.karate.core.ScenarioRuntime.run(ScenarioRuntime.java:390)

js failed:
>>>>
01: function fn() {
02:   var env = karate.env; // get system property 'karate.env'
03:   karate.log('karate.env system property was:', env);
04:   if (!env) {
05:     env = 'dev';
06:   }
07:   var config = {
08:     env: env,
09:     myVarName: 'someValue',
10:     baseUrl: 'http://localhost:3000'
11:     apiKey: karate.properties['apiKey']
12:   }
13:   if (env == 'dev') {
14:     // customize
15:     // e.g. config.foo = 'bar';
16:   } else if (env == 'e2e') {
17:     config.baseUrl = 'http://e2e.localhost:3000'
18:     // customize
19:   }
20:   return config;
21: }
<<<<
com.intuit.karate.KarateException: js failed:
>>>>
01: (function fn() {
02:   var env = karate.env; // get system property 'karate.env'
03:   karate.log('karate.env system property was:', env);
04:   if (!env) {
05:     env = 'dev';
06:   }
07:   var config = {
08:     env: env,
09:     myVarName: 'someValue',
10:     baseUrl: 'http://localhost:3000'
11:     apiKey: karate.properties['apiKey']
12:   }
13:   if (env == 'dev') {
14:     // customize
15:     // e.g. config.foo = 'bar';
16:   } else if (env == 'e2e') {
17:     config.baseUrl = 'http://e2e.localhost:3000'
18:     // customize
19:   }
20:   return config;
21: })
<<<<
org.graalvm.polyglot.PolyglotException: SyntaxError: Unnamed:11:4 Expected comma but found ident
    apiKey: karate.properties['apiKey']
    ^
Unnamed:13:2 Expected ) but found if
  if (env == 'dev') {
  ^
Unnamed:16:2 Expected eof but found }
  } else if (env == 'e2e') {
  ^

- org.graalvm.polyglot.Context.eval(Context.java:428)
- com.intuit.karate.graal.JsEngine.evalForValue(JsEngine.java:169)
- com.intuit.karate.graal.JsEngine.eval(JsEngine.java:165)
- com.intuit.karate.core.ScenarioEngine.evalJs(ScenarioEngine.java:1252)
- com.intuit.karate.core.ScenarioRuntime.evalConfigJs(ScenarioRuntime.java:296)
- com.intuit.karate.core.ScenarioRuntime.beforeRun(ScenarioRuntime.java:371)
- com.intuit.karate.core.ScenarioRuntime.run(ScenarioRuntime.java:390)

- com.intuit.karate.graal.JsEngine.fromJsEvalException(JsEngine.java:253)
- com.intuit.karate.core.ScenarioEngine.evalJs(ScenarioEngine.java:1254)
- com.intuit.karate.core.ScenarioRuntime.evalConfigJs(ScenarioRuntime.java:296)
- com.intuit.karate.core.ScenarioRuntime.beforeRun(ScenarioRuntime.java:371)
- com.intuit.karate.core.ScenarioRuntime.run(ScenarioRuntime.java:390)
- com.intuit.karate.core.FeatureRuntime.processScenario(FeatureRuntime.java:193)
- com.intuit.karate.core.FeatureRuntime$1.process(FeatureRuntime.java:140)

classpath:examples/pets/pets.feature:26
classpath:examples/pets/pets.feature:27
classpath:examples/pets/pets.feature:28
classpath:examples/pets/pets.feature:29
classpath:examples/pets/pets.feature:30
classpath:examples/pets/pets.feature:31
classpath:examples/pets/pets.feature:32
19:39:31.167 [pool-2-thread-5] ERROR com.intuit.karate - classpath:examples/pets/pets.feature:57
When method delete
>> classpath:examples/pets/pets.feature:50
>> karate-config.js failed
>> js failed:
>>>>
01: (function fn() {
02:   var env = karate.env; // get system property 'karate.env'
03:   karate.log('karate.env system property was:', env);
04:   if (!env) {
05:     env = 'dev';
06:   }
07:   var config = {
08:     env: env,
09:     myVarName: 'someValue',
10:     baseUrl: 'http://localhost:3000'
11:     apiKey: karate.properties['apiKey']
12:   }
13:   if (env == 'dev') {
14:     // customize
15:     // e.g. config.foo = 'bar';
16:   } else if (env == 'e2e') {
17:     config.baseUrl = 'http://e2e.localhost:3000'
18:     // customize
19:   }
20:   return config;
21: })
<<<<
org.graalvm.polyglot.PolyglotException: SyntaxError: Unnamed:11:4 Expected comma but found ident
    apiKey: karate.properties['apiKey']
    ^
Unnamed:13:2 Expected ) but found if
  if (env == 'dev') {
  ^
Unnamed:16:2 Expected eof but found }
  } else if (env == 'e2e') {
  ^

- org.graalvm.polyglot.Context.eval(Context.java:428)
- com.intuit.karate.graal.JsEngine.evalForValue(JsEngine.java:169)
- com.intuit.karate.graal.JsEngine.eval(JsEngine.java:165)
- com.intuit.karate.core.ScenarioEngine.evalJs(ScenarioEngine.java:1252)
- com.intuit.karate.core.ScenarioRuntime.evalConfigJs(ScenarioRuntime.java:296)
- com.intuit.karate.core.ScenarioRuntime.beforeRun(ScenarioRuntime.java:371)
- com.intuit.karate.core.ScenarioRuntime.run(ScenarioRuntime.java:390)

js failed:
>>>>
01: function fn() {
02:   var env = karate.env; // get system property 'karate.env'
03:   karate.log('karate.env system property was:', env);
04:   if (!env) {
05:     env = 'dev';
06:   }
07:   var config = {
08:     env: env,
09:     myVarName: 'someValue',
10:     baseUrl: 'http://localhost:3000'
11:     apiKey: karate.properties['apiKey']
12:   }
13:   if (env == 'dev') {
14:     // customize
15:     // e.g. config.foo = 'bar';
16:   } else if (env == 'e2e') {
17:     config.baseUrl = 'http://e2e.localhost:3000'
18:     // customize
19:   }
20:   return config;
21: }
<<<<
com.intuit.karate.KarateException: js failed:
>>>>
01: (function fn() {
02:   var env = karate.env; // get system property 'karate.env'
03:   karate.log('karate.env system property was:', env);
04:   if (!env) {
05:     env = 'dev';
06:   }
07:   var config = {
08:     env: env,
09:     myVarName: 'someValue',
10:     baseUrl: 'http://localhost:3000'
11:     apiKey: karate.properties['apiKey']
12:   }
13:   if (env == 'dev') {
14:     // customize
15:     // e.g. config.foo = 'bar';
16:   } else if (env == 'e2e') {
17:     config.baseUrl = 'http://e2e.localhost:3000'
18:     // customize
19:   }
20:   return config;
21: })
<<<<
org.graalvm.polyglot.PolyglotException: SyntaxError: Unnamed:11:4 Expected comma but found ident
    apiKey: karate.properties['apiKey']
    ^
Unnamed:13:2 Expected ) but found if
  if (env == 'dev') {
  ^
Unnamed:16:2 Expected eof but found }
  } else if (env == 'e2e') {
  ^

- org.graalvm.polyglot.Context.eval(Context.java:428)
- com.intuit.karate.graal.JsEngine.evalForValue(JsEngine.java:169)
- com.intuit.karate.graal.JsEngine.eval(JsEngine.java:165)
- com.intuit.karate.core.ScenarioEngine.evalJs(ScenarioEngine.java:1252)
- com.intuit.karate.core.ScenarioRuntime.evalConfigJs(ScenarioRuntime.java:296)
- com.intuit.karate.core.ScenarioRuntime.beforeRun(ScenarioRuntime.java:371)
- com.intuit.karate.core.ScenarioRuntime.run(ScenarioRuntime.java:390)

- com.intuit.karate.graal.JsEngine.fromJsEvalException(JsEngine.java:253)
- com.intuit.karate.core.ScenarioEngine.evalJs(ScenarioEngine.java:1254)
- com.intuit.karate.core.ScenarioRuntime.evalConfigJs(ScenarioRuntime.java:296)
- com.intuit.karate.core.ScenarioRuntime.beforeRun(ScenarioRuntime.java:371)
- com.intuit.karate.core.ScenarioRuntime.run(ScenarioRuntime.java:390)
- com.intuit.karate.core.FeatureRuntime.processScenario(FeatureRuntime.java:193)
- com.intuit.karate.core.FeatureRuntime$1.process(FeatureRuntime.java:140)

classpath:examples/pets/pets.feature:51
classpath:examples/pets/pets.feature:52
classpath:examples/pets/pets.feature:53
classpath:examples/pets/pets.feature:54
classpath:examples/pets/pets.feature:55
classpath:examples/pets/pets.feature:56
classpath:examples/pets/pets.feature:57
19:39:31.167 [pool-2-thread-2] ERROR com.intuit.karate - classpath:examples/pets/pets.feature:23
Then status 200
>> classpath:examples/pets/pets.feature:15
>> karate-config.js failed
>> js failed:
>>>>
01: (function fn() {
02:   var env = karate.env; // get system property 'karate.env'
03:   karate.log('karate.env system property was:', env);
04:   if (!env) {
05:     env = 'dev';
06:   }
07:   var config = {
08:     env: env,
09:     myVarName: 'someValue',
10:     baseUrl: 'http://localhost:3000'
11:     apiKey: karate.properties['apiKey']
12:   }
13:   if (env == 'dev') {
14:     // customize
15:     // e.g. config.foo = 'bar';
16:   } else if (env == 'e2e') {
17:     config.baseUrl = 'http://e2e.localhost:3000'
18:     // customize
19:   }
20:   return config;
21: })
<<<<
org.graalvm.polyglot.PolyglotException: SyntaxError: Unnamed:11:4 Expected comma but found ident
    apiKey: karate.properties['apiKey']
    ^
Unnamed:13:2 Expected ) but found if
  if (env == 'dev') {
  ^
Unnamed:16:2 Expected eof but found }
  } else if (env == 'e2e') {
  ^

- org.graalvm.polyglot.Context.eval(Context.java:428)
- com.intuit.karate.graal.JsEngine.evalForValue(JsEngine.java:169)
- com.intuit.karate.graal.JsEngine.eval(JsEngine.java:165)
- com.intuit.karate.core.ScenarioEngine.evalJs(ScenarioEngine.java:1252)
- com.intuit.karate.core.ScenarioRuntime.evalConfigJs(ScenarioRuntime.java:296)
- com.intuit.karate.core.ScenarioRuntime.beforeRun(ScenarioRuntime.java:371)
- com.intuit.karate.core.ScenarioRuntime.run(ScenarioRuntime.java:390)

js failed:
>>>>
01: function fn() {
02:   var env = karate.env; // get system property 'karate.env'
03:   karate.log('karate.env system property was:', env);
04:   if (!env) {
05:     env = 'dev';
06:   }
07:   var config = {
08:     env: env,
09:     myVarName: 'someValue',
10:     baseUrl: 'http://localhost:3000'
11:     apiKey: karate.properties['apiKey']
12:   }
13:   if (env == 'dev') {
14:     // customize
15:     // e.g. config.foo = 'bar';
16:   } else if (env == 'e2e') {
17:     config.baseUrl = 'http://e2e.localhost:3000'
18:     // customize
19:   }
20:   return config;
21: }
<<<<
com.intuit.karate.KarateException: js failed:
>>>>
01: (function fn() {
02:   var env = karate.env; // get system property 'karate.env'
03:   karate.log('karate.env system property was:', env);
04:   if (!env) {
05:     env = 'dev';
06:   }
07:   var config = {
08:     env: env,
09:     myVarName: 'someValue',
10:     baseUrl: 'http://localhost:3000'
11:     apiKey: karate.properties['apiKey']
12:   }
13:   if (env == 'dev') {
14:     // customize
15:     // e.g. config.foo = 'bar';
16:   } else if (env == 'e2e') {
17:     config.baseUrl = 'http://e2e.localhost:3000'
18:     // customize
19:   }
20:   return config;
21: })
<<<<
org.graalvm.polyglot.PolyglotException: SyntaxError: Unnamed:11:4 Expected comma but found ident
    apiKey: karate.properties['apiKey']
    ^
Unnamed:13:2 Expected ) but found if
  if (env == 'dev') {
  ^
Unnamed:16:2 Expected eof but found }
  } else if (env == 'e2e') {
  ^

- org.graalvm.polyglot.Context.eval(Context.java:428)
- com.intuit.karate.graal.JsEngine.evalForValue(JsEngine.java:169)
- com.intuit.karate.graal.JsEngine.eval(JsEngine.java:165)
- com.intuit.karate.core.ScenarioEngine.evalJs(ScenarioEngine.java:1252)
- com.intuit.karate.core.ScenarioRuntime.evalConfigJs(ScenarioRuntime.java:296)
- com.intuit.karate.core.ScenarioRuntime.beforeRun(ScenarioRuntime.java:371)
- com.intuit.karate.core.ScenarioRuntime.run(ScenarioRuntime.java:390)

- com.intuit.karate.graal.JsEngine.fromJsEvalException(JsEngine.java:253)
- com.intuit.karate.core.ScenarioEngine.evalJs(ScenarioEngine.java:1254)
- com.intuit.karate.core.ScenarioRuntime.evalConfigJs(ScenarioRuntime.java:296)
- com.intuit.karate.core.ScenarioRuntime.beforeRun(ScenarioRuntime.java:371)
- com.intuit.karate.core.ScenarioRuntime.run(ScenarioRuntime.java:390)
- com.intuit.karate.core.FeatureRuntime.processScenario(FeatureRuntime.java:193)
- com.intuit.karate.core.FeatureRuntime$1.process(FeatureRuntime.java:140)

classpath:examples/pets/pets.feature:16
classpath:examples/pets/pets.feature:17
classpath:examples/pets/pets.feature:18
classpath:examples/pets/pets.feature:19
classpath:examples/pets/pets.feature:20
classpath:examples/pets/pets.feature:21
classpath:examples/pets/pets.feature:22
classpath:examples/pets/pets.feature:23
19:39:31.167 [pool-2-thread-4] ERROR com.intuit.karate - classpath:examples/pets/pets.feature:46
And method patch
>> classpath:examples/pets/pets.feature:38
>> karate-config.js failed
>> js failed:
>>>>
01: (function fn() {
02:   var env = karate.env; // get system property 'karate.env'
03:   karate.log('karate.env system property was:', env);
04:   if (!env) {
05:     env = 'dev';
06:   }
07:   var config = {
08:     env: env,
09:     myVarName: 'someValue',
10:     baseUrl: 'http://localhost:3000'
11:     apiKey: karate.properties['apiKey']
12:   }
13:   if (env == 'dev') {
14:     // customize
15:     // e.g. config.foo = 'bar';
16:   } else if (env == 'e2e') {
17:     config.baseUrl = 'http://e2e.localhost:3000'
18:     // customize
19:   }
20:   return config;
21: })
<<<<
org.graalvm.polyglot.PolyglotException: SyntaxError: Unnamed:11:4 Expected comma but found ident
    apiKey: karate.properties['apiKey']
    ^
Unnamed:13:2 Expected ) but found if
  if (env == 'dev') {
  ^
Unnamed:16:2 Expected eof but found }
  } else if (env == 'e2e') {
  ^

- org.graalvm.polyglot.Context.eval(Context.java:428)
- com.intuit.karate.graal.JsEngine.evalForValue(JsEngine.java:169)
- com.intuit.karate.graal.JsEngine.eval(JsEngine.java:165)
- com.intuit.karate.core.ScenarioEngine.evalJs(ScenarioEngine.java:1252)
- com.intuit.karate.core.ScenarioRuntime.evalConfigJs(ScenarioRuntime.java:296)
- com.intuit.karate.core.ScenarioRuntime.beforeRun(ScenarioRuntime.java:371)
- com.intuit.karate.core.ScenarioRuntime.run(ScenarioRuntime.java:390)

js failed:
>>>>
01: function fn() {
02:   var env = karate.env; // get system property 'karate.env'
03:   karate.log('karate.env system property was:', env);
04:   if (!env) {
05:     env = 'dev';
06:   }
07:   var config = {
08:     env: env,
09:     myVarName: 'someValue',
10:     baseUrl: 'http://localhost:3000'
11:     apiKey: karate.properties['apiKey']
12:   }
13:   if (env == 'dev') {
14:     // customize
15:     // e.g. config.foo = 'bar';
16:   } else if (env == 'e2e') {
17:     config.baseUrl = 'http://e2e.localhost:3000'
18:     // customize
19:   }
20:   return config;
21: }
<<<<
com.intuit.karate.KarateException: js failed:
>>>>
01: (function fn() {
02:   var env = karate.env; // get system property 'karate.env'
03:   karate.log('karate.env system property was:', env);
04:   if (!env) {
05:     env = 'dev';
06:   }
07:   var config = {
08:     env: env,
09:     myVarName: 'someValue',
10:     baseUrl: 'http://localhost:3000'
11:     apiKey: karate.properties['apiKey']
12:   }
13:   if (env == 'dev') {
14:     // customize
15:     // e.g. config.foo = 'bar';
16:   } else if (env == 'e2e') {
17:     config.baseUrl = 'http://e2e.localhost:3000'
18:     // customize
19:   }
20:   return config;
21: })
<<<<
org.graalvm.polyglot.PolyglotException: SyntaxError: Unnamed:11:4 Expected comma but found ident
    apiKey: karate.properties['apiKey']
    ^
Unnamed:13:2 Expected ) but found if
  if (env == 'dev') {
  ^
Unnamed:16:2 Expected eof but found }
  } else if (env == 'e2e') {
  ^

- org.graalvm.polyglot.Context.eval(Context.java:428)
- com.intuit.karate.graal.JsEngine.evalForValue(JsEngine.java:169)
- com.intuit.karate.graal.JsEngine.eval(JsEngine.java:165)
- com.intuit.karate.core.ScenarioEngine.evalJs(ScenarioEngine.java:1252)
- com.intuit.karate.core.ScenarioRuntime.evalConfigJs(ScenarioRuntime.java:296)
- com.intuit.karate.core.ScenarioRuntime.beforeRun(ScenarioRuntime.java:371)
- com.intuit.karate.core.ScenarioRuntime.run(ScenarioRuntime.java:390)

- com.intuit.karate.graal.JsEngine.fromJsEvalException(JsEngine.java:253)
- com.intuit.karate.core.ScenarioEngine.evalJs(ScenarioEngine.java:1254)
- com.intuit.karate.core.ScenarioRuntime.evalConfigJs(ScenarioRuntime.java:296)
- com.intuit.karate.core.ScenarioRuntime.beforeRun(ScenarioRuntime.java:371)
- com.intuit.karate.core.ScenarioRuntime.run(ScenarioRuntime.java:390)
- com.intuit.karate.core.FeatureRuntime.processScenario(FeatureRuntime.java:193)
- com.intuit.karate.core.FeatureRuntime$1.process(FeatureRuntime.java:140)

classpath:examples/pets/pets.feature:39
classpath:examples/pets/pets.feature:40
classpath:examples/pets/pets.feature:41
classpath:examples/pets/pets.feature:42
classpath:examples/pets/pets.feature:43
classpath:examples/pets/pets.feature:44
classpath:examples/pets/pets.feature:45
classpath:examples/pets/pets.feature:46
19:39:31.167 [pool-2-thread-1] ERROR com.intuit.karate - classpath:examples/pets/pets.feature:13
And match $.message contains "created"
>> classpath:examples/pets/pets.feature:3
>> karate-config.js failed
>> js failed:
>>>>
01: (function fn() {
02:   var env = karate.env; // get system property 'karate.env'
03:   karate.log('karate.env system property was:', env);
04:   if (!env) {
05:     env = 'dev';
06:   }
07:   var config = {
08:     env: env,
09:     myVarName: 'someValue',
10:     baseUrl: 'http://localhost:3000'
11:     apiKey: karate.properties['apiKey']
12:   }
13:   if (env == 'dev') {
14:     // customize
15:     // e.g. config.foo = 'bar';
16:   } else if (env == 'e2e') {
17:     config.baseUrl = 'http://e2e.localhost:3000'
18:     // customize
19:   }
20:   return config;
21: })
<<<<
org.graalvm.polyglot.PolyglotException: SyntaxError: Unnamed:11:4 Expected comma but found ident
    apiKey: karate.properties['apiKey']
    ^
Unnamed:13:2 Expected ) but found if
  if (env == 'dev') {
  ^
Unnamed:16:2 Expected eof but found }
  } else if (env == 'e2e') {
  ^

- org.graalvm.polyglot.Context.eval(Context.java:428)
- com.intuit.karate.graal.JsEngine.evalForValue(JsEngine.java:169)
- com.intuit.karate.graal.JsEngine.eval(JsEngine.java:165)
- com.intuit.karate.core.ScenarioEngine.evalJs(ScenarioEngine.java:1252)
- com.intuit.karate.core.ScenarioRuntime.evalConfigJs(ScenarioRuntime.java:296)
- com.intuit.karate.core.ScenarioRuntime.beforeRun(ScenarioRuntime.java:371)
- com.intuit.karate.core.ScenarioRuntime.run(ScenarioRuntime.java:390)

js failed:
>>>>
01: function fn() {
02:   var env = karate.env; // get system property 'karate.env'
03:   karate.log('karate.env system property was:', env);
04:   if (!env) {
05:     env = 'dev';
06:   }
07:   var config = {
08:     env: env,
09:     myVarName: 'someValue',
10:     baseUrl: 'http://localhost:3000'
11:     apiKey: karate.properties['apiKey']
12:   }
13:   if (env == 'dev') {
14:     // customize
15:     // e.g. config.foo = 'bar';
16:   } else if (env == 'e2e') {
17:     config.baseUrl = 'http://e2e.localhost:3000'
18:     // customize
19:   }
20:   return config;
21: }
<<<<
com.intuit.karate.KarateException: js failed:
>>>>
01: (function fn() {
02:   var env = karate.env; // get system property 'karate.env'
03:   karate.log('karate.env system property was:', env);
04:   if (!env) {
05:     env = 'dev';
06:   }
07:   var config = {
08:     env: env,
09:     myVarName: 'someValue',
10:     baseUrl: 'http://localhost:3000'
11:     apiKey: karate.properties['apiKey']
12:   }
13:   if (env == 'dev') {
14:     // customize
15:     // e.g. config.foo = 'bar';
16:   } else if (env == 'e2e') {
17:     config.baseUrl = 'http://e2e.localhost:3000'
18:     // customize
19:   }
20:   return config;
21: })
<<<<
org.graalvm.polyglot.PolyglotException: SyntaxError: Unnamed:11:4 Expected comma but found ident
    apiKey: karate.properties['apiKey']
    ^
Unnamed:13:2 Expected ) but found if
  if (env == 'dev') {
  ^
Unnamed:16:2 Expected eof but found }
  } else if (env == 'e2e') {
  ^

- org.graalvm.polyglot.Context.eval(Context.java:428)
- com.intuit.karate.graal.JsEngine.evalForValue(JsEngine.java:169)
- com.intuit.karate.graal.JsEngine.eval(JsEngine.java:165)
- com.intuit.karate.core.ScenarioEngine.evalJs(ScenarioEngine.java:1252)
- com.intuit.karate.core.ScenarioRuntime.evalConfigJs(ScenarioRuntime.java:296)
- com.intuit.karate.core.ScenarioRuntime.beforeRun(ScenarioRuntime.java:371)
- com.intuit.karate.core.ScenarioRuntime.run(ScenarioRuntime.java:390)

- com.intuit.karate.graal.JsEngine.fromJsEvalException(JsEngine.java:253)
- com.intuit.karate.core.ScenarioEngine.evalJs(ScenarioEngine.java:1254)
- com.intuit.karate.core.ScenarioRuntime.evalConfigJs(ScenarioRuntime.java:296)
- com.intuit.karate.core.ScenarioRuntime.beforeRun(ScenarioRuntime.java:371)
- com.intuit.karate.core.ScenarioRuntime.run(ScenarioRuntime.java:390)
- com.intuit.karate.core.FeatureRuntime.processScenario(FeatureRuntime.java:193)
- com.intuit.karate.core.FeatureRuntime$1.process(FeatureRuntime.java:140)

classpath:examples/pets/pets.feature:5
classpath:examples/pets/pets.feature:6
classpath:examples/pets/pets.feature:7
classpath:examples/pets/pets.feature:8
classpath:examples/pets/pets.feature:9
classpath:examples/pets/pets.feature:10
classpath:examples/pets/pets.feature:11
classpath:examples/pets/pets.feature:13
19:39:31.167 [pool-2-thread-5] ERROR com.intuit.karate - classpath:examples/pets/pets.feature:58
Then status 204
>> classpath:examples/pets/pets.feature:50
>> karate-config.js failed
>> js failed:
>>>>
01: (function fn() {
02:   var env = karate.env; // get system property 'karate.env'
03:   karate.log('karate.env system property was:', env);
04:   if (!env) {
05:     env = 'dev';
06:   }
07:   var config = {
08:     env: env,
09:     myVarName: 'someValue',
10:     baseUrl: 'http://localhost:3000'
11:     apiKey: karate.properties['apiKey']
12:   }
13:   if (env == 'dev') {
14:     // customize
15:     // e.g. config.foo = 'bar';
16:   } else if (env == 'e2e') {
17:     config.baseUrl = 'http://e2e.localhost:3000'
18:     // customize
19:   }
20:   return config;
21: })
<<<<
org.graalvm.polyglot.PolyglotException: SyntaxError: Unnamed:11:4 Expected comma but found ident
    apiKey: karate.properties['apiKey']
    ^
Unnamed:13:2 Expected ) but found if
  if (env == 'dev') {
  ^
Unnamed:16:2 Expected eof but found }
  } else if (env == 'e2e') {
  ^

- org.graalvm.polyglot.Context.eval(Context.java:428)
- com.intuit.karate.graal.JsEngine.evalForValue(JsEngine.java:169)
- com.intuit.karate.graal.JsEngine.eval(JsEngine.java:165)
- com.intuit.karate.core.ScenarioEngine.evalJs(ScenarioEngine.java:1252)
- com.intuit.karate.core.ScenarioRuntime.evalConfigJs(ScenarioRuntime.java:296)
- com.intuit.karate.core.ScenarioRuntime.beforeRun(ScenarioRuntime.java:371)
- com.intuit.karate.core.ScenarioRuntime.run(ScenarioRuntime.java:390)

js failed:
>>>>
01: function fn() {
02:   var env = karate.env; // get system property 'karate.env'
03:   karate.log('karate.env system property was:', env);
04:   if (!env) {
05:     env = 'dev';
06:   }
07:   var config = {
08:     env: env,
09:     myVarName: 'someValue',
10:     baseUrl: 'http://localhost:3000'
11:     apiKey: karate.properties['apiKey']
12:   }
13:   if (env == 'dev') {
14:     // customize
15:     // e.g. config.foo = 'bar';
16:   } else if (env == 'e2e') {
17:     config.baseUrl = 'http://e2e.localhost:3000'
18:     // customize
19:   }
20:   return config;
21: }
<<<<
com.intuit.karate.KarateException: js failed:
>>>>
01: (function fn() {
02:   var env = karate.env; // get system property 'karate.env'
03:   karate.log('karate.env system property was:', env);
04:   if (!env) {
05:     env = 'dev';
06:   }
07:   var config = {
08:     env: env,
09:     myVarName: 'someValue',
10:     baseUrl: 'http://localhost:3000'
11:     apiKey: karate.properties['apiKey']
12:   }
13:   if (env == 'dev') {
14:     // customize
15:     // e.g. config.foo = 'bar';
16:   } else if (env == 'e2e') {
17:     config.baseUrl = 'http://e2e.localhost:3000'
18:     // customize
19:   }
20:   return config;
21: })
<<<<
org.graalvm.polyglot.PolyglotException: SyntaxError: Unnamed:11:4 Expected comma but found ident
    apiKey: karate.properties['apiKey']
    ^
Unnamed:13:2 Expected ) but found if
  if (env == 'dev') {
  ^
Unnamed:16:2 Expected eof but found }
  } else if (env == 'e2e') {
  ^

- org.graalvm.polyglot.Context.eval(Context.java:428)
- com.intuit.karate.graal.JsEngine.evalForValue(JsEngine.java:169)
- com.intuit.karate.graal.JsEngine.eval(JsEngine.java:165)
- com.intuit.karate.core.ScenarioEngine.evalJs(ScenarioEngine.java:1252)
- com.intuit.karate.core.ScenarioRuntime.evalConfigJs(ScenarioRuntime.java:296)
- com.intuit.karate.core.ScenarioRuntime.beforeRun(ScenarioRuntime.java:371)
- com.intuit.karate.core.ScenarioRuntime.run(ScenarioRuntime.java:390)

- com.intuit.karate.graal.JsEngine.fromJsEvalException(JsEngine.java:253)
- com.intuit.karate.core.ScenarioEngine.evalJs(ScenarioEngine.java:1254)
- com.intuit.karate.core.ScenarioRuntime.evalConfigJs(ScenarioRuntime.java:296)
- com.intuit.karate.core.ScenarioRuntime.beforeRun(ScenarioRuntime.java:371)
- com.intuit.karate.core.ScenarioRuntime.run(ScenarioRuntime.java:390)
- com.intuit.karate.core.FeatureRuntime.processScenario(FeatureRuntime.java:193)
- com.intuit.karate.core.FeatureRuntime$1.process(FeatureRuntime.java:140)

classpath:examples/pets/pets.feature:51
classpath:examples/pets/pets.feature:52
classpath:examples/pets/pets.feature:53
classpath:examples/pets/pets.feature:54
classpath:examples/pets/pets.feature:55
classpath:examples/pets/pets.feature:56
classpath:examples/pets/pets.feature:57
classpath:examples/pets/pets.feature:58
19:39:31.167 [pool-2-thread-3] ERROR com.intuit.karate - classpath:examples/pets/pets.feature:33
And method put
>> classpath:examples/pets/pets.feature:25
>> karate-config.js failed
>> js failed:
>>>>
01: (function fn() {
02:   var env = karate.env; // get system property 'karate.env'
03:   karate.log('karate.env system property was:', env);
04:   if (!env) {
05:     env = 'dev';
06:   }
07:   var config = {
08:     env: env,
09:     myVarName: 'someValue',
10:     baseUrl: 'http://localhost:3000'
11:     apiKey: karate.properties['apiKey']
12:   }
13:   if (env == 'dev') {
14:     // customize
15:     // e.g. config.foo = 'bar';
16:   } else if (env == 'e2e') {
17:     config.baseUrl = 'http://e2e.localhost:3000'
18:     // customize
19:   }
20:   return config;
21: })
<<<<
org.graalvm.polyglot.PolyglotException: SyntaxError: Unnamed:11:4 Expected comma but found ident
    apiKey: karate.properties['apiKey']
    ^
Unnamed:13:2 Expected ) but found if
  if (env == 'dev') {
  ^
Unnamed:16:2 Expected eof but found }
  } else if (env == 'e2e') {
  ^

- org.graalvm.polyglot.Context.eval(Context.java:428)
- com.intuit.karate.graal.JsEngine.evalForValue(JsEngine.java:169)
- com.intuit.karate.graal.JsEngine.eval(JsEngine.java:165)
- com.intuit.karate.core.ScenarioEngine.evalJs(ScenarioEngine.java:1252)
- com.intuit.karate.core.ScenarioRuntime.evalConfigJs(ScenarioRuntime.java:296)
- com.intuit.karate.core.ScenarioRuntime.beforeRun(ScenarioRuntime.java:371)
- com.intuit.karate.core.ScenarioRuntime.run(ScenarioRuntime.java:390)

js failed:
>>>>
01: function fn() {
02:   var env = karate.env; // get system property 'karate.env'
03:   karate.log('karate.env system property was:', env);
04:   if (!env) {
05:     env = 'dev';
06:   }
07:   var config = {
08:     env: env,
09:     myVarName: 'someValue',
10:     baseUrl: 'http://localhost:3000'
11:     apiKey: karate.properties['apiKey']
12:   }
13:   if (env == 'dev') {
14:     // customize
15:     // e.g. config.foo = 'bar';
16:   } else if (env == 'e2e') {
17:     config.baseUrl = 'http://e2e.localhost:3000'
18:     // customize
19:   }
20:   return config;
21: }
<<<<
com.intuit.karate.KarateException: js failed:
>>>>
01: (function fn() {
02:   var env = karate.env; // get system property 'karate.env'
03:   karate.log('karate.env system property was:', env);
04:   if (!env) {
05:     env = 'dev';
06:   }
07:   var config = {
08:     env: env,
09:     myVarName: 'someValue',
10:     baseUrl: 'http://localhost:3000'
11:     apiKey: karate.properties['apiKey']
12:   }
13:   if (env == 'dev') {
14:     // customize
15:     // e.g. config.foo = 'bar';
16:   } else if (env == 'e2e') {
17:     config.baseUrl = 'http://e2e.localhost:3000'
18:     // customize
19:   }
20:   return config;
21: })
<<<<
org.graalvm.polyglot.PolyglotException: SyntaxError: Unnamed:11:4 Expected comma but found ident
    apiKey: karate.properties['apiKey']
    ^
Unnamed:13:2 Expected ) but found if
  if (env == 'dev') {
  ^
Unnamed:16:2 Expected eof but found }
  } else if (env == 'e2e') {
  ^

- org.graalvm.polyglot.Context.eval(Context.java:428)
- com.intuit.karate.graal.JsEngine.evalForValue(JsEngine.java:169)
- com.intuit.karate.graal.JsEngine.eval(JsEngine.java:165)
- com.intuit.karate.core.ScenarioEngine.evalJs(ScenarioEngine.java:1252)
- com.intuit.karate.core.ScenarioRuntime.evalConfigJs(ScenarioRuntime.java:296)
- com.intuit.karate.core.ScenarioRuntime.beforeRun(ScenarioRuntime.java:371)
- com.intuit.karate.core.ScenarioRuntime.run(ScenarioRuntime.java:390)

- com.intuit.karate.graal.JsEngine.fromJsEvalException(JsEngine.java:253)
- com.intuit.karate.core.ScenarioEngine.evalJs(ScenarioEngine.java:1254)
- com.intuit.karate.core.ScenarioRuntime.evalConfigJs(ScenarioRuntime.java:296)
- com.intuit.karate.core.ScenarioRuntime.beforeRun(ScenarioRuntime.java:371)
- com.intuit.karate.core.ScenarioRuntime.run(ScenarioRuntime.java:390)
- com.intuit.karate.core.FeatureRuntime.processScenario(FeatureRuntime.java:193)
- com.intuit.karate.core.FeatureRuntime$1.process(FeatureRuntime.java:140)

classpath:examples/pets/pets.feature:26
classpath:examples/pets/pets.feature:27
classpath:examples/pets/pets.feature:28
classpath:examples/pets/pets.feature:29
classpath:examples/pets/pets.feature:30
classpath:examples/pets/pets.feature:31
classpath:examples/pets/pets.feature:32
classpath:examples/pets/pets.feature:33
19:39:31.175 [pool-2-thread-3] ERROR com.intuit.karate - classpath:examples/pets/pets.feature:34
Then status 200
>> classpath:examples/pets/pets.feature:25
>> karate-config.js failed
>> js failed:
>>>>
01: (function fn() {
02:   var env = karate.env; // get system property 'karate.env'
03:   karate.log('karate.env system property was:', env);
04:   if (!env) {
05:     env = 'dev';
06:   }
07:   var config = {
08:     env: env,
09:     myVarName: 'someValue',
10:     baseUrl: 'http://localhost:3000'
11:     apiKey: karate.properties['apiKey']
12:   }
13:   if (env == 'dev') {
14:     // customize
15:     // e.g. config.foo = 'bar';
16:   } else if (env == 'e2e') {
17:     config.baseUrl = 'http://e2e.localhost:3000'
18:     // customize
19:   }
20:   return config;
21: })
<<<<
org.graalvm.polyglot.PolyglotException: SyntaxError: Unnamed:11:4 Expected comma but found ident
    apiKey: karate.properties['apiKey']
    ^
Unnamed:13:2 Expected ) but found if
  if (env == 'dev') {
  ^
Unnamed:16:2 Expected eof but found }
  } else if (env == 'e2e') {
  ^

- org.graalvm.polyglot.Context.eval(Context.java:428)
- com.intuit.karate.graal.JsEngine.evalForValue(JsEngine.java:169)
- com.intuit.karate.graal.JsEngine.eval(JsEngine.java:165)
- com.intuit.karate.core.ScenarioEngine.evalJs(ScenarioEngine.java:1252)
- com.intuit.karate.core.ScenarioRuntime.evalConfigJs(ScenarioRuntime.java:296)
- com.intuit.karate.core.ScenarioRuntime.beforeRun(ScenarioRuntime.java:371)
- com.intuit.karate.core.ScenarioRuntime.run(ScenarioRuntime.java:390)

js failed:
>>>>
01: function fn() {
02:   var env = karate.env; // get system property 'karate.env'
03:   karate.log('karate.env system property was:', env);
04:   if (!env) {
05:     env = 'dev';
06:   }
07:   var config = {
08:     env: env,
09:     myVarName: 'someValue',
10:     baseUrl: 'http://localhost:3000'
11:     apiKey: karate.properties['apiKey']
12:   }
13:   if (env == 'dev') {
14:     // customize
15:     // e.g. config.foo = 'bar';
16:   } else if (env == 'e2e') {
17:     config.baseUrl = 'http://e2e.localhost:3000'
18:     // customize
19:   }
20:   return config;
21: }
<<<<
com.intuit.karate.KarateException: js failed:
>>>>
01: (function fn() {
02:   var env = karate.env; // get system property 'karate.env'
03:   karate.log('karate.env system property was:', env);
04:   if (!env) {
05:     env = 'dev';
06:   }
07:   var config = {
08:     env: env,
09:     myVarName: 'someValue',
10:     baseUrl: 'http://localhost:3000'
11:     apiKey: karate.properties['apiKey']
12:   }
13:   if (env == 'dev') {
14:     // customize
15:     // e.g. config.foo = 'bar';
16:   } else if (env == 'e2e') {
17:     config.baseUrl = 'http://e2e.localhost:3000'
18:     // customize
19:   }
20:   return config;
21: })
<<<<
org.graalvm.polyglot.PolyglotException: SyntaxError: Unnamed:11:4 Expected comma but found ident
    apiKey: karate.properties['apiKey']
    ^
Unnamed:13:2 Expected ) but found if
  if (env == 'dev') {
  ^
Unnamed:16:2 Expected eof but found }
  } else if (env == 'e2e') {
  ^

- org.graalvm.polyglot.Context.eval(Context.java:428)
- com.intuit.karate.graal.JsEngine.evalForValue(JsEngine.java:169)
- com.intuit.karate.graal.JsEngine.eval(JsEngine.java:165)
- com.intuit.karate.core.ScenarioEngine.evalJs(ScenarioEngine.java:1252)
- com.intuit.karate.core.ScenarioRuntime.evalConfigJs(ScenarioRuntime.java:296)
- com.intuit.karate.core.ScenarioRuntime.beforeRun(ScenarioRuntime.java:371)
- com.intuit.karate.core.ScenarioRuntime.run(ScenarioRuntime.java:390)

- com.intuit.karate.graal.JsEngine.fromJsEvalException(JsEngine.java:253)
- com.intuit.karate.core.ScenarioEngine.evalJs(ScenarioEngine.java:1254)
- com.intuit.karate.core.ScenarioRuntime.evalConfigJs(ScenarioRuntime.java:296)
- com.intuit.karate.core.ScenarioRuntime.beforeRun(ScenarioRuntime.java:371)
- com.intuit.karate.core.ScenarioRuntime.run(ScenarioRuntime.java:390)
- com.intuit.karate.core.FeatureRuntime.processScenario(FeatureRuntime.java:193)
- com.intuit.karate.core.FeatureRuntime$1.process(FeatureRuntime.java:140)

classpath:examples/pets/pets.feature:26
classpath:examples/pets/pets.feature:27
classpath:examples/pets/pets.feature:28
classpath:examples/pets/pets.feature:29
classpath:examples/pets/pets.feature:30
classpath:examples/pets/pets.feature:31
classpath:examples/pets/pets.feature:32
classpath:examples/pets/pets.feature:33
classpath:examples/pets/pets.feature:34
19:39:31.172 [pool-2-thread-4] ERROR com.intuit.karate - classpath:examples/pets/pets.feature:47
Then status 200
>> classpath:examples/pets/pets.feature:38
>> karate-config.js failed
>> js failed:
>>>>
01: (function fn() {
02:   var env = karate.env; // get system property 'karate.env'
03:   karate.log('karate.env system property was:', env);
04:   if (!env) {
05:     env = 'dev';
06:   }
07:   var config = {
08:     env: env,
09:     myVarName: 'someValue',
10:     baseUrl: 'http://localhost:3000'
11:     apiKey: karate.properties['apiKey']
12:   }
13:   if (env == 'dev') {
14:     // customize
15:     // e.g. config.foo = 'bar';
16:   } else if (env == 'e2e') {
17:     config.baseUrl = 'http://e2e.localhost:3000'
18:     // customize
19:   }
20:   return config;
21: })
<<<<
org.graalvm.polyglot.PolyglotException: SyntaxError: Unnamed:11:4 Expected comma but found ident
    apiKey: karate.properties['apiKey']
    ^
Unnamed:13:2 Expected ) but found if
  if (env == 'dev') {
  ^
Unnamed:16:2 Expected eof but found }
  } else if (env == 'e2e') {
  ^

- org.graalvm.polyglot.Context.eval(Context.java:428)
- com.intuit.karate.graal.JsEngine.evalForValue(JsEngine.java:169)
- com.intuit.karate.graal.JsEngine.eval(JsEngine.java:165)
- com.intuit.karate.core.ScenarioEngine.evalJs(ScenarioEngine.java:1252)
- com.intuit.karate.core.ScenarioRuntime.evalConfigJs(ScenarioRuntime.java:296)
- com.intuit.karate.core.ScenarioRuntime.beforeRun(ScenarioRuntime.java:371)
- com.intuit.karate.core.ScenarioRuntime.run(ScenarioRuntime.java:390)

js failed:
>>>>
01: function fn() {
02:   var env = karate.env; // get system property 'karate.env'
03:   karate.log('karate.env system property was:', env);
04:   if (!env) {
05:     env = 'dev';
06:   }
07:   var config = {
08:     env: env,
09:     myVarName: 'someValue',
10:     baseUrl: 'http://localhost:3000'
11:     apiKey: karate.properties['apiKey']
12:   }
13:   if (env == 'dev') {
14:     // customize
15:     // e.g. config.foo = 'bar';
16:   } else if (env == 'e2e') {
17:     config.baseUrl = 'http://e2e.localhost:3000'
18:     // customize
19:   }
20:   return config;
21: }
<<<<
com.intuit.karate.KarateException: js failed:
>>>>
01: (function fn() {
02:   var env = karate.env; // get system property 'karate.env'
03:   karate.log('karate.env system property was:', env);
04:   if (!env) {
05:     env = 'dev';
06:   }
07:   var config = {
08:     env: env,
09:     myVarName: 'someValue',
10:     baseUrl: 'http://localhost:3000'
11:     apiKey: karate.properties['apiKey']
12:   }
13:   if (env == 'dev') {
14:     // customize
15:     // e.g. config.foo = 'bar';
16:   } else if (env == 'e2e') {
17:     config.baseUrl = 'http://e2e.localhost:3000'
18:     // customize
19:   }
20:   return config;
21: })
<<<<
org.graalvm.polyglot.PolyglotException: SyntaxError: Unnamed:11:4 Expected comma but found ident
    apiKey: karate.properties['apiKey']
    ^
Unnamed:13:2 Expected ) but found if
  if (env == 'dev') {
  ^
Unnamed:16:2 Expected eof but found }
  } else if (env == 'e2e') {
  ^

- org.graalvm.polyglot.Context.eval(Context.java:428)
- com.intuit.karate.graal.JsEngine.evalForValue(JsEngine.java:169)
- com.intuit.karate.graal.JsEngine.eval(JsEngine.java:165)
- com.intuit.karate.core.ScenarioEngine.evalJs(ScenarioEngine.java:1252)
- com.intuit.karate.core.ScenarioRuntime.evalConfigJs(ScenarioRuntime.java:296)
- com.intuit.karate.core.ScenarioRuntime.beforeRun(ScenarioRuntime.java:371)
- com.intuit.karate.core.ScenarioRuntime.run(ScenarioRuntime.java:390)

- com.intuit.karate.graal.JsEngine.fromJsEvalException(JsEngine.java:253)
- com.intuit.karate.core.ScenarioEngine.evalJs(ScenarioEngine.java:1254)
- com.intuit.karate.core.ScenarioRuntime.evalConfigJs(ScenarioRuntime.java:296)
- com.intuit.karate.core.ScenarioRuntime.beforeRun(ScenarioRuntime.java:371)
- com.intuit.karate.core.ScenarioRuntime.run(ScenarioRuntime.java:390)
- com.intuit.karate.core.FeatureRuntime.processScenario(FeatureRuntime.java:193)
- com.intuit.karate.core.FeatureRuntime$1.process(FeatureRuntime.java:140)

classpath:examples/pets/pets.feature:39
classpath:examples/pets/pets.feature:40
classpath:examples/pets/pets.feature:41
classpath:examples/pets/pets.feature:42
classpath:examples/pets/pets.feature:43
classpath:examples/pets/pets.feature:44
classpath:examples/pets/pets.feature:45
classpath:examples/pets/pets.feature:46
classpath:examples/pets/pets.feature:47
19:39:31.177 [pool-2-thread-4] ERROR com.intuit.karate - classpath:examples/pets/pets.feature:48
And match $.data.name == "Bluey"
>> classpath:examples/pets/pets.feature:38
>> karate-config.js failed
>> js failed:
>>>>
01: (function fn() {
02:   var env = karate.env; // get system property 'karate.env'
03:   karate.log('karate.env system property was:', env);
04:   if (!env) {
05:     env = 'dev';
06:   }
07:   var config = {
08:     env: env,
09:     myVarName: 'someValue',
10:     baseUrl: 'http://localhost:3000'
11:     apiKey: karate.properties['apiKey']
12:   }
13:   if (env == 'dev') {
14:     // customize
15:     // e.g. config.foo = 'bar';
16:   } else if (env == 'e2e') {
17:     config.baseUrl = 'http://e2e.localhost:3000'
18:     // customize
19:   }
20:   return config;
21: })
<<<<
org.graalvm.polyglot.PolyglotException: SyntaxError: Unnamed:11:4 Expected comma but found ident
    apiKey: karate.properties['apiKey']
    ^
Unnamed:13:2 Expected ) but found if
  if (env == 'dev') {
  ^
Unnamed:16:2 Expected eof but found }
  } else if (env == 'e2e') {
  ^

- org.graalvm.polyglot.Context.eval(Context.java:428)
- com.intuit.karate.graal.JsEngine.evalForValue(JsEngine.java:169)
- com.intuit.karate.graal.JsEngine.eval(JsEngine.java:165)
- com.intuit.karate.core.ScenarioEngine.evalJs(ScenarioEngine.java:1252)
- com.intuit.karate.core.ScenarioRuntime.evalConfigJs(ScenarioRuntime.java:296)
- com.intuit.karate.core.ScenarioRuntime.beforeRun(ScenarioRuntime.java:371)
- com.intuit.karate.core.ScenarioRuntime.run(ScenarioRuntime.java:390)

js failed:
>>>>
01: function fn() {
02:   var env = karate.env; // get system property 'karate.env'
03:   karate.log('karate.env system property was:', env);
04:   if (!env) {
05:     env = 'dev';
06:   }
07:   var config = {
08:     env: env,
09:     myVarName: 'someValue',
10:     baseUrl: 'http://localhost:3000'
11:     apiKey: karate.properties['apiKey']
12:   }
13:   if (env == 'dev') {
14:     // customize
15:     // e.g. config.foo = 'bar';
16:   } else if (env == 'e2e') {
17:     config.baseUrl = 'http://e2e.localhost:3000'
18:     // customize
19:   }
20:   return config;
21: }
<<<<
com.intuit.karate.KarateException: js failed:
>>>>
01: (function fn() {
02:   var env = karate.env; // get system property 'karate.env'
03:   karate.log('karate.env system property was:', env);
04:   if (!env) {
05:     env = 'dev';
06:   }
07:   var config = {
08:     env: env,
09:     myVarName: 'someValue',
10:     baseUrl: 'http://localhost:3000'
11:     apiKey: karate.properties['apiKey']
12:   }
13:   if (env == 'dev') {
14:     // customize
15:     // e.g. config.foo = 'bar';
16:   } else if (env == 'e2e') {
17:     config.baseUrl = 'http://e2e.localhost:3000'
18:     // customize
19:   }
20:   return config;
21: })
<<<<
org.graalvm.polyglot.PolyglotException: SyntaxError: Unnamed:11:4 Expected comma but found ident
    apiKey: karate.properties['apiKey']
    ^
Unnamed:13:2 Expected ) but found if
  if (env == 'dev') {
  ^
Unnamed:16:2 Expected eof but found }
  } else if (env == 'e2e') {
  ^

- org.graalvm.polyglot.Context.eval(Context.java:428)
- com.intuit.karate.graal.JsEngine.evalForValue(JsEngine.java:169)
- com.intuit.karate.graal.JsEngine.eval(JsEngine.java:165)
- com.intuit.karate.core.ScenarioEngine.evalJs(ScenarioEngine.java:1252)
- com.intuit.karate.core.ScenarioRuntime.evalConfigJs(ScenarioRuntime.java:296)
- com.intuit.karate.core.ScenarioRuntime.beforeRun(ScenarioRuntime.java:371)
- com.intuit.karate.core.ScenarioRuntime.run(ScenarioRuntime.java:390)

- com.intuit.karate.graal.JsEngine.fromJsEvalException(JsEngine.java:253)
- com.intuit.karate.core.ScenarioEngine.evalJs(ScenarioEngine.java:1254)
- com.intuit.karate.core.ScenarioRuntime.evalConfigJs(ScenarioRuntime.java:296)
- com.intuit.karate.core.ScenarioRuntime.beforeRun(ScenarioRuntime.java:371)
- com.intuit.karate.core.ScenarioRuntime.run(ScenarioRuntime.java:390)
- com.intuit.karate.core.FeatureRuntime.processScenario(FeatureRuntime.java:193)
- com.intuit.karate.core.FeatureRuntime$1.process(FeatureRuntime.java:140)

classpath:examples/pets/pets.feature:39
classpath:examples/pets/pets.feature:40
classpath:examples/pets/pets.feature:41
classpath:examples/pets/pets.feature:42
classpath:examples/pets/pets.feature:43
classpath:examples/pets/pets.feature:44
classpath:examples/pets/pets.feature:45
classpath:examples/pets/pets.feature:46
classpath:examples/pets/pets.feature:47
classpath:examples/pets/pets.feature:48
19:39:31.175 [pool-2-thread-3] ERROR com.intuit.karate - classpath:examples/pets/pets.feature:35
And match $.data.name == "Bingo8"
>> classpath:examples/pets/pets.feature:25
>> karate-config.js failed
>> js failed:
>>>>
01: (function fn() {
02:   var env = karate.env; // get system property 'karate.env'
03:   karate.log('karate.env system property was:', env);
04:   if (!env) {
05:     env = 'dev';
06:   }
07:   var config = {
08:     env: env,
09:     myVarName: 'someValue',
10:     baseUrl: 'http://localhost:3000'
11:     apiKey: karate.properties['apiKey']
12:   }
13:   if (env == 'dev') {
14:     // customize
15:     // e.g. config.foo = 'bar';
16:   } else if (env == 'e2e') {
17:     config.baseUrl = 'http://e2e.localhost:3000'
18:     // customize
19:   }
20:   return config;
21: })
<<<<
org.graalvm.polyglot.PolyglotException: SyntaxError: Unnamed:11:4 Expected comma but found ident
    apiKey: karate.properties['apiKey']
    ^
Unnamed:13:2 Expected ) but found if
  if (env == 'dev') {
  ^
Unnamed:16:2 Expected eof but found }
  } else if (env == 'e2e') {
  ^

- org.graalvm.polyglot.Context.eval(Context.java:428)
- com.intuit.karate.graal.JsEngine.evalForValue(JsEngine.java:169)
- com.intuit.karate.graal.JsEngine.eval(JsEngine.java:165)
- com.intuit.karate.core.ScenarioEngine.evalJs(ScenarioEngine.java:1252)
- com.intuit.karate.core.ScenarioRuntime.evalConfigJs(ScenarioRuntime.java:296)
- com.intuit.karate.core.ScenarioRuntime.beforeRun(ScenarioRuntime.java:371)
- com.intuit.karate.core.ScenarioRuntime.run(ScenarioRuntime.java:390)

js failed:
>>>>
01: function fn() {
02:   var env = karate.env; // get system property 'karate.env'
03:   karate.log('karate.env system property was:', env);
04:   if (!env) {
05:     env = 'dev';
06:   }
07:   var config = {
08:     env: env,
09:     myVarName: 'someValue',
10:     baseUrl: 'http://localhost:3000'
11:     apiKey: karate.properties['apiKey']
12:   }
13:   if (env == 'dev') {
14:     // customize
15:     // e.g. config.foo = 'bar';
16:   } else if (env == 'e2e') {
17:     config.baseUrl = 'http://e2e.localhost:3000'
18:     // customize
19:   }
20:   return config;
21: }
<<<<
com.intuit.karate.KarateException: js failed:
>>>>
01: (function fn() {
02:   var env = karate.env; // get system property 'karate.env'
03:   karate.log('karate.env system property was:', env);
04:   if (!env) {
05:     env = 'dev';
06:   }
07:   var config = {
08:     env: env,
09:     myVarName: 'someValue',
10:     baseUrl: 'http://localhost:3000'
11:     apiKey: karate.properties['apiKey']
12:   }
13:   if (env == 'dev') {
14:     // customize
15:     // e.g. config.foo = 'bar';
16:   } else if (env == 'e2e') {
17:     config.baseUrl = 'http://e2e.localhost:3000'
18:     // customize
19:   }
20:   return config;
21: })
<<<<
org.graalvm.polyglot.PolyglotException: SyntaxError: Unnamed:11:4 Expected comma but found ident
    apiKey: karate.properties['apiKey']
    ^
Unnamed:13:2 Expected ) but found if
  if (env == 'dev') {
  ^
Unnamed:16:2 Expected eof but found }
  } else if (env == 'e2e') {
  ^

- org.graalvm.polyglot.Context.eval(Context.java:428)
- com.intuit.karate.graal.JsEngine.evalForValue(JsEngine.java:169)
- com.intuit.karate.graal.JsEngine.eval(JsEngine.java:165)
- com.intuit.karate.core.ScenarioEngine.evalJs(ScenarioEngine.java:1252)
- com.intuit.karate.core.ScenarioRuntime.evalConfigJs(ScenarioRuntime.java:296)
- com.intuit.karate.core.ScenarioRuntime.beforeRun(ScenarioRuntime.java:371)
- com.intuit.karate.core.ScenarioRuntime.run(ScenarioRuntime.java:390)

- com.intuit.karate.graal.JsEngine.fromJsEvalException(JsEngine.java:253)
- com.intuit.karate.core.ScenarioEngine.evalJs(ScenarioEngine.java:1254)
- com.intuit.karate.core.ScenarioRuntime.evalConfigJs(ScenarioRuntime.java:296)
- com.intuit.karate.core.ScenarioRuntime.beforeRun(ScenarioRuntime.java:371)
- com.intuit.karate.core.ScenarioRuntime.run(ScenarioRuntime.java:390)
- com.intuit.karate.core.FeatureRuntime.processScenario(FeatureRuntime.java:193)
- com.intuit.karate.core.FeatureRuntime$1.process(FeatureRuntime.java:140)

classpath:examples/pets/pets.feature:26
classpath:examples/pets/pets.feature:27
classpath:examples/pets/pets.feature:28
classpath:examples/pets/pets.feature:29
classpath:examples/pets/pets.feature:30
classpath:examples/pets/pets.feature:31
classpath:examples/pets/pets.feature:32
classpath:examples/pets/pets.feature:33
classpath:examples/pets/pets.feature:34
classpath:examples/pets/pets.feature:35
19:39:31.177 [pool-2-thread-3] ERROR com.intuit.karate - classpath:examples/pets/pets.feature:36
And match $.data.type == "Gato"
>> classpath:examples/pets/pets.feature:25
>> karate-config.js failed
>> js failed:
>>>>
01: (function fn() {
02:   var env = karate.env; // get system property 'karate.env'
03:   karate.log('karate.env system property was:', env);
04:   if (!env) {
05:     env = 'dev';
06:   }
07:   var config = {
08:     env: env,
09:     myVarName: 'someValue',
10:     baseUrl: 'http://localhost:3000'
11:     apiKey: karate.properties['apiKey']
12:   }
13:   if (env == 'dev') {
14:     // customize
15:     // e.g. config.foo = 'bar';
16:   } else if (env == 'e2e') {
17:     config.baseUrl = 'http://e2e.localhost:3000'
18:     // customize
19:   }
20:   return config;
21: })
<<<<
org.graalvm.polyglot.PolyglotException: SyntaxError: Unnamed:11:4 Expected comma but found ident
    apiKey: karate.properties['apiKey']
    ^
Unnamed:13:2 Expected ) but found if
  if (env == 'dev') {
  ^
Unnamed:16:2 Expected eof but found }
  } else if (env == 'e2e') {
  ^

- org.graalvm.polyglot.Context.eval(Context.java:428)
- com.intuit.karate.graal.JsEngine.evalForValue(JsEngine.java:169)
- com.intuit.karate.graal.JsEngine.eval(JsEngine.java:165)
- com.intuit.karate.core.ScenarioEngine.evalJs(ScenarioEngine.java:1252)
- com.intuit.karate.core.ScenarioRuntime.evalConfigJs(ScenarioRuntime.java:296)
- com.intuit.karate.core.ScenarioRuntime.beforeRun(ScenarioRuntime.java:371)
- com.intuit.karate.core.ScenarioRuntime.run(ScenarioRuntime.java:390)

js failed:
>>>>
01: function fn() {
02:   var env = karate.env; // get system property 'karate.env'
03:   karate.log('karate.env system property was:', env);
04:   if (!env) {
05:     env = 'dev';
06:   }
07:   var config = {
08:     env: env,
09:     myVarName: 'someValue',
10:     baseUrl: 'http://localhost:3000'
11:     apiKey: karate.properties['apiKey']
12:   }
13:   if (env == 'dev') {
14:     // customize
15:     // e.g. config.foo = 'bar';
16:   } else if (env == 'e2e') {
17:     config.baseUrl = 'http://e2e.localhost:3000'
18:     // customize
19:   }
20:   return config;
21: }
<<<<
com.intuit.karate.KarateException: js failed:
>>>>
01: (function fn() {
02:   var env = karate.env; // get system property 'karate.env'
03:   karate.log('karate.env system property was:', env);
04:   if (!env) {
05:     env = 'dev';
06:   }
07:   var config = {
08:     env: env,
09:     myVarName: 'someValue',
10:     baseUrl: 'http://localhost:3000'
11:     apiKey: karate.properties['apiKey']
12:   }
13:   if (env == 'dev') {
14:     // customize
15:     // e.g. config.foo = 'bar';
16:   } else if (env == 'e2e') {
17:     config.baseUrl = 'http://e2e.localhost:3000'
18:     // customize
19:   }
20:   return config;
21: })
<<<<
org.graalvm.polyglot.PolyglotException: SyntaxError: Unnamed:11:4 Expected comma but found ident
    apiKey: karate.properties['apiKey']
    ^
Unnamed:13:2 Expected ) but found if
  if (env == 'dev') {
  ^
Unnamed:16:2 Expected eof but found }
  } else if (env == 'e2e') {
  ^

- org.graalvm.polyglot.Context.eval(Context.java:428)
- com.intuit.karate.graal.JsEngine.evalForValue(JsEngine.java:169)
- com.intuit.karate.graal.JsEngine.eval(JsEngine.java:165)
- com.intuit.karate.core.ScenarioEngine.evalJs(ScenarioEngine.java:1252)
- com.intuit.karate.core.ScenarioRuntime.evalConfigJs(ScenarioRuntime.java:296)
- com.intuit.karate.core.ScenarioRuntime.beforeRun(ScenarioRuntime.java:371)
- com.intuit.karate.core.ScenarioRuntime.run(ScenarioRuntime.java:390)

- com.intuit.karate.graal.JsEngine.fromJsEvalException(JsEngine.java:253)
- com.intuit.karate.core.ScenarioEngine.evalJs(ScenarioEngine.java:1254)
- com.intuit.karate.core.ScenarioRuntime.evalConfigJs(ScenarioRuntime.java:296)
- com.intuit.karate.core.ScenarioRuntime.beforeRun(ScenarioRuntime.java:371)
- com.intuit.karate.core.ScenarioRuntime.run(ScenarioRuntime.java:390)
- com.intuit.karate.core.FeatureRuntime.processScenario(FeatureRuntime.java:193)
- com.intuit.karate.core.FeatureRuntime$1.process(FeatureRuntime.java:140)

classpath:examples/pets/pets.feature:26
classpath:examples/pets/pets.feature:27
classpath:examples/pets/pets.feature:28
classpath:examples/pets/pets.feature:29
classpath:examples/pets/pets.feature:30
classpath:examples/pets/pets.feature:31
classpath:examples/pets/pets.feature:32
classpath:examples/pets/pets.feature:33
classpath:examples/pets/pets.feature:34
classpath:examples/pets/pets.feature:35
classpath:examples/pets/pets.feature:36
19:39:31.184 [pool-2-thread-4] ERROR com.intuit.karate - classpath:examples/pets/pets.feature:83
Given url "http://localhost:3000"
>> classpath:examples/pets/pets.feature:82
>> karate-config.js failed
>> js failed:
>>>>
01: (function fn() {
02:   var env = karate.env; // get system property 'karate.env'
03:   karate.log('karate.env system property was:', env);
04:   if (!env) {
05:     env = 'dev';
06:   }
07:   var config = {
08:     env: env,
09:     myVarName: 'someValue',
10:     baseUrl: 'http://localhost:3000'
11:     apiKey: karate.properties['apiKey']
12:   }
13:   if (env == 'dev') {
14:     // customize
15:     // e.g. config.foo = 'bar';
16:   } else if (env == 'e2e') {
17:     config.baseUrl = 'http://e2e.localhost:3000'
18:     // customize
19:   }
20:   return config;
21: })
<<<<
org.graalvm.polyglot.PolyglotException: SyntaxError: Unnamed:11:4 Expected comma but found ident
    apiKey: karate.properties['apiKey']
    ^
Unnamed:13:2 Expected ) but found if
  if (env == 'dev') {
  ^
Unnamed:16:2 Expected eof but found }
  } else if (env == 'e2e') {
  ^

- org.graalvm.polyglot.Context.eval(Context.java:428)
- com.intuit.karate.graal.JsEngine.evalForValue(JsEngine.java:169)
- com.intuit.karate.graal.JsEngine.eval(JsEngine.java:165)
- com.intuit.karate.core.ScenarioEngine.evalJs(ScenarioEngine.java:1252)
- com.intuit.karate.core.ScenarioRuntime.evalConfigJs(ScenarioRuntime.java:296)
- com.intuit.karate.core.ScenarioRuntime.beforeRun(ScenarioRuntime.java:371)
- com.intuit.karate.core.ScenarioRuntime.run(ScenarioRuntime.java:390)

js failed:
>>>>
01: function fn() {
02:   var env = karate.env; // get system property 'karate.env'
03:   karate.log('karate.env system property was:', env);
04:   if (!env) {
05:     env = 'dev';
06:   }
07:   var config = {
08:     env: env,
09:     myVarName: 'someValue',
10:     baseUrl: 'http://localhost:3000'
11:     apiKey: karate.properties['apiKey']
12:   }
13:   if (env == 'dev') {
14:     // customize
15:     // e.g. config.foo = 'bar';
16:   } else if (env == 'e2e') {
17:     config.baseUrl = 'http://e2e.localhost:3000'
18:     // customize
19:   }
20:   return config;
21: }
<<<<
com.intuit.karate.KarateException: js failed:
>>>>
01: (function fn() {
02:   var env = karate.env; // get system property 'karate.env'
03:   karate.log('karate.env system property was:', env);
04:   if (!env) {
05:     env = 'dev';
06:   }
07:   var config = {
08:     env: env,
09:     myVarName: 'someValue',
10:     baseUrl: 'http://localhost:3000'
11:     apiKey: karate.properties['apiKey']
12:   }
13:   if (env == 'dev') {
14:     // customize
15:     // e.g. config.foo = 'bar';
16:   } else if (env == 'e2e') {
17:     config.baseUrl = 'http://e2e.localhost:3000'
18:     // customize
19:   }
20:   return config;
21: })
<<<<
org.graalvm.polyglot.PolyglotException: SyntaxError: Unnamed:11:4 Expected comma but found ident
    apiKey: karate.properties['apiKey']
    ^
Unnamed:13:2 Expected ) but found if
  if (env == 'dev') {
  ^
Unnamed:16:2 Expected eof but found }
  } else if (env == 'e2e') {
  ^

- org.graalvm.polyglot.Context.eval(Context.java:428)
- com.intuit.karate.graal.JsEngine.evalForValue(JsEngine.java:169)
- com.intuit.karate.graal.JsEngine.eval(JsEngine.java:165)
- com.intuit.karate.core.ScenarioEngine.evalJs(ScenarioEngine.java:1252)
- com.intuit.karate.core.ScenarioRuntime.evalConfigJs(ScenarioRuntime.java:296)
- com.intuit.karate.core.ScenarioRuntime.beforeRun(ScenarioRuntime.java:371)
- com.intuit.karate.core.ScenarioRuntime.run(ScenarioRuntime.java:390)

- com.intuit.karate.graal.JsEngine.fromJsEvalException(JsEngine.java:253)
- com.intuit.karate.core.ScenarioEngine.evalJs(ScenarioEngine.java:1254)
- com.intuit.karate.core.ScenarioRuntime.evalConfigJs(ScenarioRuntime.java:296)
- com.intuit.karate.core.ScenarioRuntime.beforeRun(ScenarioRuntime.java:371)
- com.intuit.karate.core.ScenarioRuntime.run(ScenarioRuntime.java:390)
- com.intuit.karate.core.FeatureRuntime.processScenario(FeatureRuntime.java:193)
- com.intuit.karate.core.FeatureRuntime$1.process(FeatureRuntime.java:140)

classpath:examples/pets/pets.feature:83
19:39:31.184 [pool-2-thread-5] ERROR com.intuit.karate - classpath:examples/pets/pets.feature:62
* def credentials = "admin:password123"
>> classpath:examples/pets/pets.feature:60
>> karate-config.js failed
>> js failed:
>>>>
01: (function fn() {
02:   var env = karate.env; // get system property 'karate.env'
03:   karate.log('karate.env system property was:', env);
04:   if (!env) {
05:     env = 'dev';
06:   }
07:   var config = {
08:     env: env,
09:     myVarName: 'someValue',
10:     baseUrl: 'http://localhost:3000'
11:     apiKey: karate.properties['apiKey']
12:   }
13:   if (env == 'dev') {
14:     // customize
15:     // e.g. config.foo = 'bar';
16:   } else if (env == 'e2e') {
17:     config.baseUrl = 'http://e2e.localhost:3000'
18:     // customize
19:   }
20:   return config;
21: })
<<<<
org.graalvm.polyglot.PolyglotException: SyntaxError: Unnamed:11:4 Expected comma but found ident
    apiKey: karate.properties['apiKey']
    ^
Unnamed:13:2 Expected ) but found if
  if (env == 'dev') {
  ^
Unnamed:16:2 Expected eof but found }
  } else if (env == 'e2e') {
  ^

- org.graalvm.polyglot.Context.eval(Context.java:428)
- com.intuit.karate.graal.JsEngine.evalForValue(JsEngine.java:169)
- com.intuit.karate.graal.JsEngine.eval(JsEngine.java:165)
- com.intuit.karate.core.ScenarioEngine.evalJs(ScenarioEngine.java:1252)
- com.intuit.karate.core.ScenarioRuntime.evalConfigJs(ScenarioRuntime.java:296)
- com.intuit.karate.core.ScenarioRuntime.beforeRun(ScenarioRuntime.java:371)
- com.intuit.karate.core.ScenarioRuntime.run(ScenarioRuntime.java:390)

js failed:
>>>>
01: function fn() {
02:   var env = karate.env; // get system property 'karate.env'
03:   karate.log('karate.env system property was:', env);
04:   if (!env) {
05:     env = 'dev';
06:   }
07:   var config = {
08:     env: env,
09:     myVarName: 'someValue',
10:     baseUrl: 'http://localhost:3000'
11:     apiKey: karate.properties['apiKey']
12:   }
13:   if (env == 'dev') {
14:     // customize
15:     // e.g. config.foo = 'bar';
16:   } else if (env == 'e2e') {
17:     config.baseUrl = 'http://e2e.localhost:3000'
18:     // customize
19:   }
20:   return config;
21: }
<<<<
com.intuit.karate.KarateException: js failed:
>>>>
01: (function fn() {
02:   var env = karate.env; // get system property 'karate.env'
03:   karate.log('karate.env system property was:', env);
04:   if (!env) {
05:     env = 'dev';
06:   }
07:   var config = {
08:     env: env,
09:     myVarName: 'someValue',
10:     baseUrl: 'http://localhost:3000'
11:     apiKey: karate.properties['apiKey']
12:   }
13:   if (env == 'dev') {
14:     // customize
15:     // e.g. config.foo = 'bar';
16:   } else if (env == 'e2e') {
17:     config.baseUrl = 'http://e2e.localhost:3000'
18:     // customize
19:   }
20:   return config;
21: })
<<<<
org.graalvm.polyglot.PolyglotException: SyntaxError: Unnamed:11:4 Expected comma but found ident
    apiKey: karate.properties['apiKey']
    ^
Unnamed:13:2 Expected ) but found if
  if (env == 'dev') {
  ^
Unnamed:16:2 Expected eof but found }
  } else if (env == 'e2e') {
  ^

- org.graalvm.polyglot.Context.eval(Context.java:428)
- com.intuit.karate.graal.JsEngine.evalForValue(JsEngine.java:169)
- com.intuit.karate.graal.JsEngine.eval(JsEngine.java:165)
- com.intuit.karate.core.ScenarioEngine.evalJs(ScenarioEngine.java:1252)
- com.intuit.karate.core.ScenarioRuntime.evalConfigJs(ScenarioRuntime.java:296)
- com.intuit.karate.core.ScenarioRuntime.beforeRun(ScenarioRuntime.java:371)
- com.intuit.karate.core.ScenarioRuntime.run(ScenarioRuntime.java:390)

- com.intuit.karate.graal.JsEngine.fromJsEvalException(JsEngine.java:253)
- com.intuit.karate.core.ScenarioEngine.evalJs(ScenarioEngine.java:1254)
- com.intuit.karate.core.ScenarioRuntime.evalConfigJs(ScenarioRuntime.java:296)
- com.intuit.karate.core.ScenarioRuntime.beforeRun(ScenarioRuntime.java:371)
- com.intuit.karate.core.ScenarioRuntime.run(ScenarioRuntime.java:390)
- com.intuit.karate.core.FeatureRuntime.processScenario(FeatureRuntime.java:193)
- com.intuit.karate.core.FeatureRuntime$1.process(FeatureRuntime.java:140)

classpath:examples/pets/pets.feature:62
19:39:31.184 [pool-2-thread-3] ERROR com.intuit.karate - classpath:examples/pets/pets.feature:73
* def credentials = "admin:password124"
>> classpath:examples/pets/pets.feature:71
>> karate-config.js failed
>> js failed:
>>>>
01: (function fn() {
02:   var env = karate.env; // get system property 'karate.env'
03:   karate.log('karate.env system property was:', env);
04:   if (!env) {
05:     env = 'dev';
06:   }
07:   var config = {
08:     env: env,
09:     myVarName: 'someValue',
10:     baseUrl: 'http://localhost:3000'
11:     apiKey: karate.properties['apiKey']
12:   }
13:   if (env == 'dev') {
14:     // customize
15:     // e.g. config.foo = 'bar';
16:   } else if (env == 'e2e') {
17:     config.baseUrl = 'http://e2e.localhost:3000'
18:     // customize
19:   }
20:   return config;
21: })
<<<<
org.graalvm.polyglot.PolyglotException: SyntaxError: Unnamed:11:4 Expected comma but found ident
    apiKey: karate.properties['apiKey']
    ^
Unnamed:13:2 Expected ) but found if
  if (env == 'dev') {
  ^
Unnamed:16:2 Expected eof but found }
  } else if (env == 'e2e') {
  ^

- org.graalvm.polyglot.Context.eval(Context.java:428)
- com.intuit.karate.graal.JsEngine.evalForValue(JsEngine.java:169)
- com.intuit.karate.graal.JsEngine.eval(JsEngine.java:165)
- com.intuit.karate.core.ScenarioEngine.evalJs(ScenarioEngine.java:1252)
- com.intuit.karate.core.ScenarioRuntime.evalConfigJs(ScenarioRuntime.java:296)
- com.intuit.karate.core.ScenarioRuntime.beforeRun(ScenarioRuntime.java:371)
- com.intuit.karate.core.ScenarioRuntime.run(ScenarioRuntime.java:390)

js failed:
>>>>
01: function fn() {
02:   var env = karate.env; // get system property 'karate.env'
03:   karate.log('karate.env system property was:', env);
04:   if (!env) {
05:     env = 'dev';
06:   }
07:   var config = {
08:     env: env,
09:     myVarName: 'someValue',
10:     baseUrl: 'http://localhost:3000'
11:     apiKey: karate.properties['apiKey']
12:   }
13:   if (env == 'dev') {
14:     // customize
15:     // e.g. config.foo = 'bar';
16:   } else if (env == 'e2e') {
17:     config.baseUrl = 'http://e2e.localhost:3000'
18:     // customize
19:   }
20:   return config;
21: }
<<<<
com.intuit.karate.KarateException: js failed:
>>>>
01: (function fn() {
02:   var env = karate.env; // get system property 'karate.env'
03:   karate.log('karate.env system property was:', env);
04:   if (!env) {
05:     env = 'dev';
06:   }
07:   var config = {
08:     env: env,
09:     myVarName: 'someValue',
10:     baseUrl: 'http://localhost:3000'
11:     apiKey: karate.properties['apiKey']
12:   }
13:   if (env == 'dev') {
14:     // customize
15:     // e.g. config.foo = 'bar';
16:   } else if (env == 'e2e') {
17:     config.baseUrl = 'http://e2e.localhost:3000'
18:     // customize
19:   }
20:   return config;
21: })
<<<<
org.graalvm.polyglot.PolyglotException: SyntaxError: Unnamed:11:4 Expected comma but found ident
    apiKey: karate.properties['apiKey']
    ^
Unnamed:13:2 Expected ) but found if
  if (env == 'dev') {
  ^
Unnamed:16:2 Expected eof but found }
  } else if (env == 'e2e') {
  ^

- org.graalvm.polyglot.Context.eval(Context.java:428)
- com.intuit.karate.graal.JsEngine.evalForValue(JsEngine.java:169)
- com.intuit.karate.graal.JsEngine.eval(JsEngine.java:165)
- com.intuit.karate.core.ScenarioEngine.evalJs(ScenarioEngine.java:1252)
- com.intuit.karate.core.ScenarioRuntime.evalConfigJs(ScenarioRuntime.java:296)
- com.intuit.karate.core.ScenarioRuntime.beforeRun(ScenarioRuntime.java:371)
- com.intuit.karate.core.ScenarioRuntime.run(ScenarioRuntime.java:390)

- com.intuit.karate.graal.JsEngine.fromJsEvalException(JsEngine.java:253)
- com.intuit.karate.core.ScenarioEngine.evalJs(ScenarioEngine.java:1254)
- com.intuit.karate.core.ScenarioRuntime.evalConfigJs(ScenarioRuntime.java:296)
- com.intuit.karate.core.ScenarioRuntime.beforeRun(ScenarioRuntime.java:371)
- com.intuit.karate.core.ScenarioRuntime.run(ScenarioRuntime.java:390)
- com.intuit.karate.core.FeatureRuntime.processScenario(FeatureRuntime.java:193)
- com.intuit.karate.core.FeatureRuntime$1.process(FeatureRuntime.java:140)

classpath:examples/pets/pets.feature:73
19:39:31.184 [pool-2-thread-4] ERROR com.intuit.karate - classpath:examples/pets/pets.feature:84
And path "login"
>> classpath:examples/pets/pets.feature:82
>> karate-config.js failed
>> js failed:
>>>>
01: (function fn() {
02:   var env = karate.env; // get system property 'karate.env'
03:   karate.log('karate.env system property was:', env);
04:   if (!env) {
05:     env = 'dev';
06:   }
07:   var config = {
08:     env: env,
09:     myVarName: 'someValue',
10:     baseUrl: 'http://localhost:3000'
11:     apiKey: karate.properties['apiKey']
12:   }
13:   if (env == 'dev') {
14:     // customize
15:     // e.g. config.foo = 'bar';
16:   } else if (env == 'e2e') {
17:     config.baseUrl = 'http://e2e.localhost:3000'
18:     // customize
19:   }
20:   return config;
21: })
<<<<
org.graalvm.polyglot.PolyglotException: SyntaxError: Unnamed:11:4 Expected comma but found ident
    apiKey: karate.properties['apiKey']
    ^
Unnamed:13:2 Expected ) but found if
  if (env == 'dev') {
  ^
Unnamed:16:2 Expected eof but found }
  } else if (env == 'e2e') {
  ^

- org.graalvm.polyglot.Context.eval(Context.java:428)
- com.intuit.karate.graal.JsEngine.evalForValue(JsEngine.java:169)
- com.intuit.karate.graal.JsEngine.eval(JsEngine.java:165)
- com.intuit.karate.core.ScenarioEngine.evalJs(ScenarioEngine.java:1252)
- com.intuit.karate.core.ScenarioRuntime.evalConfigJs(ScenarioRuntime.java:296)
- com.intuit.karate.core.ScenarioRuntime.beforeRun(ScenarioRuntime.java:371)
- com.intuit.karate.core.ScenarioRuntime.run(ScenarioRuntime.java:390)

js failed:
>>>>
01: function fn() {
02:   var env = karate.env; // get system property 'karate.env'
03:   karate.log('karate.env system property was:', env);
04:   if (!env) {
05:     env = 'dev';
06:   }
07:   var config = {
08:     env: env,
09:     myVarName: 'someValue',
10:     baseUrl: 'http://localhost:3000'
11:     apiKey: karate.properties['apiKey']
12:   }
13:   if (env == 'dev') {
14:     // customize
15:     // e.g. config.foo = 'bar';
16:   } else if (env == 'e2e') {
17:     config.baseUrl = 'http://e2e.localhost:3000'
18:     // customize
19:   }
20:   return config;
21: }
<<<<
com.intuit.karate.KarateException: js failed:
>>>>
01: (function fn() {
02:   var env = karate.env; // get system property 'karate.env'
03:   karate.log('karate.env system property was:', env);
04:   if (!env) {
05:     env = 'dev';
06:   }
07:   var config = {
08:     env: env,
09:     myVarName: 'someValue',
10:     baseUrl: 'http://localhost:3000'
11:     apiKey: karate.properties['apiKey']
12:   }
13:   if (env == 'dev') {
14:     // customize
15:     // e.g. config.foo = 'bar';
16:   } else if (env == 'e2e') {
17:     config.baseUrl = 'http://e2e.localhost:3000'
18:     // customize
19:   }
20:   return config;
21: })
<<<<
org.graalvm.polyglot.PolyglotException: SyntaxError: Unnamed:11:4 Expected comma but found ident
    apiKey: karate.properties['apiKey']
    ^
Unnamed:13:2 Expected ) but found if
  if (env == 'dev') {
  ^
Unnamed:16:2 Expected eof but found }
  } else if (env == 'e2e') {
  ^

- org.graalvm.polyglot.Context.eval(Context.java:428)
- com.intuit.karate.graal.JsEngine.evalForValue(JsEngine.java:169)
- com.intuit.karate.graal.JsEngine.eval(JsEngine.java:165)
- com.intuit.karate.core.ScenarioEngine.evalJs(ScenarioEngine.java:1252)
- com.intuit.karate.core.ScenarioRuntime.evalConfigJs(ScenarioRuntime.java:296)
- com.intuit.karate.core.ScenarioRuntime.beforeRun(ScenarioRuntime.java:371)
- com.intuit.karate.core.ScenarioRuntime.run(ScenarioRuntime.java:390)

- com.intuit.karate.graal.JsEngine.fromJsEvalException(JsEngine.java:253)
- com.intuit.karate.core.ScenarioEngine.evalJs(ScenarioEngine.java:1254)
- com.intuit.karate.core.ScenarioRuntime.evalConfigJs(ScenarioRuntime.java:296)
- com.intuit.karate.core.ScenarioRuntime.beforeRun(ScenarioRuntime.java:371)
- com.intuit.karate.core.ScenarioRuntime.run(ScenarioRuntime.java:390)
- com.intuit.karate.core.FeatureRuntime.processScenario(FeatureRuntime.java:193)
- com.intuit.karate.core.FeatureRuntime$1.process(FeatureRuntime.java:140)

classpath:examples/pets/pets.feature:83
classpath:examples/pets/pets.feature:84
19:39:31.184 [pool-2-thread-5] ERROR com.intuit.karate - classpath:examples/pets/pets.feature:63
* def encoded = Java.type('java.util.Base64').encoder.encodeToString(credentials.getBytes())
>> classpath:examples/pets/pets.feature:60
>> karate-config.js failed
>> js failed:
>>>>
01: (function fn() {
02:   var env = karate.env; // get system property 'karate.env'
03:   karate.log('karate.env system property was:', env);
04:   if (!env) {
05:     env = 'dev';
06:   }
07:   var config = {
08:     env: env,
09:     myVarName: 'someValue',
10:     baseUrl: 'http://localhost:3000'
11:     apiKey: karate.properties['apiKey']
12:   }
13:   if (env == 'dev') {
14:     // customize
15:     // e.g. config.foo = 'bar';
16:   } else if (env == 'e2e') {
17:     config.baseUrl = 'http://e2e.localhost:3000'
18:     // customize
19:   }
20:   return config;
21: })
<<<<
org.graalvm.polyglot.PolyglotException: SyntaxError: Unnamed:11:4 Expected comma but found ident
    apiKey: karate.properties['apiKey']
    ^
Unnamed:13:2 Expected ) but found if
  if (env == 'dev') {
  ^
Unnamed:16:2 Expected eof but found }
  } else if (env == 'e2e') {
  ^

- org.graalvm.polyglot.Context.eval(Context.java:428)
- com.intuit.karate.graal.JsEngine.evalForValue(JsEngine.java:169)
- com.intuit.karate.graal.JsEngine.eval(JsEngine.java:165)
- com.intuit.karate.core.ScenarioEngine.evalJs(ScenarioEngine.java:1252)
- com.intuit.karate.core.ScenarioRuntime.evalConfigJs(ScenarioRuntime.java:296)
- com.intuit.karate.core.ScenarioRuntime.beforeRun(ScenarioRuntime.java:371)
- com.intuit.karate.core.ScenarioRuntime.run(ScenarioRuntime.java:390)

js failed:
>>>>
01: function fn() {
02:   var env = karate.env; // get system property 'karate.env'
03:   karate.log('karate.env system property was:', env);
04:   if (!env) {
05:     env = 'dev';
06:   }
07:   var config = {
08:     env: env,
09:     myVarName: 'someValue',
10:     baseUrl: 'http://localhost:3000'
11:     apiKey: karate.properties['apiKey']
12:   }
13:   if (env == 'dev') {
14:     // customize
15:     // e.g. config.foo = 'bar';
16:   } else if (env == 'e2e') {
17:     config.baseUrl = 'http://e2e.localhost:3000'
18:     // customize
19:   }
20:   return config;
21: }
<<<<
com.intuit.karate.KarateException: js failed:
>>>>
01: (function fn() {
02:   var env = karate.env; // get system property 'karate.env'
03:   karate.log('karate.env system property was:', env);
04:   if (!env) {
05:     env = 'dev';
06:   }
07:   var config = {
08:     env: env,
09:     myVarName: 'someValue',
10:     baseUrl: 'http://localhost:3000'
11:     apiKey: karate.properties['apiKey']
12:   }
13:   if (env == 'dev') {
14:     // customize
15:     // e.g. config.foo = 'bar';
16:   } else if (env == 'e2e') {
17:     config.baseUrl = 'http://e2e.localhost:3000'
18:     // customize
19:   }
20:   return config;
21: })
<<<<
org.graalvm.polyglot.PolyglotException: SyntaxError: Unnamed:11:4 Expected comma but found ident
    apiKey: karate.properties['apiKey']
    ^
Unnamed:13:2 Expected ) but found if
  if (env == 'dev') {
  ^
Unnamed:16:2 Expected eof but found }
  } else if (env == 'e2e') {
  ^

- org.graalvm.polyglot.Context.eval(Context.java:428)
- com.intuit.karate.graal.JsEngine.evalForValue(JsEngine.java:169)
- com.intuit.karate.graal.JsEngine.eval(JsEngine.java:165)
- com.intuit.karate.core.ScenarioEngine.evalJs(ScenarioEngine.java:1252)
- com.intuit.karate.core.ScenarioRuntime.evalConfigJs(ScenarioRuntime.java:296)
- com.intuit.karate.core.ScenarioRuntime.beforeRun(ScenarioRuntime.java:371)
- com.intuit.karate.core.ScenarioRuntime.run(ScenarioRuntime.java:390)

- com.intuit.karate.graal.JsEngine.fromJsEvalException(JsEngine.java:253)
- com.intuit.karate.core.ScenarioEngine.evalJs(ScenarioEngine.java:1254)
- com.intuit.karate.core.ScenarioRuntime.evalConfigJs(ScenarioRuntime.java:296)
- com.intuit.karate.core.ScenarioRuntime.beforeRun(ScenarioRuntime.java:371)
- com.intuit.karate.core.ScenarioRuntime.run(ScenarioRuntime.java:390)
- com.intuit.karate.core.FeatureRuntime.processScenario(FeatureRuntime.java:193)
- com.intuit.karate.core.FeatureRuntime$1.process(FeatureRuntime.java:140)

classpath:examples/pets/pets.feature:62
classpath:examples/pets/pets.feature:63
19:39:31.184 [pool-2-thread-3] ERROR com.intuit.karate - classpath:examples/pets/pets.feature:74
* def encoded = Java.type('java.util.Base64').encoder.encodeToString(credentials.getBytes())
>> classpath:examples/pets/pets.feature:71
>> karate-config.js failed
>> js failed:
>>>>
01: (function fn() {
02:   var env = karate.env; // get system property 'karate.env'
03:   karate.log('karate.env system property was:', env);
04:   if (!env) {
05:     env = 'dev';
06:   }
07:   var config = {
08:     env: env,
09:     myVarName: 'someValue',
10:     baseUrl: 'http://localhost:3000'
11:     apiKey: karate.properties['apiKey']
12:   }
13:   if (env == 'dev') {
14:     // customize
15:     // e.g. config.foo = 'bar';
16:   } else if (env == 'e2e') {
17:     config.baseUrl = 'http://e2e.localhost:3000'
18:     // customize
19:   }
20:   return config;
21: })
<<<<
org.graalvm.polyglot.PolyglotException: SyntaxError: Unnamed:11:4 Expected comma but found ident
    apiKey: karate.properties['apiKey']
    ^
Unnamed:13:2 Expected ) but found if
  if (env == 'dev') {
  ^
Unnamed:16:2 Expected eof but found }
  } else if (env == 'e2e') {
  ^

- org.graalvm.polyglot.Context.eval(Context.java:428)
- com.intuit.karate.graal.JsEngine.evalForValue(JsEngine.java:169)
- com.intuit.karate.graal.JsEngine.eval(JsEngine.java:165)
- com.intuit.karate.core.ScenarioEngine.evalJs(ScenarioEngine.java:1252)
- com.intuit.karate.core.ScenarioRuntime.evalConfigJs(ScenarioRuntime.java:296)
- com.intuit.karate.core.ScenarioRuntime.beforeRun(ScenarioRuntime.java:371)
- com.intuit.karate.core.ScenarioRuntime.run(ScenarioRuntime.java:390)

js failed:
>>>>
01: function fn() {
02:   var env = karate.env; // get system property 'karate.env'
03:   karate.log('karate.env system property was:', env);
04:   if (!env) {
05:     env = 'dev';
06:   }
07:   var config = {
08:     env: env,
09:     myVarName: 'someValue',
10:     baseUrl: 'http://localhost:3000'
11:     apiKey: karate.properties['apiKey']
12:   }
13:   if (env == 'dev') {
14:     // customize
15:     // e.g. config.foo = 'bar';
16:   } else if (env == 'e2e') {
17:     config.baseUrl = 'http://e2e.localhost:3000'
18:     // customize
19:   }
20:   return config;
21: }
<<<<
com.intuit.karate.KarateException: js failed:
>>>>
01: (function fn() {
02:   var env = karate.env; // get system property 'karate.env'
03:   karate.log('karate.env system property was:', env);
04:   if (!env) {
05:     env = 'dev';
06:   }
07:   var config = {
08:     env: env,
09:     myVarName: 'someValue',
10:     baseUrl: 'http://localhost:3000'
11:     apiKey: karate.properties['apiKey']
12:   }
13:   if (env == 'dev') {
14:     // customize
15:     // e.g. config.foo = 'bar';
16:   } else if (env == 'e2e') {
17:     config.baseUrl = 'http://e2e.localhost:3000'
18:     // customize
19:   }
20:   return config;
21: })
<<<<
org.graalvm.polyglot.PolyglotException: SyntaxError: Unnamed:11:4 Expected comma but found ident
    apiKey: karate.properties['apiKey']
    ^
Unnamed:13:2 Expected ) but found if
  if (env == 'dev') {
  ^
Unnamed:16:2 Expected eof but found }
  } else if (env == 'e2e') {
  ^

- org.graalvm.polyglot.Context.eval(Context.java:428)
- com.intuit.karate.graal.JsEngine.evalForValue(JsEngine.java:169)
- com.intuit.karate.graal.JsEngine.eval(JsEngine.java:165)
- com.intuit.karate.core.ScenarioEngine.evalJs(ScenarioEngine.java:1252)
- com.intuit.karate.core.ScenarioRuntime.evalConfigJs(ScenarioRuntime.java:296)
- com.intuit.karate.core.ScenarioRuntime.beforeRun(ScenarioRuntime.java:371)
- com.intuit.karate.core.ScenarioRuntime.run(ScenarioRuntime.java:390)

- com.intuit.karate.graal.JsEngine.fromJsEvalException(JsEngine.java:253)
- com.intuit.karate.core.ScenarioEngine.evalJs(ScenarioEngine.java:1254)
- com.intuit.karate.core.ScenarioRuntime.evalConfigJs(ScenarioRuntime.java:296)
- com.intuit.karate.core.ScenarioRuntime.beforeRun(ScenarioRuntime.java:371)
- com.intuit.karate.core.ScenarioRuntime.run(ScenarioRuntime.java:390)
- com.intuit.karate.core.FeatureRuntime.processScenario(FeatureRuntime.java:193)
- com.intuit.karate.core.FeatureRuntime$1.process(FeatureRuntime.java:140)

classpath:examples/pets/pets.feature:73
classpath:examples/pets/pets.feature:74
19:39:31.184 [pool-2-thread-4] ERROR com.intuit.karate - classpath:examples/pets/pets.feature:85
And request {"username": "automation"}
>> classpath:examples/pets/pets.feature:82
>> karate-config.js failed
>> js failed:
>>>>
01: (function fn() {
02:   var env = karate.env; // get system property 'karate.env'
03:   karate.log('karate.env system property was:', env);
04:   if (!env) {
05:     env = 'dev';
06:   }
07:   var config = {
08:     env: env,
09:     myVarName: 'someValue',
10:     baseUrl: 'http://localhost:3000'
11:     apiKey: karate.properties['apiKey']
12:   }
13:   if (env == 'dev') {
14:     // customize
15:     // e.g. config.foo = 'bar';
16:   } else if (env == 'e2e') {
17:     config.baseUrl = 'http://e2e.localhost:3000'
18:     // customize
19:   }
20:   return config;
21: })
<<<<
org.graalvm.polyglot.PolyglotException: SyntaxError: Unnamed:11:4 Expected comma but found ident
    apiKey: karate.properties['apiKey']
    ^
Unnamed:13:2 Expected ) but found if
  if (env == 'dev') {
  ^
Unnamed:16:2 Expected eof but found }
  } else if (env == 'e2e') {
  ^

- org.graalvm.polyglot.Context.eval(Context.java:428)
- com.intuit.karate.graal.JsEngine.evalForValue(JsEngine.java:169)
- com.intuit.karate.graal.JsEngine.eval(JsEngine.java:165)
- com.intuit.karate.core.ScenarioEngine.evalJs(ScenarioEngine.java:1252)
- com.intuit.karate.core.ScenarioRuntime.evalConfigJs(ScenarioRuntime.java:296)
- com.intuit.karate.core.ScenarioRuntime.beforeRun(ScenarioRuntime.java:371)
- com.intuit.karate.core.ScenarioRuntime.run(ScenarioRuntime.java:390)

js failed:
>>>>
01: function fn() {
02:   var env = karate.env; // get system property 'karate.env'
03:   karate.log('karate.env system property was:', env);
04:   if (!env) {
05:     env = 'dev';
06:   }
07:   var config = {
08:     env: env,
09:     myVarName: 'someValue',
10:     baseUrl: 'http://localhost:3000'
11:     apiKey: karate.properties['apiKey']
12:   }
13:   if (env == 'dev') {
14:     // customize
15:     // e.g. config.foo = 'bar';
16:   } else if (env == 'e2e') {
17:     config.baseUrl = 'http://e2e.localhost:3000'
18:     // customize
19:   }
20:   return config;
21: }
<<<<
com.intuit.karate.KarateException: js failed:
>>>>
01: (function fn() {
02:   var env = karate.env; // get system property 'karate.env'
03:   karate.log('karate.env system property was:', env);
04:   if (!env) {
05:     env = 'dev';
06:   }
07:   var config = {
08:     env: env,
09:     myVarName: 'someValue',
10:     baseUrl: 'http://localhost:3000'
11:     apiKey: karate.properties['apiKey']
12:   }
13:   if (env == 'dev') {
14:     // customize
15:     // e.g. config.foo = 'bar';
16:   } else if (env == 'e2e') {
17:     config.baseUrl = 'http://e2e.localhost:3000'
18:     // customize
19:   }
20:   return config;
21: })
<<<<
org.graalvm.polyglot.PolyglotException: SyntaxError: Unnamed:11:4 Expected comma but found ident
    apiKey: karate.properties['apiKey']
    ^
Unnamed:13:2 Expected ) but found if
  if (env == 'dev') {
  ^
Unnamed:16:2 Expected eof but found }
  } else if (env == 'e2e') {
  ^

- org.graalvm.polyglot.Context.eval(Context.java:428)
- com.intuit.karate.graal.JsEngine.evalForValue(JsEngine.java:169)
- com.intuit.karate.graal.JsEngine.eval(JsEngine.java:165)
- com.intuit.karate.core.ScenarioEngine.evalJs(ScenarioEngine.java:1252)
- com.intuit.karate.core.ScenarioRuntime.evalConfigJs(ScenarioRuntime.java:296)
- com.intuit.karate.core.ScenarioRuntime.beforeRun(ScenarioRuntime.java:371)
- com.intuit.karate.core.ScenarioRuntime.run(ScenarioRuntime.java:390)

- com.intuit.karate.graal.JsEngine.fromJsEvalException(JsEngine.java:253)
- com.intuit.karate.core.ScenarioEngine.evalJs(ScenarioEngine.java:1254)
- com.intuit.karate.core.ScenarioRuntime.evalConfigJs(ScenarioRuntime.java:296)
- com.intuit.karate.core.ScenarioRuntime.beforeRun(ScenarioRuntime.java:371)
- com.intuit.karate.core.ScenarioRuntime.run(ScenarioRuntime.java:390)
- com.intuit.karate.core.FeatureRuntime.processScenario(FeatureRuntime.java:193)
- com.intuit.karate.core.FeatureRuntime$1.process(FeatureRuntime.java:140)

classpath:examples/pets/pets.feature:83
classpath:examples/pets/pets.feature:84
classpath:examples/pets/pets.feature:85
19:39:31.192 [pool-2-thread-5] ERROR com.intuit.karate - classpath:examples/pets/pets.feature:65
Given url "http://localhost:3000"
>> classpath:examples/pets/pets.feature:60
>> karate-config.js failed
>> js failed:
>>>>
01: (function fn() {
02:   var env = karate.env; // get system property 'karate.env'
03:   karate.log('karate.env system property was:', env);
04:   if (!env) {
05:     env = 'dev';
06:   }
07:   var config = {
08:     env: env,
09:     myVarName: 'someValue',
10:     baseUrl: 'http://localhost:3000'
11:     apiKey: karate.properties['apiKey']
12:   }
13:   if (env == 'dev') {
14:     // customize
15:     // e.g. config.foo = 'bar';
16:   } else if (env == 'e2e') {
17:     config.baseUrl = 'http://e2e.localhost:3000'
18:     // customize
19:   }
20:   return config;
21: })
<<<<
org.graalvm.polyglot.PolyglotException: SyntaxError: Unnamed:11:4 Expected comma but found ident
    apiKey: karate.properties['apiKey']
    ^
Unnamed:13:2 Expected ) but found if
  if (env == 'dev') {
  ^
Unnamed:16:2 Expected eof but found }
  } else if (env == 'e2e') {
  ^

- org.graalvm.polyglot.Context.eval(Context.java:428)
- com.intuit.karate.graal.JsEngine.evalForValue(JsEngine.java:169)
- com.intuit.karate.graal.JsEngine.eval(JsEngine.java:165)
- com.intuit.karate.core.ScenarioEngine.evalJs(ScenarioEngine.java:1252)
- com.intuit.karate.core.ScenarioRuntime.evalConfigJs(ScenarioRuntime.java:296)
- com.intuit.karate.core.ScenarioRuntime.beforeRun(ScenarioRuntime.java:371)
- com.intuit.karate.core.ScenarioRuntime.run(ScenarioRuntime.java:390)

js failed:
>>>>
01: function fn() {
02:   var env = karate.env; // get system property 'karate.env'
03:   karate.log('karate.env system property was:', env);
04:   if (!env) {
05:     env = 'dev';
06:   }
07:   var config = {
08:     env: env,
09:     myVarName: 'someValue',
10:     baseUrl: 'http://localhost:3000'
11:     apiKey: karate.properties['apiKey']
12:   }
13:   if (env == 'dev') {
14:     // customize
15:     // e.g. config.foo = 'bar';
16:   } else if (env == 'e2e') {
17:     config.baseUrl = 'http://e2e.localhost:3000'
18:     // customize
19:   }
20:   return config;
21: }
<<<<
com.intuit.karate.KarateException: js failed:
>>>>
01: (function fn() {
02:   var env = karate.env; // get system property 'karate.env'
03:   karate.log('karate.env system property was:', env);
04:   if (!env) {
05:     env = 'dev';
06:   }
07:   var config = {
08:     env: env,
09:     myVarName: 'someValue',
10:     baseUrl: 'http://localhost:3000'
11:     apiKey: karate.properties['apiKey']
12:   }
13:   if (env == 'dev') {
14:     // customize
15:     // e.g. config.foo = 'bar';
16:   } else if (env == 'e2e') {
17:     config.baseUrl = 'http://e2e.localhost:3000'
18:     // customize
19:   }
20:   return config;
21: })
<<<<
org.graalvm.polyglot.PolyglotException: SyntaxError: Unnamed:11:4 Expected comma but found ident
    apiKey: karate.properties['apiKey']
    ^
Unnamed:13:2 Expected ) but found if
  if (env == 'dev') {
  ^
Unnamed:16:2 Expected eof but found }
  } else if (env == 'e2e') {
  ^

- org.graalvm.polyglot.Context.eval(Context.java:428)
- com.intuit.karate.graal.JsEngine.evalForValue(JsEngine.java:169)
- com.intuit.karate.graal.JsEngine.eval(JsEngine.java:165)
- com.intuit.karate.core.ScenarioEngine.evalJs(ScenarioEngine.java:1252)
- com.intuit.karate.core.ScenarioRuntime.evalConfigJs(ScenarioRuntime.java:296)
- com.intuit.karate.core.ScenarioRuntime.beforeRun(ScenarioRuntime.java:371)
- com.intuit.karate.core.ScenarioRuntime.run(ScenarioRuntime.java:390)

- com.intuit.karate.graal.JsEngine.fromJsEvalException(JsEngine.java:253)
- com.intuit.karate.core.ScenarioEngine.evalJs(ScenarioEngine.java:1254)
- com.intuit.karate.core.ScenarioRuntime.evalConfigJs(ScenarioRuntime.java:296)
- com.intuit.karate.core.ScenarioRuntime.beforeRun(ScenarioRuntime.java:371)
- com.intuit.karate.core.ScenarioRuntime.run(ScenarioRuntime.java:390)
- com.intuit.karate.core.FeatureRuntime.processScenario(FeatureRuntime.java:193)
- com.intuit.karate.core.FeatureRuntime$1.process(FeatureRuntime.java:140)

classpath:examples/pets/pets.feature:62
classpath:examples/pets/pets.feature:63
classpath:examples/pets/pets.feature:65
19:39:31.192 [pool-2-thread-3] ERROR com.intuit.karate - classpath:examples/pets/pets.feature:76
Given url "http://localhost:3000"
>> classpath:examples/pets/pets.feature:71
>> karate-config.js failed
>> js failed:
>>>>
01: (function fn() {
02:   var env = karate.env; // get system property 'karate.env'
03:   karate.log('karate.env system property was:', env);
04:   if (!env) {
05:     env = 'dev';
06:   }
07:   var config = {
08:     env: env,
09:     myVarName: 'someValue',
10:     baseUrl: 'http://localhost:3000'
11:     apiKey: karate.properties['apiKey']
12:   }
13:   if (env == 'dev') {
14:     // customize
15:     // e.g. config.foo = 'bar';
16:   } else if (env == 'e2e') {
17:     config.baseUrl = 'http://e2e.localhost:3000'
18:     // customize
19:   }
20:   return config;
21: })
<<<<
org.graalvm.polyglot.PolyglotException: SyntaxError: Unnamed:11:4 Expected comma but found ident
    apiKey: karate.properties['apiKey']
    ^
Unnamed:13:2 Expected ) but found if
  if (env == 'dev') {
  ^
Unnamed:16:2 Expected eof but found }
  } else if (env == 'e2e') {
  ^

- org.graalvm.polyglot.Context.eval(Context.java:428)
- com.intuit.karate.graal.JsEngine.evalForValue(JsEngine.java:169)
- com.intuit.karate.graal.JsEngine.eval(JsEngine.java:165)
- com.intuit.karate.core.ScenarioEngine.evalJs(ScenarioEngine.java:1252)
- com.intuit.karate.core.ScenarioRuntime.evalConfigJs(ScenarioRuntime.java:296)
- com.intuit.karate.core.ScenarioRuntime.beforeRun(ScenarioRuntime.java:371)
- com.intuit.karate.core.ScenarioRuntime.run(ScenarioRuntime.java:390)

js failed:
>>>>
01: function fn() {
02:   var env = karate.env; // get system property 'karate.env'
03:   karate.log('karate.env system property was:', env);
04:   if (!env) {
05:     env = 'dev';
06:   }
07:   var config = {
08:     env: env,
09:     myVarName: 'someValue',
10:     baseUrl: 'http://localhost:3000'
11:     apiKey: karate.properties['apiKey']
12:   }
13:   if (env == 'dev') {
14:     // customize
15:     // e.g. config.foo = 'bar';
16:   } else if (env == 'e2e') {
17:     config.baseUrl = 'http://e2e.localhost:3000'
18:     // customize
19:   }
20:   return config;
21: }
<<<<
com.intuit.karate.KarateException: js failed:
>>>>
01: (function fn() {
02:   var env = karate.env; // get system property 'karate.env'
03:   karate.log('karate.env system property was:', env);
04:   if (!env) {
05:     env = 'dev';
06:   }
07:   var config = {
08:     env: env,
09:     myVarName: 'someValue',
10:     baseUrl: 'http://localhost:3000'
11:     apiKey: karate.properties['apiKey']
12:   }
13:   if (env == 'dev') {
14:     // customize
15:     // e.g. config.foo = 'bar';
16:   } else if (env == 'e2e') {
17:     config.baseUrl = 'http://e2e.localhost:3000'
18:     // customize
19:   }
20:   return config;
21: })
<<<<
org.graalvm.polyglot.PolyglotException: SyntaxError: Unnamed:11:4 Expected comma but found ident
    apiKey: karate.properties['apiKey']
    ^
Unnamed:13:2 Expected ) but found if
  if (env == 'dev') {
  ^
Unnamed:16:2 Expected eof but found }
  } else if (env == 'e2e') {
  ^

- org.graalvm.polyglot.Context.eval(Context.java:428)
- com.intuit.karate.graal.JsEngine.evalForValue(JsEngine.java:169)
- com.intuit.karate.graal.JsEngine.eval(JsEngine.java:165)
- com.intuit.karate.core.ScenarioEngine.evalJs(ScenarioEngine.java:1252)
- com.intuit.karate.core.ScenarioRuntime.evalConfigJs(ScenarioRuntime.java:296)
- com.intuit.karate.core.ScenarioRuntime.beforeRun(ScenarioRuntime.java:371)
- com.intuit.karate.core.ScenarioRuntime.run(ScenarioRuntime.java:390)

- com.intuit.karate.graal.JsEngine.fromJsEvalException(JsEngine.java:253)
- com.intuit.karate.core.ScenarioEngine.evalJs(ScenarioEngine.java:1254)
- com.intuit.karate.core.ScenarioRuntime.evalConfigJs(ScenarioRuntime.java:296)
- com.intuit.karate.core.ScenarioRuntime.beforeRun(ScenarioRuntime.java:371)
- com.intuit.karate.core.ScenarioRuntime.run(ScenarioRuntime.java:390)
- com.intuit.karate.core.FeatureRuntime.processScenario(FeatureRuntime.java:193)
- com.intuit.karate.core.FeatureRuntime$1.process(FeatureRuntime.java:140)

classpath:examples/pets/pets.feature:73
classpath:examples/pets/pets.feature:74
classpath:examples/pets/pets.feature:76
19:39:31.192 [pool-2-thread-4] ERROR com.intuit.karate - classpath:examples/pets/pets.feature:86
And method post
>> classpath:examples/pets/pets.feature:82
>> karate-config.js failed
>> js failed:
>>>>
01: (function fn() {
02:   var env = karate.env; // get system property 'karate.env'
03:   karate.log('karate.env system property was:', env);
04:   if (!env) {
05:     env = 'dev';
06:   }
07:   var config = {
08:     env: env,
09:     myVarName: 'someValue',
10:     baseUrl: 'http://localhost:3000'
11:     apiKey: karate.properties['apiKey']
12:   }
13:   if (env == 'dev') {
14:     // customize
15:     // e.g. config.foo = 'bar';
16:   } else if (env == 'e2e') {
17:     config.baseUrl = 'http://e2e.localhost:3000'
18:     // customize
19:   }
20:   return config;
21: })
<<<<
org.graalvm.polyglot.PolyglotException: SyntaxError: Unnamed:11:4 Expected comma but found ident
    apiKey: karate.properties['apiKey']
    ^
Unnamed:13:2 Expected ) but found if
  if (env == 'dev') {
  ^
Unnamed:16:2 Expected eof but found }
  } else if (env == 'e2e') {
  ^

- org.graalvm.polyglot.Context.eval(Context.java:428)
- com.intuit.karate.graal.JsEngine.evalForValue(JsEngine.java:169)
- com.intuit.karate.graal.JsEngine.eval(JsEngine.java:165)
- com.intuit.karate.core.ScenarioEngine.evalJs(ScenarioEngine.java:1252)
- com.intuit.karate.core.ScenarioRuntime.evalConfigJs(ScenarioRuntime.java:296)
- com.intuit.karate.core.ScenarioRuntime.beforeRun(ScenarioRuntime.java:371)
- com.intuit.karate.core.ScenarioRuntime.run(ScenarioRuntime.java:390)

js failed:
>>>>
01: function fn() {
02:   var env = karate.env; // get system property 'karate.env'
03:   karate.log('karate.env system property was:', env);
04:   if (!env) {
05:     env = 'dev';
06:   }
07:   var config = {
08:     env: env,
09:     myVarName: 'someValue',
10:     baseUrl: 'http://localhost:3000'
11:     apiKey: karate.properties['apiKey']
12:   }
13:   if (env == 'dev') {
14:     // customize
15:     // e.g. config.foo = 'bar';
16:   } else if (env == 'e2e') {
17:     config.baseUrl = 'http://e2e.localhost:3000'
18:     // customize
19:   }
20:   return config;
21: }
<<<<
com.intuit.karate.KarateException: js failed:
>>>>
01: (function fn() {
02:   var env = karate.env; // get system property 'karate.env'
03:   karate.log('karate.env system property was:', env);
04:   if (!env) {
05:     env = 'dev';
06:   }
07:   var config = {
08:     env: env,
09:     myVarName: 'someValue',
10:     baseUrl: 'http://localhost:3000'
11:     apiKey: karate.properties['apiKey']
12:   }
13:   if (env == 'dev') {
14:     // customize
15:     // e.g. config.foo = 'bar';
16:   } else if (env == 'e2e') {
17:     config.baseUrl = 'http://e2e.localhost:3000'
18:     // customize
19:   }
20:   return config;
21: })
<<<<
org.graalvm.polyglot.PolyglotException: SyntaxError: Unnamed:11:4 Expected comma but found ident
    apiKey: karate.properties['apiKey']
    ^
Unnamed:13:2 Expected ) but found if
  if (env == 'dev') {
  ^
Unnamed:16:2 Expected eof but found }
  } else if (env == 'e2e') {
  ^

- org.graalvm.polyglot.Context.eval(Context.java:428)
- com.intuit.karate.graal.JsEngine.evalForValue(JsEngine.java:169)
- com.intuit.karate.graal.JsEngine.eval(JsEngine.java:165)
- com.intuit.karate.core.ScenarioEngine.evalJs(ScenarioEngine.java:1252)
- com.intuit.karate.core.ScenarioRuntime.evalConfigJs(ScenarioRuntime.java:296)
- com.intuit.karate.core.ScenarioRuntime.beforeRun(ScenarioRuntime.java:371)
- com.intuit.karate.core.ScenarioRuntime.run(ScenarioRuntime.java:390)

- com.intuit.karate.graal.JsEngine.fromJsEvalException(JsEngine.java:253)
- com.intuit.karate.core.ScenarioEngine.evalJs(ScenarioEngine.java:1254)
- com.intuit.karate.core.ScenarioRuntime.evalConfigJs(ScenarioRuntime.java:296)
- com.intuit.karate.core.ScenarioRuntime.beforeRun(ScenarioRuntime.java:371)
- com.intuit.karate.core.ScenarioRuntime.run(ScenarioRuntime.java:390)
- com.intuit.karate.core.FeatureRuntime.processScenario(FeatureRuntime.java:193)
- com.intuit.karate.core.FeatureRuntime$1.process(FeatureRuntime.java:140)

classpath:examples/pets/pets.feature:83
classpath:examples/pets/pets.feature:84
classpath:examples/pets/pets.feature:85
classpath:examples/pets/pets.feature:86
19:39:31.192 [pool-2-thread-5] ERROR com.intuit.karate - classpath:examples/pets/pets.feature:66
And path "/protected-basic"
>> classpath:examples/pets/pets.feature:60
>> karate-config.js failed
>> js failed:
>>>>
01: (function fn() {
02:   var env = karate.env; // get system property 'karate.env'
03:   karate.log('karate.env system property was:', env);
04:   if (!env) {
05:     env = 'dev';
06:   }
07:   var config = {
08:     env: env,
09:     myVarName: 'someValue',
10:     baseUrl: 'http://localhost:3000'
11:     apiKey: karate.properties['apiKey']
12:   }
13:   if (env == 'dev') {
14:     // customize
15:     // e.g. config.foo = 'bar';
16:   } else if (env == 'e2e') {
17:     config.baseUrl = 'http://e2e.localhost:3000'
18:     // customize
19:   }
20:   return config;
21: })
<<<<
org.graalvm.polyglot.PolyglotException: SyntaxError: Unnamed:11:4 Expected comma but found ident
    apiKey: karate.properties['apiKey']
    ^
Unnamed:13:2 Expected ) but found if
  if (env == 'dev') {
  ^
Unnamed:16:2 Expected eof but found }
  } else if (env == 'e2e') {
  ^

- org.graalvm.polyglot.Context.eval(Context.java:428)
- com.intuit.karate.graal.JsEngine.evalForValue(JsEngine.java:169)
- com.intuit.karate.graal.JsEngine.eval(JsEngine.java:165)
- com.intuit.karate.core.ScenarioEngine.evalJs(ScenarioEngine.java:1252)
- com.intuit.karate.core.ScenarioRuntime.evalConfigJs(ScenarioRuntime.java:296)
- com.intuit.karate.core.ScenarioRuntime.beforeRun(ScenarioRuntime.java:371)
- com.intuit.karate.core.ScenarioRuntime.run(ScenarioRuntime.java:390)

js failed:
>>>>
01: function fn() {
02:   var env = karate.env; // get system property 'karate.env'
03:   karate.log('karate.env system property was:', env);
04:   if (!env) {
05:     env = 'dev';
06:   }
07:   var config = {
08:     env: env,
09:     myVarName: 'someValue',
10:     baseUrl: 'http://localhost:3000'
11:     apiKey: karate.properties['apiKey']
12:   }
13:   if (env == 'dev') {
14:     // customize
15:     // e.g. config.foo = 'bar';
16:   } else if (env == 'e2e') {
17:     config.baseUrl = 'http://e2e.localhost:3000'
18:     // customize
19:   }
20:   return config;
21: }
<<<<
com.intuit.karate.KarateException: js failed:
>>>>
01: (function fn() {
02:   var env = karate.env; // get system property 'karate.env'
03:   karate.log('karate.env system property was:', env);
04:   if (!env) {
05:     env = 'dev';
06:   }
07:   var config = {
08:     env: env,
09:     myVarName: 'someValue',
10:     baseUrl: 'http://localhost:3000'
11:     apiKey: karate.properties['apiKey']
12:   }
13:   if (env == 'dev') {
14:     // customize
15:     // e.g. config.foo = 'bar';
16:   } else if (env == 'e2e') {
17:     config.baseUrl = 'http://e2e.localhost:3000'
18:     // customize
19:   }
20:   return config;
21: })
<<<<
org.graalvm.polyglot.PolyglotException: SyntaxError: Unnamed:11:4 Expected comma but found ident
    apiKey: karate.properties['apiKey']
    ^
Unnamed:13:2 Expected ) but found if
  if (env == 'dev') {
  ^
Unnamed:16:2 Expected eof but found }
  } else if (env == 'e2e') {
  ^

- org.graalvm.polyglot.Context.eval(Context.java:428)
- com.intuit.karate.graal.JsEngine.evalForValue(JsEngine.java:169)
- com.intuit.karate.graal.JsEngine.eval(JsEngine.java:165)
- com.intuit.karate.core.ScenarioEngine.evalJs(ScenarioEngine.java:1252)
- com.intuit.karate.core.ScenarioRuntime.evalConfigJs(ScenarioRuntime.java:296)
- com.intuit.karate.core.ScenarioRuntime.beforeRun(ScenarioRuntime.java:371)
- com.intuit.karate.core.ScenarioRuntime.run(ScenarioRuntime.java:390)

- com.intuit.karate.graal.JsEngine.fromJsEvalException(JsEngine.java:253)
- com.intuit.karate.core.ScenarioEngine.evalJs(ScenarioEngine.java:1254)
- com.intuit.karate.core.ScenarioRuntime.evalConfigJs(ScenarioRuntime.java:296)
- com.intuit.karate.core.ScenarioRuntime.beforeRun(ScenarioRuntime.java:371)
- com.intuit.karate.core.ScenarioRuntime.run(ScenarioRuntime.java:390)
- com.intuit.karate.core.FeatureRuntime.processScenario(FeatureRuntime.java:193)
- com.intuit.karate.core.FeatureRuntime$1.process(FeatureRuntime.java:140)

classpath:examples/pets/pets.feature:62
classpath:examples/pets/pets.feature:63
classpath:examples/pets/pets.feature:65
classpath:examples/pets/pets.feature:66
19:39:31.192 [pool-2-thread-4] ERROR com.intuit.karate - classpath:examples/pets/pets.feature:87
And status 200
>> classpath:examples/pets/pets.feature:82
>> karate-config.js failed
>> js failed:
>>>>
01: (function fn() {
02:   var env = karate.env; // get system property 'karate.env'
03:   karate.log('karate.env system property was:', env);
04:   if (!env) {
05:     env = 'dev';
06:   }
07:   var config = {
08:     env: env,
09:     myVarName: 'someValue',
10:     baseUrl: 'http://localhost:3000'
11:     apiKey: karate.properties['apiKey']
12:   }
13:   if (env == 'dev') {
14:     // customize
15:     // e.g. config.foo = 'bar';
16:   } else if (env == 'e2e') {
17:     config.baseUrl = 'http://e2e.localhost:3000'
18:     // customize
19:   }
20:   return config;
21: })
<<<<
org.graalvm.polyglot.PolyglotException: SyntaxError: Unnamed:11:4 Expected comma but found ident
    apiKey: karate.properties['apiKey']
    ^
Unnamed:13:2 Expected ) but found if
  if (env == 'dev') {
  ^
Unnamed:16:2 Expected eof but found }
  } else if (env == 'e2e') {
  ^

- org.graalvm.polyglot.Context.eval(Context.java:428)
- com.intuit.karate.graal.JsEngine.evalForValue(JsEngine.java:169)
- com.intuit.karate.graal.JsEngine.eval(JsEngine.java:165)
- com.intuit.karate.core.ScenarioEngine.evalJs(ScenarioEngine.java:1252)
- com.intuit.karate.core.ScenarioRuntime.evalConfigJs(ScenarioRuntime.java:296)
- com.intuit.karate.core.ScenarioRuntime.beforeRun(ScenarioRuntime.java:371)
- com.intuit.karate.core.ScenarioRuntime.run(ScenarioRuntime.java:390)

js failed:
>>>>
01: function fn() {
02:   var env = karate.env; // get system property 'karate.env'
03:   karate.log('karate.env system property was:', env);
04:   if (!env) {
05:     env = 'dev';
06:   }
07:   var config = {
08:     env: env,
09:     myVarName: 'someValue',
10:     baseUrl: 'http://localhost:3000'
11:     apiKey: karate.properties['apiKey']
12:   }
13:   if (env == 'dev') {
14:     // customize
15:     // e.g. config.foo = 'bar';
16:   } else if (env == 'e2e') {
17:     config.baseUrl = 'http://e2e.localhost:3000'
18:     // customize
19:   }
20:   return config;
21: }
<<<<
com.intuit.karate.KarateException: js failed:
>>>>
01: (function fn() {
02:   var env = karate.env; // get system property 'karate.env'
03:   karate.log('karate.env system property was:', env);
04:   if (!env) {
05:     env = 'dev';
06:   }
07:   var config = {
08:     env: env,
09:     myVarName: 'someValue',
10:     baseUrl: 'http://localhost:3000'
11:     apiKey: karate.properties['apiKey']
12:   }
13:   if (env == 'dev') {
14:     // customize
15:     // e.g. config.foo = 'bar';
16:   } else if (env == 'e2e') {
17:     config.baseUrl = 'http://e2e.localhost:3000'
18:     // customize
19:   }
20:   return config;
21: })
<<<<
org.graalvm.polyglot.PolyglotException: SyntaxError: Unnamed:11:4 Expected comma but found ident
    apiKey: karate.properties['apiKey']
    ^
Unnamed:13:2 Expected ) but found if
  if (env == 'dev') {
  ^
Unnamed:16:2 Expected eof but found }
  } else if (env == 'e2e') {
  ^

- org.graalvm.polyglot.Context.eval(Context.java:428)
- com.intuit.karate.graal.JsEngine.evalForValue(JsEngine.java:169)
- com.intuit.karate.graal.JsEngine.eval(JsEngine.java:165)
- com.intuit.karate.core.ScenarioEngine.evalJs(ScenarioEngine.java:1252)
- com.intuit.karate.core.ScenarioRuntime.evalConfigJs(ScenarioRuntime.java:296)
- com.intuit.karate.core.ScenarioRuntime.beforeRun(ScenarioRuntime.java:371)
- com.intuit.karate.core.ScenarioRuntime.run(ScenarioRuntime.java:390)

- com.intuit.karate.graal.JsEngine.fromJsEvalException(JsEngine.java:253)
- com.intuit.karate.core.ScenarioEngine.evalJs(ScenarioEngine.java:1254)
- com.intuit.karate.core.ScenarioRuntime.evalConfigJs(ScenarioRuntime.java:296)
- com.intuit.karate.core.ScenarioRuntime.beforeRun(ScenarioRuntime.java:371)
- com.intuit.karate.core.ScenarioRuntime.run(ScenarioRuntime.java:390)
- com.intuit.karate.core.FeatureRuntime.processScenario(FeatureRuntime.java:193)
- com.intuit.karate.core.FeatureRuntime$1.process(FeatureRuntime.java:140)

classpath:examples/pets/pets.feature:83
classpath:examples/pets/pets.feature:84
classpath:examples/pets/pets.feature:85
classpath:examples/pets/pets.feature:86
classpath:examples/pets/pets.feature:87
19:39:31.192 [pool-2-thread-3] ERROR com.intuit.karate - classpath:examples/pets/pets.feature:77
And path "/protected-basic"
>> classpath:examples/pets/pets.feature:71
>> karate-config.js failed
>> js failed:
>>>>
01: (function fn() {
02:   var env = karate.env; // get system property 'karate.env'
03:   karate.log('karate.env system property was:', env);
04:   if (!env) {
05:     env = 'dev';
06:   }
07:   var config = {
08:     env: env,
09:     myVarName: 'someValue',
10:     baseUrl: 'http://localhost:3000'
11:     apiKey: karate.properties['apiKey']
12:   }
13:   if (env == 'dev') {
14:     // customize
15:     // e.g. config.foo = 'bar';
16:   } else if (env == 'e2e') {
17:     config.baseUrl = 'http://e2e.localhost:3000'
18:     // customize
19:   }
20:   return config;
21: })
<<<<
org.graalvm.polyglot.PolyglotException: SyntaxError: Unnamed:11:4 Expected comma but found ident
    apiKey: karate.properties['apiKey']
    ^
Unnamed:13:2 Expected ) but found if
  if (env == 'dev') {
  ^
Unnamed:16:2 Expected eof but found }
  } else if (env == 'e2e') {
  ^

- org.graalvm.polyglot.Context.eval(Context.java:428)
- com.intuit.karate.graal.JsEngine.evalForValue(JsEngine.java:169)
- com.intuit.karate.graal.JsEngine.eval(JsEngine.java:165)
- com.intuit.karate.core.ScenarioEngine.evalJs(ScenarioEngine.java:1252)
- com.intuit.karate.core.ScenarioRuntime.evalConfigJs(ScenarioRuntime.java:296)
- com.intuit.karate.core.ScenarioRuntime.beforeRun(ScenarioRuntime.java:371)
- com.intuit.karate.core.ScenarioRuntime.run(ScenarioRuntime.java:390)

js failed:
>>>>
01: function fn() {
02:   var env = karate.env; // get system property 'karate.env'
03:   karate.log('karate.env system property was:', env);
04:   if (!env) {
05:     env = 'dev';
06:   }
07:   var config = {
08:     env: env,
09:     myVarName: 'someValue',
10:     baseUrl: 'http://localhost:3000'
11:     apiKey: karate.properties['apiKey']
12:   }
13:   if (env == 'dev') {
14:     // customize
15:     // e.g. config.foo = 'bar';
16:   } else if (env == 'e2e') {
17:     config.baseUrl = 'http://e2e.localhost:3000'
18:     // customize
19:   }
20:   return config;
21: }
<<<<
com.intuit.karate.KarateException: js failed:
>>>>
01: (function fn() {
02:   var env = karate.env; // get system property 'karate.env'
03:   karate.log('karate.env system property was:', env);
04:   if (!env) {
05:     env = 'dev';
06:   }
07:   var config = {
08:     env: env,
09:     myVarName: 'someValue',
10:     baseUrl: 'http://localhost:3000'
11:     apiKey: karate.properties['apiKey']
12:   }
13:   if (env == 'dev') {
14:     // customize
15:     // e.g. config.foo = 'bar';
16:   } else if (env == 'e2e') {
17:     config.baseUrl = 'http://e2e.localhost:3000'
18:     // customize
19:   }
20:   return config;
21: })
<<<<
org.graalvm.polyglot.PolyglotException: SyntaxError: Unnamed:11:4 Expected comma but found ident
    apiKey: karate.properties['apiKey']
    ^
Unnamed:13:2 Expected ) but found if
  if (env == 'dev') {
  ^
Unnamed:16:2 Expected eof but found }
  } else if (env == 'e2e') {
  ^

- org.graalvm.polyglot.Context.eval(Context.java:428)
- com.intuit.karate.graal.JsEngine.evalForValue(JsEngine.java:169)
- com.intuit.karate.graal.JsEngine.eval(JsEngine.java:165)
- com.intuit.karate.core.ScenarioEngine.evalJs(ScenarioEngine.java:1252)
- com.intuit.karate.core.ScenarioRuntime.evalConfigJs(ScenarioRuntime.java:296)
- com.intuit.karate.core.ScenarioRuntime.beforeRun(ScenarioRuntime.java:371)
- com.intuit.karate.core.ScenarioRuntime.run(ScenarioRuntime.java:390)

- com.intuit.karate.graal.JsEngine.fromJsEvalException(JsEngine.java:253)
- com.intuit.karate.core.ScenarioEngine.evalJs(ScenarioEngine.java:1254)
- com.intuit.karate.core.ScenarioRuntime.evalConfigJs(ScenarioRuntime.java:296)
- com.intuit.karate.core.ScenarioRuntime.beforeRun(ScenarioRuntime.java:371)
- com.intuit.karate.core.ScenarioRuntime.run(ScenarioRuntime.java:390)
- com.intuit.karate.core.FeatureRuntime.processScenario(FeatureRuntime.java:193)
- com.intuit.karate.core.FeatureRuntime$1.process(FeatureRuntime.java:140)

classpath:examples/pets/pets.feature:73
classpath:examples/pets/pets.feature:74
classpath:examples/pets/pets.feature:76
classpath:examples/pets/pets.feature:77
19:39:31.192 [pool-2-thread-5] ERROR com.intuit.karate - classpath:examples/pets/pets.feature:67
And header Authorization = 'Basic ' + encoded
>> classpath:examples/pets/pets.feature:60
>> karate-config.js failed
>> js failed:
>>>>
01: (function fn() {
02:   var env = karate.env; // get system property 'karate.env'
03:   karate.log('karate.env system property was:', env);
04:   if (!env) {
05:     env = 'dev';
06:   }
07:   var config = {
08:     env: env,
09:     myVarName: 'someValue',
10:     baseUrl: 'http://localhost:3000'
11:     apiKey: karate.properties['apiKey']
12:   }
13:   if (env == 'dev') {
14:     // customize
15:     // e.g. config.foo = 'bar';
16:   } else if (env == 'e2e') {
17:     config.baseUrl = 'http://e2e.localhost:3000'
18:     // customize
19:   }
20:   return config;
21: })
<<<<
org.graalvm.polyglot.PolyglotException: SyntaxError: Unnamed:11:4 Expected comma but found ident
    apiKey: karate.properties['apiKey']
    ^
Unnamed:13:2 Expected ) but found if
  if (env == 'dev') {
  ^
Unnamed:16:2 Expected eof but found }
  } else if (env == 'e2e') {
  ^

- org.graalvm.polyglot.Context.eval(Context.java:428)
- com.intuit.karate.graal.JsEngine.evalForValue(JsEngine.java:169)
- com.intuit.karate.graal.JsEngine.eval(JsEngine.java:165)
- com.intuit.karate.core.ScenarioEngine.evalJs(ScenarioEngine.java:1252)
- com.intuit.karate.core.ScenarioRuntime.evalConfigJs(ScenarioRuntime.java:296)
- com.intuit.karate.core.ScenarioRuntime.beforeRun(ScenarioRuntime.java:371)
- com.intuit.karate.core.ScenarioRuntime.run(ScenarioRuntime.java:390)

js failed:
>>>>
01: function fn() {
02:   var env = karate.env; // get system property 'karate.env'
03:   karate.log('karate.env system property was:', env);
04:   if (!env) {
05:     env = 'dev';
06:   }
07:   var config = {
08:     env: env,
09:     myVarName: 'someValue',
10:     baseUrl: 'http://localhost:3000'
11:     apiKey: karate.properties['apiKey']
12:   }
13:   if (env == 'dev') {
14:     // customize
15:     // e.g. config.foo = 'bar';
16:   } else if (env == 'e2e') {
17:     config.baseUrl = 'http://e2e.localhost:3000'
18:     // customize
19:   }
20:   return config;
21: }
<<<<
com.intuit.karate.KarateException: js failed:
>>>>
01: (function fn() {
02:   var env = karate.env; // get system property 'karate.env'
03:   karate.log('karate.env system property was:', env);
04:   if (!env) {
05:     env = 'dev';
06:   }
07:   var config = {
08:     env: env,
09:     myVarName: 'someValue',
10:     baseUrl: 'http://localhost:3000'
11:     apiKey: karate.properties['apiKey']
12:   }
13:   if (env == 'dev') {
14:     // customize
15:     // e.g. config.foo = 'bar';
16:   } else if (env == 'e2e') {
17:     config.baseUrl = 'http://e2e.localhost:3000'
18:     // customize
19:   }
20:   return config;
21: })
<<<<
org.graalvm.polyglot.PolyglotException: SyntaxError: Unnamed:11:4 Expected comma but found ident
    apiKey: karate.properties['apiKey']
    ^
Unnamed:13:2 Expected ) but found if
  if (env == 'dev') {
  ^
Unnamed:16:2 Expected eof but found }
  } else if (env == 'e2e') {
  ^

- org.graalvm.polyglot.Context.eval(Context.java:428)
- com.intuit.karate.graal.JsEngine.evalForValue(JsEngine.java:169)
- com.intuit.karate.graal.JsEngine.eval(JsEngine.java:165)
- com.intuit.karate.core.ScenarioEngine.evalJs(ScenarioEngine.java:1252)
- com.intuit.karate.core.ScenarioRuntime.evalConfigJs(ScenarioRuntime.java:296)
- com.intuit.karate.core.ScenarioRuntime.beforeRun(ScenarioRuntime.java:371)
- com.intuit.karate.core.ScenarioRuntime.run(ScenarioRuntime.java:390)

- com.intuit.karate.graal.JsEngine.fromJsEvalException(JsEngine.java:253)
- com.intuit.karate.core.ScenarioEngine.evalJs(ScenarioEngine.java:1254)
- com.intuit.karate.core.ScenarioRuntime.evalConfigJs(ScenarioRuntime.java:296)
- com.intuit.karate.core.ScenarioRuntime.beforeRun(ScenarioRuntime.java:371)
- com.intuit.karate.core.ScenarioRuntime.run(ScenarioRuntime.java:390)
- com.intuit.karate.core.FeatureRuntime.processScenario(FeatureRuntime.java:193)
- com.intuit.karate.core.FeatureRuntime$1.process(FeatureRuntime.java:140)

classpath:examples/pets/pets.feature:62
classpath:examples/pets/pets.feature:63
classpath:examples/pets/pets.feature:65
classpath:examples/pets/pets.feature:66
classpath:examples/pets/pets.feature:67
19:39:31.192 [pool-2-thread-4] ERROR com.intuit.karate - classpath:examples/pets/pets.feature:88
And def accessToken = $.data.accessToken
>> classpath:examples/pets/pets.feature:82
>> karate-config.js failed
>> js failed:
>>>>
01: (function fn() {
02:   var env = karate.env; // get system property 'karate.env'
03:   karate.log('karate.env system property was:', env);
04:   if (!env) {
05:     env = 'dev';
06:   }
07:   var config = {
08:     env: env,
09:     myVarName: 'someValue',
10:     baseUrl: 'http://localhost:3000'
11:     apiKey: karate.properties['apiKey']
12:   }
13:   if (env == 'dev') {
14:     // customize
15:     // e.g. config.foo = 'bar';
16:   } else if (env == 'e2e') {
17:     config.baseUrl = 'http://e2e.localhost:3000'
18:     // customize
19:   }
20:   return config;
21: })
<<<<
org.graalvm.polyglot.PolyglotException: SyntaxError: Unnamed:11:4 Expected comma but found ident
    apiKey: karate.properties['apiKey']
    ^
Unnamed:13:2 Expected ) but found if
  if (env == 'dev') {
  ^
Unnamed:16:2 Expected eof but found }
  } else if (env == 'e2e') {
  ^

- org.graalvm.polyglot.Context.eval(Context.java:428)
- com.intuit.karate.graal.JsEngine.evalForValue(JsEngine.java:169)
- com.intuit.karate.graal.JsEngine.eval(JsEngine.java:165)
- com.intuit.karate.core.ScenarioEngine.evalJs(ScenarioEngine.java:1252)
- com.intuit.karate.core.ScenarioRuntime.evalConfigJs(ScenarioRuntime.java:296)
- com.intuit.karate.core.ScenarioRuntime.beforeRun(ScenarioRuntime.java:371)
- com.intuit.karate.core.ScenarioRuntime.run(ScenarioRuntime.java:390)

js failed:
>>>>
01: function fn() {
02:   var env = karate.env; // get system property 'karate.env'
03:   karate.log('karate.env system property was:', env);
04:   if (!env) {
05:     env = 'dev';
06:   }
07:   var config = {
08:     env: env,
09:     myVarName: 'someValue',
10:     baseUrl: 'http://localhost:3000'
11:     apiKey: karate.properties['apiKey']
12:   }
13:   if (env == 'dev') {
14:     // customize
15:     // e.g. config.foo = 'bar';
16:   } else if (env == 'e2e') {
17:     config.baseUrl = 'http://e2e.localhost:3000'
18:     // customize
19:   }
20:   return config;
21: }
<<<<
com.intuit.karate.KarateException: js failed:
>>>>
01: (function fn() {
02:   var env = karate.env; // get system property 'karate.env'
03:   karate.log('karate.env system property was:', env);
04:   if (!env) {
05:     env = 'dev';
06:   }
07:   var config = {
08:     env: env,
09:     myVarName: 'someValue',
10:     baseUrl: 'http://localhost:3000'
11:     apiKey: karate.properties['apiKey']
12:   }
13:   if (env == 'dev') {
14:     // customize
15:     // e.g. config.foo = 'bar';
16:   } else if (env == 'e2e') {
17:     config.baseUrl = 'http://e2e.localhost:3000'
18:     // customize
19:   }
20:   return config;
21: })
<<<<
org.graalvm.polyglot.PolyglotException: SyntaxError: Unnamed:11:4 Expected comma but found ident
    apiKey: karate.properties['apiKey']
    ^
Unnamed:13:2 Expected ) but found if
  if (env == 'dev') {
  ^
Unnamed:16:2 Expected eof but found }
  } else if (env == 'e2e') {
  ^

- org.graalvm.polyglot.Context.eval(Context.java:428)
- com.intuit.karate.graal.JsEngine.evalForValue(JsEngine.java:169)
- com.intuit.karate.graal.JsEngine.eval(JsEngine.java:165)
- com.intuit.karate.core.ScenarioEngine.evalJs(ScenarioEngine.java:1252)
- com.intuit.karate.core.ScenarioRuntime.evalConfigJs(ScenarioRuntime.java:296)
- com.intuit.karate.core.ScenarioRuntime.beforeRun(ScenarioRuntime.java:371)
- com.intuit.karate.core.ScenarioRuntime.run(ScenarioRuntime.java:390)

- com.intuit.karate.graal.JsEngine.fromJsEvalException(JsEngine.java:253)
- com.intuit.karate.core.ScenarioEngine.evalJs(ScenarioEngine.java:1254)
- com.intuit.karate.core.ScenarioRuntime.evalConfigJs(ScenarioRuntime.java:296)
- com.intuit.karate.core.ScenarioRuntime.beforeRun(ScenarioRuntime.java:371)
- com.intuit.karate.core.ScenarioRuntime.run(ScenarioRuntime.java:390)
- com.intuit.karate.core.FeatureRuntime.processScenario(FeatureRuntime.java:193)
- com.intuit.karate.core.FeatureRuntime$1.process(FeatureRuntime.java:140)

classpath:examples/pets/pets.feature:83
classpath:examples/pets/pets.feature:84
classpath:examples/pets/pets.feature:85
classpath:examples/pets/pets.feature:86
classpath:examples/pets/pets.feature:87
classpath:examples/pets/pets.feature:88
19:39:31.192 [pool-2-thread-3] ERROR com.intuit.karate - classpath:examples/pets/pets.feature:78
And header Authorization = 'Basic ' + encoded
>> classpath:examples/pets/pets.feature:71
>> karate-config.js failed
>> js failed:
>>>>
01: (function fn() {
02:   var env = karate.env; // get system property 'karate.env'
03:   karate.log('karate.env system property was:', env);
04:   if (!env) {
05:     env = 'dev';
06:   }
07:   var config = {
08:     env: env,
09:     myVarName: 'someValue',
10:     baseUrl: 'http://localhost:3000'
11:     apiKey: karate.properties['apiKey']
12:   }
13:   if (env == 'dev') {
14:     // customize
15:     // e.g. config.foo = 'bar';
16:   } else if (env == 'e2e') {
17:     config.baseUrl = 'http://e2e.localhost:3000'
18:     // customize
19:   }
20:   return config;
21: })
<<<<
org.graalvm.polyglot.PolyglotException: SyntaxError: Unnamed:11:4 Expected comma but found ident
    apiKey: karate.properties['apiKey']
    ^
Unnamed:13:2 Expected ) but found if
  if (env == 'dev') {
  ^
Unnamed:16:2 Expected eof but found }
  } else if (env == 'e2e') {
  ^

- org.graalvm.polyglot.Context.eval(Context.java:428)
- com.intuit.karate.graal.JsEngine.evalForValue(JsEngine.java:169)
- com.intuit.karate.graal.JsEngine.eval(JsEngine.java:165)
- com.intuit.karate.core.ScenarioEngine.evalJs(ScenarioEngine.java:1252)
- com.intuit.karate.core.ScenarioRuntime.evalConfigJs(ScenarioRuntime.java:296)
- com.intuit.karate.core.ScenarioRuntime.beforeRun(ScenarioRuntime.java:371)
- com.intuit.karate.core.ScenarioRuntime.run(ScenarioRuntime.java:390)

js failed:
>>>>
01: function fn() {
02:   var env = karate.env; // get system property 'karate.env'
03:   karate.log('karate.env system property was:', env);
04:   if (!env) {
05:     env = 'dev';
06:   }
07:   var config = {
08:     env: env,
09:     myVarName: 'someValue',
10:     baseUrl: 'http://localhost:3000'
11:     apiKey: karate.properties['apiKey']
12:   }
13:   if (env == 'dev') {
14:     // customize
15:     // e.g. config.foo = 'bar';
16:   } else if (env == 'e2e') {
17:     config.baseUrl = 'http://e2e.localhost:3000'
18:     // customize
19:   }
20:   return config;
21: }
<<<<
com.intuit.karate.KarateException: js failed:
>>>>
01: (function fn() {
02:   var env = karate.env; // get system property 'karate.env'
03:   karate.log('karate.env system property was:', env);
04:   if (!env) {
05:     env = 'dev';
06:   }
07:   var config = {
08:     env: env,
09:     myVarName: 'someValue',
10:     baseUrl: 'http://localhost:3000'
11:     apiKey: karate.properties['apiKey']
12:   }
13:   if (env == 'dev') {
14:     // customize
15:     // e.g. config.foo = 'bar';
16:   } else if (env == 'e2e') {
17:     config.baseUrl = 'http://e2e.localhost:3000'
18:     // customize
19:   }
20:   return config;
21: })
<<<<
org.graalvm.polyglot.PolyglotException: SyntaxError: Unnamed:11:4 Expected comma but found ident
    apiKey: karate.properties['apiKey']
    ^
Unnamed:13:2 Expected ) but found if
  if (env == 'dev') {
  ^
Unnamed:16:2 Expected eof but found }
  } else if (env == 'e2e') {
  ^

- org.graalvm.polyglot.Context.eval(Context.java:428)
- com.intuit.karate.graal.JsEngine.evalForValue(JsEngine.java:169)
- com.intuit.karate.graal.JsEngine.eval(JsEngine.java:165)
- com.intuit.karate.core.ScenarioEngine.evalJs(ScenarioEngine.java:1252)
- com.intuit.karate.core.ScenarioRuntime.evalConfigJs(ScenarioRuntime.java:296)
- com.intuit.karate.core.ScenarioRuntime.beforeRun(ScenarioRuntime.java:371)
- com.intuit.karate.core.ScenarioRuntime.run(ScenarioRuntime.java:390)

- com.intuit.karate.graal.JsEngine.fromJsEvalException(JsEngine.java:253)
- com.intuit.karate.core.ScenarioEngine.evalJs(ScenarioEngine.java:1254)
- com.intuit.karate.core.ScenarioRuntime.evalConfigJs(ScenarioRuntime.java:296)
- com.intuit.karate.core.ScenarioRuntime.beforeRun(ScenarioRuntime.java:371)
- com.intuit.karate.core.ScenarioRuntime.run(ScenarioRuntime.java:390)
- com.intuit.karate.core.FeatureRuntime.processScenario(FeatureRuntime.java:193)
- com.intuit.karate.core.FeatureRuntime$1.process(FeatureRuntime.java:140)

classpath:examples/pets/pets.feature:73
classpath:examples/pets/pets.feature:74
classpath:examples/pets/pets.feature:76
classpath:examples/pets/pets.feature:77
classpath:examples/pets/pets.feature:78
19:39:31.192 [pool-2-thread-5] ERROR com.intuit.karate - classpath:examples/pets/pets.feature:68
When method get
>> classpath:examples/pets/pets.feature:60
>> karate-config.js failed
>> js failed:
>>>>
01: (function fn() {
02:   var env = karate.env; // get system property 'karate.env'
03:   karate.log('karate.env system property was:', env);
04:   if (!env) {
05:     env = 'dev';
06:   }
07:   var config = {
08:     env: env,
09:     myVarName: 'someValue',
10:     baseUrl: 'http://localhost:3000'
11:     apiKey: karate.properties['apiKey']
12:   }
13:   if (env == 'dev') {
14:     // customize
15:     // e.g. config.foo = 'bar';
16:   } else if (env == 'e2e') {
17:     config.baseUrl = 'http://e2e.localhost:3000'
18:     // customize
19:   }
20:   return config;
21: })
<<<<
org.graalvm.polyglot.PolyglotException: SyntaxError: Unnamed:11:4 Expected comma but found ident
    apiKey: karate.properties['apiKey']
    ^
Unnamed:13:2 Expected ) but found if
  if (env == 'dev') {
  ^
Unnamed:16:2 Expected eof but found }
  } else if (env == 'e2e') {
  ^

- org.graalvm.polyglot.Context.eval(Context.java:428)
- com.intuit.karate.graal.JsEngine.evalForValue(JsEngine.java:169)
- com.intuit.karate.graal.JsEngine.eval(JsEngine.java:165)
- com.intuit.karate.core.ScenarioEngine.evalJs(ScenarioEngine.java:1252)
- com.intuit.karate.core.ScenarioRuntime.evalConfigJs(ScenarioRuntime.java:296)
- com.intuit.karate.core.ScenarioRuntime.beforeRun(ScenarioRuntime.java:371)
- com.intuit.karate.core.ScenarioRuntime.run(ScenarioRuntime.java:390)

js failed:
>>>>
01: function fn() {
02:   var env = karate.env; // get system property 'karate.env'
03:   karate.log('karate.env system property was:', env);
04:   if (!env) {
05:     env = 'dev';
06:   }
07:   var config = {
08:     env: env,
09:     myVarName: 'someValue',
10:     baseUrl: 'http://localhost:3000'
11:     apiKey: karate.properties['apiKey']
12:   }
13:   if (env == 'dev') {
14:     // customize
15:     // e.g. config.foo = 'bar';
16:   } else if (env == 'e2e') {
17:     config.baseUrl = 'http://e2e.localhost:3000'
18:     // customize
19:   }
20:   return config;
21: }
<<<<
com.intuit.karate.KarateException: js failed:
>>>>
01: (function fn() {
02:   var env = karate.env; // get system property 'karate.env'
03:   karate.log('karate.env system property was:', env);
04:   if (!env) {
05:     env = 'dev';
06:   }
07:   var config = {
08:     env: env,
09:     myVarName: 'someValue',
10:     baseUrl: 'http://localhost:3000'
11:     apiKey: karate.properties['apiKey']
12:   }
13:   if (env == 'dev') {
14:     // customize
15:     // e.g. config.foo = 'bar';
16:   } else if (env == 'e2e') {
17:     config.baseUrl = 'http://e2e.localhost:3000'
18:     // customize
19:   }
20:   return config;
21: })
<<<<
org.graalvm.polyglot.PolyglotException: SyntaxError: Unnamed:11:4 Expected comma but found ident
    apiKey: karate.properties['apiKey']
    ^
Unnamed:13:2 Expected ) but found if
  if (env == 'dev') {
  ^
Unnamed:16:2 Expected eof but found }
  } else if (env == 'e2e') {
  ^

- org.graalvm.polyglot.Context.eval(Context.java:428)
- com.intuit.karate.graal.JsEngine.evalForValue(JsEngine.java:169)
- com.intuit.karate.graal.JsEngine.eval(JsEngine.java:165)
- com.intuit.karate.core.ScenarioEngine.evalJs(ScenarioEngine.java:1252)
- com.intuit.karate.core.ScenarioRuntime.evalConfigJs(ScenarioRuntime.java:296)
- com.intuit.karate.core.ScenarioRuntime.beforeRun(ScenarioRuntime.java:371)
- com.intuit.karate.core.ScenarioRuntime.run(ScenarioRuntime.java:390)

- com.intuit.karate.graal.JsEngine.fromJsEvalException(JsEngine.java:253)
- com.intuit.karate.core.ScenarioEngine.evalJs(ScenarioEngine.java:1254)
- com.intuit.karate.core.ScenarioRuntime.evalConfigJs(ScenarioRuntime.java:296)
- com.intuit.karate.core.ScenarioRuntime.beforeRun(ScenarioRuntime.java:371)
- com.intuit.karate.core.ScenarioRuntime.run(ScenarioRuntime.java:390)
- com.intuit.karate.core.FeatureRuntime.processScenario(FeatureRuntime.java:193)
- com.intuit.karate.core.FeatureRuntime$1.process(FeatureRuntime.java:140)

classpath:examples/pets/pets.feature:62
classpath:examples/pets/pets.feature:63
classpath:examples/pets/pets.feature:65
classpath:examples/pets/pets.feature:66
classpath:examples/pets/pets.feature:67
classpath:examples/pets/pets.feature:68
19:39:31.192 [pool-2-thread-4] ERROR com.intuit.karate - classpath:examples/pets/pets.feature:89
And path "protected-bearer"
>> classpath:examples/pets/pets.feature:82
>> karate-config.js failed
>> js failed:
>>>>
01: (function fn() {
02:   var env = karate.env; // get system property 'karate.env'
03:   karate.log('karate.env system property was:', env);
04:   if (!env) {
05:     env = 'dev';
06:   }
07:   var config = {
08:     env: env,
09:     myVarName: 'someValue',
10:     baseUrl: 'http://localhost:3000'
11:     apiKey: karate.properties['apiKey']
12:   }
13:   if (env == 'dev') {
14:     // customize
15:     // e.g. config.foo = 'bar';
16:   } else if (env == 'e2e') {
17:     config.baseUrl = 'http://e2e.localhost:3000'
18:     // customize
19:   }
20:   return config;
21: })
<<<<
org.graalvm.polyglot.PolyglotException: SyntaxError: Unnamed:11:4 Expected comma but found ident
    apiKey: karate.properties['apiKey']
    ^
Unnamed:13:2 Expected ) but found if
  if (env == 'dev') {
  ^
Unnamed:16:2 Expected eof but found }
  } else if (env == 'e2e') {
  ^

- org.graalvm.polyglot.Context.eval(Context.java:428)
- com.intuit.karate.graal.JsEngine.evalForValue(JsEngine.java:169)
- com.intuit.karate.graal.JsEngine.eval(JsEngine.java:165)
- com.intuit.karate.core.ScenarioEngine.evalJs(ScenarioEngine.java:1252)
- com.intuit.karate.core.ScenarioRuntime.evalConfigJs(ScenarioRuntime.java:296)
- com.intuit.karate.core.ScenarioRuntime.beforeRun(ScenarioRuntime.java:371)
- com.intuit.karate.core.ScenarioRuntime.run(ScenarioRuntime.java:390)

js failed:
>>>>
01: function fn() {
02:   var env = karate.env; // get system property 'karate.env'
03:   karate.log('karate.env system property was:', env);
04:   if (!env) {
05:     env = 'dev';
06:   }
07:   var config = {
08:     env: env,
09:     myVarName: 'someValue',
10:     baseUrl: 'http://localhost:3000'
11:     apiKey: karate.properties['apiKey']
12:   }
13:   if (env == 'dev') {
14:     // customize
15:     // e.g. config.foo = 'bar';
16:   } else if (env == 'e2e') {
17:     config.baseUrl = 'http://e2e.localhost:3000'
18:     // customize
19:   }
20:   return config;
21: }
<<<<
com.intuit.karate.KarateException: js failed:
>>>>
01: (function fn() {
02:   var env = karate.env; // get system property 'karate.env'
03:   karate.log('karate.env system property was:', env);
04:   if (!env) {
05:     env = 'dev';
06:   }
07:   var config = {
08:     env: env,
09:     myVarName: 'someValue',
10:     baseUrl: 'http://localhost:3000'
11:     apiKey: karate.properties['apiKey']
12:   }
13:   if (env == 'dev') {
14:     // customize
15:     // e.g. config.foo = 'bar';
16:   } else if (env == 'e2e') {
17:     config.baseUrl = 'http://e2e.localhost:3000'
18:     // customize
19:   }
20:   return config;
21: })
<<<<
org.graalvm.polyglot.PolyglotException: SyntaxError: Unnamed:11:4 Expected comma but found ident
    apiKey: karate.properties['apiKey']
    ^
Unnamed:13:2 Expected ) but found if
  if (env == 'dev') {
  ^
Unnamed:16:2 Expected eof but found }
  } else if (env == 'e2e') {
  ^

- org.graalvm.polyglot.Context.eval(Context.java:428)
- com.intuit.karate.graal.JsEngine.evalForValue(JsEngine.java:169)
- com.intuit.karate.graal.JsEngine.eval(JsEngine.java:165)
- com.intuit.karate.core.ScenarioEngine.evalJs(ScenarioEngine.java:1252)
- com.intuit.karate.core.ScenarioRuntime.evalConfigJs(ScenarioRuntime.java:296)
- com.intuit.karate.core.ScenarioRuntime.beforeRun(ScenarioRuntime.java:371)
- com.intuit.karate.core.ScenarioRuntime.run(ScenarioRuntime.java:390)

- com.intuit.karate.graal.JsEngine.fromJsEvalException(JsEngine.java:253)
- com.intuit.karate.core.ScenarioEngine.evalJs(ScenarioEngine.java:1254)
- com.intuit.karate.core.ScenarioRuntime.evalConfigJs(ScenarioRuntime.java:296)
- com.intuit.karate.core.ScenarioRuntime.beforeRun(ScenarioRuntime.java:371)
- com.intuit.karate.core.ScenarioRuntime.run(ScenarioRuntime.java:390)
- com.intuit.karate.core.FeatureRuntime.processScenario(FeatureRuntime.java:193)
- com.intuit.karate.core.FeatureRuntime$1.process(FeatureRuntime.java:140)

classpath:examples/pets/pets.feature:83
classpath:examples/pets/pets.feature:84
classpath:examples/pets/pets.feature:85
classpath:examples/pets/pets.feature:86
classpath:examples/pets/pets.feature:87
classpath:examples/pets/pets.feature:88
classpath:examples/pets/pets.feature:89
19:39:31.192 [pool-2-thread-3] ERROR com.intuit.karate - classpath:examples/pets/pets.feature:79
When method get
>> classpath:examples/pets/pets.feature:71
>> karate-config.js failed
>> js failed:
>>>>
01: (function fn() {
02:   var env = karate.env; // get system property 'karate.env'
03:   karate.log('karate.env system property was:', env);
04:   if (!env) {
05:     env = 'dev';
06:   }
07:   var config = {
08:     env: env,
09:     myVarName: 'someValue',
10:     baseUrl: 'http://localhost:3000'
11:     apiKey: karate.properties['apiKey']
12:   }
13:   if (env == 'dev') {
14:     // customize
15:     // e.g. config.foo = 'bar';
16:   } else if (env == 'e2e') {
17:     config.baseUrl = 'http://e2e.localhost:3000'
18:     // customize
19:   }
20:   return config;
21: })
<<<<
org.graalvm.polyglot.PolyglotException: SyntaxError: Unnamed:11:4 Expected comma but found ident
    apiKey: karate.properties['apiKey']
    ^
Unnamed:13:2 Expected ) but found if
  if (env == 'dev') {
  ^
Unnamed:16:2 Expected eof but found }
  } else if (env == 'e2e') {
  ^

- org.graalvm.polyglot.Context.eval(Context.java:428)
- com.intuit.karate.graal.JsEngine.evalForValue(JsEngine.java:169)
- com.intuit.karate.graal.JsEngine.eval(JsEngine.java:165)
- com.intuit.karate.core.ScenarioEngine.evalJs(ScenarioEngine.java:1252)
- com.intuit.karate.core.ScenarioRuntime.evalConfigJs(ScenarioRuntime.java:296)
- com.intuit.karate.core.ScenarioRuntime.beforeRun(ScenarioRuntime.java:371)
- com.intuit.karate.core.ScenarioRuntime.run(ScenarioRuntime.java:390)

js failed:
>>>>
01: function fn() {
02:   var env = karate.env; // get system property 'karate.env'
03:   karate.log('karate.env system property was:', env);
04:   if (!env) {
05:     env = 'dev';
06:   }
07:   var config = {
08:     env: env,
09:     myVarName: 'someValue',
10:     baseUrl: 'http://localhost:3000'
11:     apiKey: karate.properties['apiKey']
12:   }
13:   if (env == 'dev') {
14:     // customize
15:     // e.g. config.foo = 'bar';
16:   } else if (env == 'e2e') {
17:     config.baseUrl = 'http://e2e.localhost:3000'
18:     // customize
19:   }
20:   return config;
21: }
<<<<
com.intuit.karate.KarateException: js failed:
>>>>
01: (function fn() {
02:   var env = karate.env; // get system property 'karate.env'
03:   karate.log('karate.env system property was:', env);
04:   if (!env) {
05:     env = 'dev';
06:   }
07:   var config = {
08:     env: env,
09:     myVarName: 'someValue',
10:     baseUrl: 'http://localhost:3000'
11:     apiKey: karate.properties['apiKey']
12:   }
13:   if (env == 'dev') {
14:     // customize
15:     // e.g. config.foo = 'bar';
16:   } else if (env == 'e2e') {
17:     config.baseUrl = 'http://e2e.localhost:3000'
18:     // customize
19:   }
20:   return config;
21: })
<<<<
org.graalvm.polyglot.PolyglotException: SyntaxError: Unnamed:11:4 Expected comma but found ident
    apiKey: karate.properties['apiKey']
    ^
Unnamed:13:2 Expected ) but found if
  if (env == 'dev') {
  ^
Unnamed:16:2 Expected eof but found }
  } else if (env == 'e2e') {
  ^

- org.graalvm.polyglot.Context.eval(Context.java:428)
- com.intuit.karate.graal.JsEngine.evalForValue(JsEngine.java:169)
- com.intuit.karate.graal.JsEngine.eval(JsEngine.java:165)
- com.intuit.karate.core.ScenarioEngine.evalJs(ScenarioEngine.java:1252)
- com.intuit.karate.core.ScenarioRuntime.evalConfigJs(ScenarioRuntime.java:296)
- com.intuit.karate.core.ScenarioRuntime.beforeRun(ScenarioRuntime.java:371)
- com.intuit.karate.core.ScenarioRuntime.run(ScenarioRuntime.java:390)

- com.intuit.karate.graal.JsEngine.fromJsEvalException(JsEngine.java:253)
- com.intuit.karate.core.ScenarioEngine.evalJs(ScenarioEngine.java:1254)
- com.intuit.karate.core.ScenarioRuntime.evalConfigJs(ScenarioRuntime.java:296)
- com.intuit.karate.core.ScenarioRuntime.beforeRun(ScenarioRuntime.java:371)
- com.intuit.karate.core.ScenarioRuntime.run(ScenarioRuntime.java:390)
- com.intuit.karate.core.FeatureRuntime.processScenario(FeatureRuntime.java:193)
- com.intuit.karate.core.FeatureRuntime$1.process(FeatureRuntime.java:140)

classpath:examples/pets/pets.feature:73
classpath:examples/pets/pets.feature:74
classpath:examples/pets/pets.feature:76
classpath:examples/pets/pets.feature:77
classpath:examples/pets/pets.feature:78
classpath:examples/pets/pets.feature:79
19:39:31.192 [pool-2-thread-5] ERROR com.intuit.karate - classpath:examples/pets/pets.feature:69
Then status 200
>> classpath:examples/pets/pets.feature:60
>> karate-config.js failed
>> js failed:
>>>>
01: (function fn() {
02:   var env = karate.env; // get system property 'karate.env'
03:   karate.log('karate.env system property was:', env);
04:   if (!env) {
05:     env = 'dev';
06:   }
07:   var config = {
08:     env: env,
09:     myVarName: 'someValue',
10:     baseUrl: 'http://localhost:3000'
11:     apiKey: karate.properties['apiKey']
12:   }
13:   if (env == 'dev') {
14:     // customize
15:     // e.g. config.foo = 'bar';
16:   } else if (env == 'e2e') {
17:     config.baseUrl = 'http://e2e.localhost:3000'
18:     // customize
19:   }
20:   return config;
21: })
<<<<
org.graalvm.polyglot.PolyglotException: SyntaxError: Unnamed:11:4 Expected comma but found ident
    apiKey: karate.properties['apiKey']
    ^
Unnamed:13:2 Expected ) but found if
  if (env == 'dev') {
  ^
Unnamed:16:2 Expected eof but found }
  } else if (env == 'e2e') {
  ^

- org.graalvm.polyglot.Context.eval(Context.java:428)
- com.intuit.karate.graal.JsEngine.evalForValue(JsEngine.java:169)
- com.intuit.karate.graal.JsEngine.eval(JsEngine.java:165)
- com.intuit.karate.core.ScenarioEngine.evalJs(ScenarioEngine.java:1252)
- com.intuit.karate.core.ScenarioRuntime.evalConfigJs(ScenarioRuntime.java:296)
- com.intuit.karate.core.ScenarioRuntime.beforeRun(ScenarioRuntime.java:371)
- com.intuit.karate.core.ScenarioRuntime.run(ScenarioRuntime.java:390)

js failed:
>>>>
01: function fn() {
02:   var env = karate.env; // get system property 'karate.env'
03:   karate.log('karate.env system property was:', env);
04:   if (!env) {
05:     env = 'dev';
06:   }
07:   var config = {
08:     env: env,
09:     myVarName: 'someValue',
10:     baseUrl: 'http://localhost:3000'
11:     apiKey: karate.properties['apiKey']
12:   }
13:   if (env == 'dev') {
14:     // customize
15:     // e.g. config.foo = 'bar';
16:   } else if (env == 'e2e') {
17:     config.baseUrl = 'http://e2e.localhost:3000'
18:     // customize
19:   }
20:   return config;
21: }
<<<<
com.intuit.karate.KarateException: js failed:
>>>>
01: (function fn() {
02:   var env = karate.env; // get system property 'karate.env'
03:   karate.log('karate.env system property was:', env);
04:   if (!env) {
05:     env = 'dev';
06:   }
07:   var config = {
08:     env: env,
09:     myVarName: 'someValue',
10:     baseUrl: 'http://localhost:3000'
11:     apiKey: karate.properties['apiKey']
12:   }
13:   if (env == 'dev') {
14:     // customize
15:     // e.g. config.foo = 'bar';
16:   } else if (env == 'e2e') {
17:     config.baseUrl = 'http://e2e.localhost:3000'
18:     // customize
19:   }
20:   return config;
21: })
<<<<
org.graalvm.polyglot.PolyglotException: SyntaxError: Unnamed:11:4 Expected comma but found ident
    apiKey: karate.properties['apiKey']
    ^
Unnamed:13:2 Expected ) but found if
  if (env == 'dev') {
  ^
Unnamed:16:2 Expected eof but found }
  } else if (env == 'e2e') {
  ^

- org.graalvm.polyglot.Context.eval(Context.java:428)
- com.intuit.karate.graal.JsEngine.evalForValue(JsEngine.java:169)
- com.intuit.karate.graal.JsEngine.eval(JsEngine.java:165)
- com.intuit.karate.core.ScenarioEngine.evalJs(ScenarioEngine.java:1252)
- com.intuit.karate.core.ScenarioRuntime.evalConfigJs(ScenarioRuntime.java:296)
- com.intuit.karate.core.ScenarioRuntime.beforeRun(ScenarioRuntime.java:371)
- com.intuit.karate.core.ScenarioRuntime.run(ScenarioRuntime.java:390)

- com.intuit.karate.graal.JsEngine.fromJsEvalException(JsEngine.java:253)
- com.intuit.karate.core.ScenarioEngine.evalJs(ScenarioEngine.java:1254)
- com.intuit.karate.core.ScenarioRuntime.evalConfigJs(ScenarioRuntime.java:296)
- com.intuit.karate.core.ScenarioRuntime.beforeRun(ScenarioRuntime.java:371)
- com.intuit.karate.core.ScenarioRuntime.run(ScenarioRuntime.java:390)
- com.intuit.karate.core.FeatureRuntime.processScenario(FeatureRuntime.java:193)
- com.intuit.karate.core.FeatureRuntime$1.process(FeatureRuntime.java:140)

classpath:examples/pets/pets.feature:62
classpath:examples/pets/pets.feature:63
classpath:examples/pets/pets.feature:65
classpath:examples/pets/pets.feature:66
classpath:examples/pets/pets.feature:67
classpath:examples/pets/pets.feature:68
classpath:examples/pets/pets.feature:69
19:39:31.192 [pool-2-thread-4] ERROR com.intuit.karate - classpath:examples/pets/pets.feature:90
And header Authorization = "Bearer " + accessToken
>> classpath:examples/pets/pets.feature:82
>> karate-config.js failed
>> js failed:
>>>>
01: (function fn() {
02:   var env = karate.env; // get system property 'karate.env'
03:   karate.log('karate.env system property was:', env);
04:   if (!env) {
05:     env = 'dev';
06:   }
07:   var config = {
08:     env: env,
09:     myVarName: 'someValue',
10:     baseUrl: 'http://localhost:3000'
11:     apiKey: karate.properties['apiKey']
12:   }
13:   if (env == 'dev') {
14:     // customize
15:     // e.g. config.foo = 'bar';
16:   } else if (env == 'e2e') {
17:     config.baseUrl = 'http://e2e.localhost:3000'
18:     // customize
19:   }
20:   return config;
21: })
<<<<
org.graalvm.polyglot.PolyglotException: SyntaxError: Unnamed:11:4 Expected comma but found ident
    apiKey: karate.properties['apiKey']
    ^
Unnamed:13:2 Expected ) but found if
  if (env == 'dev') {
  ^
Unnamed:16:2 Expected eof but found }
  } else if (env == 'e2e') {
  ^

- org.graalvm.polyglot.Context.eval(Context.java:428)
- com.intuit.karate.graal.JsEngine.evalForValue(JsEngine.java:169)
- com.intuit.karate.graal.JsEngine.eval(JsEngine.java:165)
- com.intuit.karate.core.ScenarioEngine.evalJs(ScenarioEngine.java:1252)
- com.intuit.karate.core.ScenarioRuntime.evalConfigJs(ScenarioRuntime.java:296)
- com.intuit.karate.core.ScenarioRuntime.beforeRun(ScenarioRuntime.java:371)
- com.intuit.karate.core.ScenarioRuntime.run(ScenarioRuntime.java:390)

js failed:
>>>>
01: function fn() {
02:   var env = karate.env; // get system property 'karate.env'
03:   karate.log('karate.env system property was:', env);
04:   if (!env) {
05:     env = 'dev';
06:   }
07:   var config = {
08:     env: env,
09:     myVarName: 'someValue',
10:     baseUrl: 'http://localhost:3000'
11:     apiKey: karate.properties['apiKey']
12:   }
13:   if (env == 'dev') {
14:     // customize
15:     // e.g. config.foo = 'bar';
16:   } else if (env == 'e2e') {
17:     config.baseUrl = 'http://e2e.localhost:3000'
18:     // customize
19:   }
20:   return config;
21: }
<<<<
com.intuit.karate.KarateException: js failed:
>>>>
01: (function fn() {
02:   var env = karate.env; // get system property 'karate.env'
03:   karate.log('karate.env system property was:', env);
04:   if (!env) {
05:     env = 'dev';
06:   }
07:   var config = {
08:     env: env,
09:     myVarName: 'someValue',
10:     baseUrl: 'http://localhost:3000'
11:     apiKey: karate.properties['apiKey']
12:   }
13:   if (env == 'dev') {
14:     // customize
15:     // e.g. config.foo = 'bar';
16:   } else if (env == 'e2e') {
17:     config.baseUrl = 'http://e2e.localhost:3000'
18:     // customize
19:   }
20:   return config;
21: })
<<<<
org.graalvm.polyglot.PolyglotException: SyntaxError: Unnamed:11:4 Expected comma but found ident
    apiKey: karate.properties['apiKey']
    ^
Unnamed:13:2 Expected ) but found if
  if (env == 'dev') {
  ^
Unnamed:16:2 Expected eof but found }
  } else if (env == 'e2e') {
  ^

- org.graalvm.polyglot.Context.eval(Context.java:428)
- com.intuit.karate.graal.JsEngine.evalForValue(JsEngine.java:169)
- com.intuit.karate.graal.JsEngine.eval(JsEngine.java:165)
- com.intuit.karate.core.ScenarioEngine.evalJs(ScenarioEngine.java:1252)
- com.intuit.karate.core.ScenarioRuntime.evalConfigJs(ScenarioRuntime.java:296)
- com.intuit.karate.core.ScenarioRuntime.beforeRun(ScenarioRuntime.java:371)
- com.intuit.karate.core.ScenarioRuntime.run(ScenarioRuntime.java:390)

- com.intuit.karate.graal.JsEngine.fromJsEvalException(JsEngine.java:253)
- com.intuit.karate.core.ScenarioEngine.evalJs(ScenarioEngine.java:1254)
- com.intuit.karate.core.ScenarioRuntime.evalConfigJs(ScenarioRuntime.java:296)
- com.intuit.karate.core.ScenarioRuntime.beforeRun(ScenarioRuntime.java:371)
- com.intuit.karate.core.ScenarioRuntime.run(ScenarioRuntime.java:390)
- com.intuit.karate.core.FeatureRuntime.processScenario(FeatureRuntime.java:193)
- com.intuit.karate.core.FeatureRuntime$1.process(FeatureRuntime.java:140)

classpath:examples/pets/pets.feature:83
classpath:examples/pets/pets.feature:84
classpath:examples/pets/pets.feature:85
classpath:examples/pets/pets.feature:86
classpath:examples/pets/pets.feature:87
classpath:examples/pets/pets.feature:88
classpath:examples/pets/pets.feature:89
classpath:examples/pets/pets.feature:90
19:39:31.192 [pool-2-thread-3] ERROR com.intuit.karate - classpath:examples/pets/pets.feature:80
Then status 401
>> classpath:examples/pets/pets.feature:71
>> karate-config.js failed
>> js failed:
>>>>
01: (function fn() {
02:   var env = karate.env; // get system property 'karate.env'
03:   karate.log('karate.env system property was:', env);
04:   if (!env) {
05:     env = 'dev';
06:   }
07:   var config = {
08:     env: env,
09:     myVarName: 'someValue',
10:     baseUrl: 'http://localhost:3000'
11:     apiKey: karate.properties['apiKey']
12:   }
13:   if (env == 'dev') {
14:     // customize
15:     // e.g. config.foo = 'bar';
16:   } else if (env == 'e2e') {
17:     config.baseUrl = 'http://e2e.localhost:3000'
18:     // customize
19:   }
20:   return config;
21: })
<<<<
org.graalvm.polyglot.PolyglotException: SyntaxError: Unnamed:11:4 Expected comma but found ident
    apiKey: karate.properties['apiKey']
    ^
Unnamed:13:2 Expected ) but found if
  if (env == 'dev') {
  ^
Unnamed:16:2 Expected eof but found }
  } else if (env == 'e2e') {
  ^

- org.graalvm.polyglot.Context.eval(Context.java:428)
- com.intuit.karate.graal.JsEngine.evalForValue(JsEngine.java:169)
- com.intuit.karate.graal.JsEngine.eval(JsEngine.java:165)
- com.intuit.karate.core.ScenarioEngine.evalJs(ScenarioEngine.java:1252)
- com.intuit.karate.core.ScenarioRuntime.evalConfigJs(ScenarioRuntime.java:296)
- com.intuit.karate.core.ScenarioRuntime.beforeRun(ScenarioRuntime.java:371)
- com.intuit.karate.core.ScenarioRuntime.run(ScenarioRuntime.java:390)

js failed:
>>>>
01: function fn() {
02:   var env = karate.env; // get system property 'karate.env'
03:   karate.log('karate.env system property was:', env);
04:   if (!env) {
05:     env = 'dev';
06:   }
07:   var config = {
08:     env: env,
09:     myVarName: 'someValue',
10:     baseUrl: 'http://localhost:3000'
11:     apiKey: karate.properties['apiKey']
12:   }
13:   if (env == 'dev') {
14:     // customize
15:     // e.g. config.foo = 'bar';
16:   } else if (env == 'e2e') {
17:     config.baseUrl = 'http://e2e.localhost:3000'
18:     // customize
19:   }
20:   return config;
21: }
<<<<
com.intuit.karate.KarateException: js failed:
>>>>
01: (function fn() {
02:   var env = karate.env; // get system property 'karate.env'
03:   karate.log('karate.env system property was:', env);
04:   if (!env) {
05:     env = 'dev';
06:   }
07:   var config = {
08:     env: env,
09:     myVarName: 'someValue',
10:     baseUrl: 'http://localhost:3000'
11:     apiKey: karate.properties['apiKey']
12:   }
13:   if (env == 'dev') {
14:     // customize
15:     // e.g. config.foo = 'bar';
16:   } else if (env == 'e2e') {
17:     config.baseUrl = 'http://e2e.localhost:3000'
18:     // customize
19:   }
20:   return config;
21: })
<<<<
org.graalvm.polyglot.PolyglotException: SyntaxError: Unnamed:11:4 Expected comma but found ident
    apiKey: karate.properties['apiKey']
    ^
Unnamed:13:2 Expected ) but found if
  if (env == 'dev') {
  ^
Unnamed:16:2 Expected eof but found }
  } else if (env == 'e2e') {
  ^

- org.graalvm.polyglot.Context.eval(Context.java:428)
- com.intuit.karate.graal.JsEngine.evalForValue(JsEngine.java:169)
- com.intuit.karate.graal.JsEngine.eval(JsEngine.java:165)
- com.intuit.karate.core.ScenarioEngine.evalJs(ScenarioEngine.java:1252)
- com.intuit.karate.core.ScenarioRuntime.evalConfigJs(ScenarioRuntime.java:296)
- com.intuit.karate.core.ScenarioRuntime.beforeRun(ScenarioRuntime.java:371)
- com.intuit.karate.core.ScenarioRuntime.run(ScenarioRuntime.java:390)

- com.intuit.karate.graal.JsEngine.fromJsEvalException(JsEngine.java:253)
- com.intuit.karate.core.ScenarioEngine.evalJs(ScenarioEngine.java:1254)
- com.intuit.karate.core.ScenarioRuntime.evalConfigJs(ScenarioRuntime.java:296)
- com.intuit.karate.core.ScenarioRuntime.beforeRun(ScenarioRuntime.java:371)
- com.intuit.karate.core.ScenarioRuntime.run(ScenarioRuntime.java:390)
- com.intuit.karate.core.FeatureRuntime.processScenario(FeatureRuntime.java:193)
- com.intuit.karate.core.FeatureRuntime$1.process(FeatureRuntime.java:140)

classpath:examples/pets/pets.feature:73
classpath:examples/pets/pets.feature:74
classpath:examples/pets/pets.feature:76
classpath:examples/pets/pets.feature:77
classpath:examples/pets/pets.feature:78
classpath:examples/pets/pets.feature:79
classpath:examples/pets/pets.feature:80
19:39:31.192 [pool-2-thread-4] ERROR com.intuit.karate - classpath:examples/pets/pets.feature:91
When method get
>> classpath:examples/pets/pets.feature:82
>> karate-config.js failed
>> js failed:
>>>>
01: (function fn() {
02:   var env = karate.env; // get system property 'karate.env'
03:   karate.log('karate.env system property was:', env);
04:   if (!env) {
05:     env = 'dev';
06:   }
07:   var config = {
08:     env: env,
09:     myVarName: 'someValue',
10:     baseUrl: 'http://localhost:3000'
11:     apiKey: karate.properties['apiKey']
12:   }
13:   if (env == 'dev') {
14:     // customize
15:     // e.g. config.foo = 'bar';
16:   } else if (env == 'e2e') {
17:     config.baseUrl = 'http://e2e.localhost:3000'
18:     // customize
19:   }
20:   return config;
21: })
<<<<
org.graalvm.polyglot.PolyglotException: SyntaxError: Unnamed:11:4 Expected comma but found ident
    apiKey: karate.properties['apiKey']
    ^
Unnamed:13:2 Expected ) but found if
  if (env == 'dev') {
  ^
Unnamed:16:2 Expected eof but found }
  } else if (env == 'e2e') {
  ^

- org.graalvm.polyglot.Context.eval(Context.java:428)
- com.intuit.karate.graal.JsEngine.evalForValue(JsEngine.java:169)
- com.intuit.karate.graal.JsEngine.eval(JsEngine.java:165)
- com.intuit.karate.core.ScenarioEngine.evalJs(ScenarioEngine.java:1252)
- com.intuit.karate.core.ScenarioRuntime.evalConfigJs(ScenarioRuntime.java:296)
- com.intuit.karate.core.ScenarioRuntime.beforeRun(ScenarioRuntime.java:371)
- com.intuit.karate.core.ScenarioRuntime.run(ScenarioRuntime.java:390)

js failed:
>>>>
01: function fn() {
02:   var env = karate.env; // get system property 'karate.env'
03:   karate.log('karate.env system property was:', env);
04:   if (!env) {
05:     env = 'dev';
06:   }
07:   var config = {
08:     env: env,
09:     myVarName: 'someValue',
10:     baseUrl: 'http://localhost:3000'
11:     apiKey: karate.properties['apiKey']
12:   }
13:   if (env == 'dev') {
14:     // customize
15:     // e.g. config.foo = 'bar';
16:   } else if (env == 'e2e') {
17:     config.baseUrl = 'http://e2e.localhost:3000'
18:     // customize
19:   }
20:   return config;
21: }
<<<<
com.intuit.karate.KarateException: js failed:
>>>>
01: (function fn() {
02:   var env = karate.env; // get system property 'karate.env'
03:   karate.log('karate.env system property was:', env);
04:   if (!env) {
05:     env = 'dev';
06:   }
07:   var config = {
08:     env: env,
09:     myVarName: 'someValue',
10:     baseUrl: 'http://localhost:3000'
11:     apiKey: karate.properties['apiKey']
12:   }
13:   if (env == 'dev') {
14:     // customize
15:     // e.g. config.foo = 'bar';
16:   } else if (env == 'e2e') {
17:     config.baseUrl = 'http://e2e.localhost:3000'
18:     // customize
19:   }
20:   return config;
21: })
<<<<
org.graalvm.polyglot.PolyglotException: SyntaxError: Unnamed:11:4 Expected comma but found ident
    apiKey: karate.properties['apiKey']
    ^
Unnamed:13:2 Expected ) but found if
  if (env == 'dev') {
  ^
Unnamed:16:2 Expected eof but found }
  } else if (env == 'e2e') {
  ^

- org.graalvm.polyglot.Context.eval(Context.java:428)
- com.intuit.karate.graal.JsEngine.evalForValue(JsEngine.java:169)
- com.intuit.karate.graal.JsEngine.eval(JsEngine.java:165)
- com.intuit.karate.core.ScenarioEngine.evalJs(ScenarioEngine.java:1252)
- com.intuit.karate.core.ScenarioRuntime.evalConfigJs(ScenarioRuntime.java:296)
- com.intuit.karate.core.ScenarioRuntime.beforeRun(ScenarioRuntime.java:371)
- com.intuit.karate.core.ScenarioRuntime.run(ScenarioRuntime.java:390)

- com.intuit.karate.graal.JsEngine.fromJsEvalException(JsEngine.java:253)
- com.intuit.karate.core.ScenarioEngine.evalJs(ScenarioEngine.java:1254)
- com.intuit.karate.core.ScenarioRuntime.evalConfigJs(ScenarioRuntime.java:296)
- com.intuit.karate.core.ScenarioRuntime.beforeRun(ScenarioRuntime.java:371)
- com.intuit.karate.core.ScenarioRuntime.run(ScenarioRuntime.java:390)
- com.intuit.karate.core.FeatureRuntime.processScenario(FeatureRuntime.java:193)
- com.intuit.karate.core.FeatureRuntime$1.process(FeatureRuntime.java:140)

classpath:examples/pets/pets.feature:83
classpath:examples/pets/pets.feature:84
classpath:examples/pets/pets.feature:85
classpath:examples/pets/pets.feature:86
classpath:examples/pets/pets.feature:87
classpath:examples/pets/pets.feature:88
classpath:examples/pets/pets.feature:89
classpath:examples/pets/pets.feature:90
classpath:examples/pets/pets.feature:91
19:39:31.192 [pool-2-thread-4] ERROR com.intuit.karate - classpath:examples/pets/pets.feature:92
Then status 200
>> classpath:examples/pets/pets.feature:82
>> karate-config.js failed
>> js failed:
>>>>
01: (function fn() {
02:   var env = karate.env; // get system property 'karate.env'
03:   karate.log('karate.env system property was:', env);
04:   if (!env) {
05:     env = 'dev';
06:   }
07:   var config = {
08:     env: env,
09:     myVarName: 'someValue',
10:     baseUrl: 'http://localhost:3000'
11:     apiKey: karate.properties['apiKey']
12:   }
13:   if (env == 'dev') {
14:     // customize
15:     // e.g. config.foo = 'bar';
16:   } else if (env == 'e2e') {
17:     config.baseUrl = 'http://e2e.localhost:3000'
18:     // customize
19:   }
20:   return config;
21: })
<<<<
org.graalvm.polyglot.PolyglotException: SyntaxError: Unnamed:11:4 Expected comma but found ident
    apiKey: karate.properties['apiKey']
    ^
Unnamed:13:2 Expected ) but found if
  if (env == 'dev') {
  ^
Unnamed:16:2 Expected eof but found }
  } else if (env == 'e2e') {
  ^

- org.graalvm.polyglot.Context.eval(Context.java:428)
- com.intuit.karate.graal.JsEngine.evalForValue(JsEngine.java:169)
- com.intuit.karate.graal.JsEngine.eval(JsEngine.java:165)
- com.intuit.karate.core.ScenarioEngine.evalJs(ScenarioEngine.java:1252)
- com.intuit.karate.core.ScenarioRuntime.evalConfigJs(ScenarioRuntime.java:296)
- com.intuit.karate.core.ScenarioRuntime.beforeRun(ScenarioRuntime.java:371)
- com.intuit.karate.core.ScenarioRuntime.run(ScenarioRuntime.java:390)

js failed:
>>>>
01: function fn() {
02:   var env = karate.env; // get system property 'karate.env'
03:   karate.log('karate.env system property was:', env);
04:   if (!env) {
05:     env = 'dev';
06:   }
07:   var config = {
08:     env: env,
09:     myVarName: 'someValue',
10:     baseUrl: 'http://localhost:3000'
11:     apiKey: karate.properties['apiKey']
12:   }
13:   if (env == 'dev') {
14:     // customize
15:     // e.g. config.foo = 'bar';
16:   } else if (env == 'e2e') {
17:     config.baseUrl = 'http://e2e.localhost:3000'
18:     // customize
19:   }
20:   return config;
21: }
<<<<
com.intuit.karate.KarateException: js failed:
>>>>
01: (function fn() {
02:   var env = karate.env; // get system property 'karate.env'
03:   karate.log('karate.env system property was:', env);
04:   if (!env) {
05:     env = 'dev';
06:   }
07:   var config = {
08:     env: env,
09:     myVarName: 'someValue',
10:     baseUrl: 'http://localhost:3000'
11:     apiKey: karate.properties['apiKey']
12:   }
13:   if (env == 'dev') {
14:     // customize
15:     // e.g. config.foo = 'bar';
16:   } else if (env == 'e2e') {
17:     config.baseUrl = 'http://e2e.localhost:3000'
18:     // customize
19:   }
20:   return config;
21: })
<<<<
org.graalvm.polyglot.PolyglotException: SyntaxError: Unnamed:11:4 Expected comma but found ident
    apiKey: karate.properties['apiKey']
    ^
Unnamed:13:2 Expected ) but found if
  if (env == 'dev') {
  ^
Unnamed:16:2 Expected eof but found }
  } else if (env == 'e2e') {
  ^

- org.graalvm.polyglot.Context.eval(Context.java:428)
- com.intuit.karate.graal.JsEngine.evalForValue(JsEngine.java:169)
- com.intuit.karate.graal.JsEngine.eval(JsEngine.java:165)
- com.intuit.karate.core.ScenarioEngine.evalJs(ScenarioEngine.java:1252)
- com.intuit.karate.core.ScenarioRuntime.evalConfigJs(ScenarioRuntime.java:296)
- com.intuit.karate.core.ScenarioRuntime.beforeRun(ScenarioRuntime.java:371)
- com.intuit.karate.core.ScenarioRuntime.run(ScenarioRuntime.java:390)

- com.intuit.karate.graal.JsEngine.fromJsEvalException(JsEngine.java:253)
- com.intuit.karate.core.ScenarioEngine.evalJs(ScenarioEngine.java:1254)
- com.intuit.karate.core.ScenarioRuntime.evalConfigJs(ScenarioRuntime.java:296)
- com.intuit.karate.core.ScenarioRuntime.beforeRun(ScenarioRuntime.java:371)
- com.intuit.karate.core.ScenarioRuntime.run(ScenarioRuntime.java:390)
- com.intuit.karate.core.FeatureRuntime.processScenario(FeatureRuntime.java:193)
- com.intuit.karate.core.FeatureRuntime$1.process(FeatureRuntime.java:140)

classpath:examples/pets/pets.feature:83
classpath:examples/pets/pets.feature:84
classpath:examples/pets/pets.feature:85
classpath:examples/pets/pets.feature:86
classpath:examples/pets/pets.feature:87
classpath:examples/pets/pets.feature:88
classpath:examples/pets/pets.feature:89
classpath:examples/pets/pets.feature:90
classpath:examples/pets/pets.feature:91
classpath:examples/pets/pets.feature:92
19:39:32.106 [pool-3-thread-1] INFO  com.intuit.karate.Suite - <<fail>> feature 1 of 1 (0 remaining) classpath:examples/pets/pets.feature
19:43:36.505 [main] DEBUG com.intuit.karate.Suite - [config] classpath:karate-config.js
19:43:36.505 [main] INFO  com.intuit.karate.Suite - backed up existing 'target\karate-reports' dir to: target\karate-reports_1786668216505
19:43:37.496 [pool-2-thread-2] INFO  com.intuit.karate - karate.env system property was: null 
19:43:37.496 [pool-2-thread-4] INFO  com.intuit.karate - karate.env system property was: null 
19:43:37.496 [pool-2-thread-5] INFO  com.intuit.karate - karate.env system property was: null 
19:43:37.496 [pool-2-thread-1] INFO  com.intuit.karate - karate.env system property was: null 
19:43:37.496 [pool-2-thread-3] INFO  com.intuit.karate - karate.env system property was: null 
19:43:37.535 [pool-2-thread-1] INFO  com.intuit.karate - [print] la url es:  http://localhost:3000 
19:43:37.537 [pool-2-thread-1] INFO  com.intuit.karate - [print] el apiKey es:  123 
19:43:37.771 [pool-2-thread-4] DEBUG com.intuit.karate - request:
1 > POST http://localhost:3000/pets
1 > Content-Type: application/json; charset=UTF-8
1 > Content-Length: 40
1 > Host: localhost:3000
1 > Connection: Keep-Alive
1 > User-Agent: Apache-HttpClient/4.5.14 (Java/21)
1 > Accept-Encoding: gzip,deflate
{"name":"Bingo3","type":"Perro","age":1}

19:43:37.771 [pool-2-thread-2] DEBUG com.intuit.karate - request:
1 > POST http://localhost:3000/pets
1 > Content-Type: application/json; charset=UTF-8
1 > Content-Length: 40
1 > Host: localhost:3000
1 > Connection: Keep-Alive
1 > User-Agent: Apache-HttpClient/4.5.14 (Java/21)
1 > Accept-Encoding: gzip,deflate
{"name":"Bingo3","type":"Perro","age":1}

19:43:37.771 [pool-2-thread-5] DEBUG com.intuit.karate - request:
1 > POST http://localhost:3000/pets
1 > Content-Type: application/json; charset=UTF-8
1 > Content-Length: 40
1 > Host: localhost:3000
1 > Connection: Keep-Alive
1 > User-Agent: Apache-HttpClient/4.5.14 (Java/21)
1 > Accept-Encoding: gzip,deflate
{"name":"Bingo3","type":"Perro","age":1}

19:43:37.771 [pool-2-thread-1] DEBUG com.intuit.karate - request:
1 > POST http://localhost:3000/pets
1 > Content-Type: application/json; charset=UTF-8
1 > Content-Length: 40
1 > Host: localhost:3000
1 > Connection: Keep-Alive
1 > User-Agent: Apache-HttpClient/4.5.14 (Java/21)
1 > Accept-Encoding: gzip,deflate
{"name":"Bingo3","type":"Perro","age":1}

19:43:37.771 [pool-2-thread-3] DEBUG com.intuit.karate - request:
1 > POST http://localhost:3000/pets
1 > Content-Type: application/json; charset=UTF-8
1 > Content-Length: 40
1 > Host: localhost:3000
1 > Connection: Keep-Alive
1 > User-Agent: Apache-HttpClient/4.5.14 (Java/21)
1 > Accept-Encoding: gzip,deflate
{"name":"Bingo3","type":"Perro","age":1}

19:43:37.804 [pool-2-thread-3] DEBUG com.intuit.karate - response time in milliseconds: 30
1 < 201
1 < X-Powered-By: Express
1 < Content-Type: application/json; charset=utf-8
1 < Content-Length: 111
1 < ETag: W/"6f-G1/O5FOgTaZgGCwXyeQWsZSkIuA"
1 < Date: Fri, 14 Aug 2026 00:43:37 GMT
1 < Connection: keep-alive
1 < Keep-Alive: timeout=5
{"status":"success","message":"Pet created","data":{"id":1786668217797,"name":"Bingo3","type":"Perro","age":1}}

19:43:37.810 [pool-2-thread-2] DEBUG com.intuit.karate - response time in milliseconds: 38
1 < 201
1 < X-Powered-By: Express
1 < Content-Type: application/json; charset=utf-8
1 < Content-Length: 111
1 < ETag: W/"6f-/xX+N+8EzHY6DanhgxtKFoctwIY"
1 < Date: Fri, 14 Aug 2026 00:43:37 GMT
1 < Connection: keep-alive
1 < Keep-Alive: timeout=5
{"status":"success","message":"Pet created","data":{"id":1786668217808,"name":"Bingo3","type":"Perro","age":1}}

19:43:37.822 [pool-2-thread-4] DEBUG com.intuit.karate - response time in milliseconds: 50
1 < 201
1 < X-Powered-By: Express
1 < Content-Type: application/json; charset=utf-8
1 < Content-Length: 111
1 < ETag: W/"6f-JnP+gceGqsLVFKCfstPadBE5gBQ"
1 < Date: Fri, 14 Aug 2026 00:43:37 GMT
1 < Connection: keep-alive
1 < Keep-Alive: timeout=5
{"status":"success","message":"Pet created","data":{"id":1786668217820,"name":"Bingo3","type":"Perro","age":1}}

19:43:37.832 [pool-2-thread-2] DEBUG com.intuit.karate - request:
2 > GET http://localhost:3000/pets/1786668217808
2 > Host: localhost:3000
2 > Connection: Keep-Alive
2 > User-Agent: Apache-HttpClient/4.5.14 (Java/21)
2 > Accept-Encoding: gzip,deflate


19:43:37.832 [pool-2-thread-3] DEBUG com.intuit.karate - request:
2 > PUT http://localhost:3000/pets/1786668217797
2 > Content-Type: application/json; charset=UTF-8
2 > Content-Length: 40
2 > Host: localhost:3000
2 > Connection: Keep-Alive
2 > User-Agent: Apache-HttpClient/4.5.14 (Java/21)
2 > Accept-Encoding: gzip,deflate
{"name":"Bingo8","type":"Gato","age":10}

19:43:37.832 [pool-2-thread-4] DEBUG com.intuit.karate - request:
2 > PATCH http://localhost:3000/pets/1786668217820
2 > Content-Type: application/json; charset=UTF-8
2 > Content-Length: 16
2 > Host: localhost:3000
2 > Connection: Keep-Alive
2 > User-Agent: Apache-HttpClient/4.5.14 (Java/21)
2 > Accept-Encoding: gzip,deflate
{"name":"Bluey"}

19:43:37.838 [pool-2-thread-5] DEBUG com.intuit.karate - response time in milliseconds: 66
1 < 201
1 < X-Powered-By: Express
1 < Content-Type: application/json; charset=utf-8
1 < Content-Length: 111
1 < ETag: W/"6f-mvSvGAWzIAa8VcHJIcKGtZJKpb8"
1 < Date: Fri, 14 Aug 2026 00:43:37 GMT
1 < Connection: keep-alive
1 < Keep-Alive: timeout=5
{"status":"success","message":"Pet created","data":{"id":1786668217836,"name":"Bingo3","type":"Perro","age":1}}

19:43:37.838 [pool-2-thread-5] DEBUG com.intuit.karate - request:
2 > DELETE http://localhost:3000/pets/1786668217836
2 > Host: localhost:3000
2 > Connection: Keep-Alive
2 > User-Agent: Apache-HttpClient/4.5.14 (Java/21)
2 > Accept-Encoding: gzip,deflate


19:43:37.848 [pool-2-thread-1] DEBUG com.intuit.karate - response time in milliseconds: 66
1 < 201
1 < X-Powered-By: Express
1 < Content-Type: application/json; charset=utf-8
1 < Content-Length: 111
1 < ETag: W/"6f-m/4zenTaXVQsfTjecEhB9AmzCqU"
1 < Date: Fri, 14 Aug 2026 00:43:37 GMT
1 < Connection: keep-alive
1 < Keep-Alive: timeout=5
{"status":"success","message":"Pet created","data":{"id":1786668217846,"name":"Bingo3","type":"Perro","age":1}}

19:43:37.857 [pool-2-thread-3] DEBUG com.intuit.karate - response time in milliseconds: 25
2 < 200
2 < X-Powered-By: Express
2 < Content-Type: application/json; charset=utf-8
2 < Content-Length: 111
2 < ETag: W/"6f-gw/PwIv7n+gxHXnBvHtmDdwF38Q"
2 < Date: Fri, 14 Aug 2026 00:43:37 GMT
2 < Connection: keep-alive
2 < Keep-Alive: timeout=5
{"status":"success","message":"Pet updated","data":{"id":1786668217797,"name":"Bingo8","type":"Gato","age":10}}

19:43:37.866 [pool-2-thread-2] DEBUG com.intuit.karate - response time in milliseconds: 34
2 < 200
2 < X-Powered-By: Express
2 < Content-Type: application/json; charset=utf-8
2 < Content-Length: 109
2 < ETag: W/"6d-28QLj8du449NSz67AxmU3JDk4Lw"
2 < Date: Fri, 14 Aug 2026 00:43:37 GMT
2 < Connection: keep-alive
2 < Keep-Alive: timeout=5
{"status":"success","message":"Pet found","data":{"id":1786668217808,"name":"Bingo3","type":"Perro","age":1}}

19:43:37.870 [pool-2-thread-1] INFO  com.intuit.karate - karate.env system property was: null 
19:43:37.870 [pool-2-thread-4] DEBUG com.intuit.karate - response time in milliseconds: 38
2 < 200
2 < X-Powered-By: Express
2 < Content-Type: application/json; charset=utf-8
2 < Content-Length: 123
2 < ETag: W/"7b-PLb1nb25ouzMlr7pYfhZEmRFjYg"
2 < Date: Fri, 14 Aug 2026 00:43:37 GMT
2 < Connection: keep-alive
2 < Keep-Alive: timeout=5
{"status":"success","message":"Pet updated successfully","data":{"id":1786668217820,"name":"Bluey","type":"Perro","age":1}}

19:43:37.870 [pool-2-thread-3] INFO  com.intuit.karate - karate.env system property was: null 
19:43:37.877 [pool-2-thread-2] INFO  com.intuit.karate - karate.env system property was: null 
19:43:37.881 [pool-2-thread-2] DEBUG com.intuit.karate - request:
1 > POST http://localhost:3000/login
1 > Content-Type: application/json; charset=UTF-8
1 > Content-Length: 25
1 > Host: localhost:3000
1 > Connection: Keep-Alive
1 > User-Agent: Apache-HttpClient/4.5.14 (Java/21)
1 > Accept-Encoding: gzip,deflate
{"username":"automation"}

19:43:37.883 [pool-2-thread-5] DEBUG com.intuit.karate - response time in milliseconds: 45
2 < 204
2 < X-Powered-By: Express
2 < ETag: W/"38-wb8iw8b8FsxeeJAkWfcWHgal72I"
2 < Date: Fri, 14 Aug 2026 00:43:37 GMT
2 < Connection: keep-alive
2 < Keep-Alive: timeout=5


19:43:37.883 [pool-2-thread-2] DEBUG com.intuit.karate - response time in milliseconds: 2
1 < 200
1 < X-Powered-By: Express
1 < Content-Type: application/json; charset=utf-8
1 < Content-Length: 206
1 < ETag: W/"ce-aVdQaGDgCei90wn9mdAW10vBPxU"
1 < Date: Fri, 14 Aug 2026 00:43:37 GMT
1 < Connection: keep-alive
1 < Keep-Alive: timeout=5
{"status":"success","message":"Token generated","data":{"accessToken":"eyJhbGciOiJIUzI1NiIsInR5cCI6IkpXVCJ9.eyJuYW1lIjoiYXV0b21hdGlvbiIsImlhdCI6MTc4NjY2ODIxN30.pDPbXTtf5PYzGPWS4x_vDjLw5-Xwdf8xf8tHuEI-8lI"}}

19:43:37.887 [pool-2-thread-1] DEBUG com.intuit.karate - request:
1 > GET http://localhost:3000/protected-basic
1 > Authorization: Basic YWRtaW46cGFzc3dvcmQxMjM=
1 > Host: localhost:3000
1 > Connection: Keep-Alive
1 > User-Agent: Apache-HttpClient/4.5.14 (Java/21)
1 > Accept-Encoding: gzip,deflate


19:43:37.887 [pool-2-thread-3] DEBUG com.intuit.karate - request:
1 > GET http://localhost:3000/protected-basic
1 > Authorization: Basic YWRtaW46cGFzc3dvcmQxMjQ=
1 > Host: localhost:3000
1 > Connection: Keep-Alive
1 > User-Agent: Apache-HttpClient/4.5.14 (Java/21)
1 > Accept-Encoding: gzip,deflate


19:43:37.887 [pool-2-thread-2] DEBUG com.intuit.karate - request:
2 > GET http://localhost:3000/protected-bearer
2 > Authorization: Bearer eyJhbGciOiJIUzI1NiIsInR5cCI6IkpXVCJ9.eyJuYW1lIjoiYXV0b21hdGlvbiIsImlhdCI6MTc4NjY2ODIxN30.pDPbXTtf5PYzGPWS4x_vDjLw5-Xwdf8xf8tHuEI-8lI
2 > Host: localhost:3000
2 > Connection: Keep-Alive
2 > User-Agent: Apache-HttpClient/4.5.14 (Java/21)
2 > Accept-Encoding: gzip,deflate


19:43:37.887 [pool-2-thread-1] DEBUG com.intuit.karate - response time in milliseconds: 0
1 < 200
1 < X-Powered-By: Express
1 < Content-Type: text/html; charset=utf-8
1 < Content-Length: 52
1 < ETag: W/"34-5hLxTCL454xXrj8Ihw5i3VJ+tlg"
1 < Date: Fri, 14 Aug 2026 00:43:37 GMT
1 < Connection: keep-alive
1 < Keep-Alive: timeout=5
Hello admin, you have accessed a protected endpoint!

19:43:37.887 [pool-2-thread-2] DEBUG com.intuit.karate - response time in milliseconds: 0
2 < 200
2 < X-Powered-By: Express
2 < Content-Type: text/html; charset=utf-8
2 < Content-Length: 57
2 < ETag: W/"39-T/2gA1KPPGj1Zs8TUFoCRZwYXuM"
2 < Date: Fri, 14 Aug 2026 00:43:37 GMT
2 < Connection: keep-alive
2 < Keep-Alive: timeout=5
Hello automation, you have accessed a protected endpoint!

19:43:37.893 [pool-2-thread-3] DEBUG com.intuit.karate - response time in milliseconds: 0
1 < 401
1 < X-Powered-By: Express
1 < WWW-Authenticate: Basic realm="example"
1 < Content-Type: text/plain; charset=utf-8
1 < Content-Length: 12
1 < ETag: W/"c-dAuDFQrdjS3hezqxDTNgW7AOlYk"
1 < Date: Fri, 14 Aug 2026 00:43:37 GMT
1 < Connection: keep-alive
1 < Keep-Alive: timeout=5
Unauthorized

19:43:38.487 [pool-3-thread-1] INFO  com.intuit.karate.Suite - <<pass>> feature 1 of 1 (0 remaining) classpath:examples/pets/pets.feature
19:48:01.733 [main] DEBUG com.intuit.karate.Suite - [config] classpath:karate-config.js
19:48:01.740 [main] INFO  com.intuit.karate.Suite - backed up existing 'target\karate-reports' dir to: target\karate-reports_1786668481737
19:48:02.679 [pool-2-thread-4] INFO  com.intuit.karate - karate.env system property was: null 
19:48:02.679 [pool-2-thread-1] INFO  com.intuit.karate - karate.env system property was: null 
19:48:02.679 [pool-2-thread-2] INFO  com.intuit.karate - karate.env system property was: null 
19:48:02.679 [pool-2-thread-5] INFO  com.intuit.karate - karate.env system property was: null 
19:48:02.679 [pool-2-thread-3] INFO  com.intuit.karate - karate.env system property was: null 
19:48:02.720 [pool-2-thread-1] INFO  com.intuit.karate - [print] la url es:  http://localhost:3000 
19:48:02.722 [pool-2-thread-1] INFO  com.intuit.karate - [print] el apiKey es:  123 
19:48:02.722 [pool-2-thread-1] INFO  com.intuit.karate - [print] el userId es:  90000 
19:48:02.987 [pool-2-thread-2] DEBUG com.intuit.karate - request:
1 > POST http://localhost:3000/pets
1 > Content-Type: application/json; charset=UTF-8
1 > Content-Length: 40
1 > Host: localhost:3000
1 > Connection: Keep-Alive
1 > User-Agent: Apache-HttpClient/4.5.14 (Java/21)
1 > Accept-Encoding: gzip,deflate
{"name":"Bingo3","type":"Perro","age":1}

19:48:02.987 [pool-2-thread-5] DEBUG com.intuit.karate - request:
1 > POST http://localhost:3000/pets
1 > Content-Type: application/json; charset=UTF-8
1 > Content-Length: 40
1 > Host: localhost:3000
1 > Connection: Keep-Alive
1 > User-Agent: Apache-HttpClient/4.5.14 (Java/21)
1 > Accept-Encoding: gzip,deflate
{"name":"Bingo3","type":"Perro","age":1}

19:48:02.987 [pool-2-thread-1] DEBUG com.intuit.karate - request:
1 > POST http://localhost:3000/pets
1 > Content-Type: application/json; charset=UTF-8
1 > Content-Length: 40
1 > Host: localhost:3000
1 > Connection: Keep-Alive
1 > User-Agent: Apache-HttpClient/4.5.14 (Java/21)
1 > Accept-Encoding: gzip,deflate
{"name":"Bingo3","type":"Perro","age":1}

19:48:02.987 [pool-2-thread-4] DEBUG com.intuit.karate - request:
1 > POST http://localhost:3000/pets
1 > Content-Type: application/json; charset=UTF-8
1 > Content-Length: 40
1 > Host: localhost:3000
1 > Connection: Keep-Alive
1 > User-Agent: Apache-HttpClient/4.5.14 (Java/21)
1 > Accept-Encoding: gzip,deflate
{"name":"Bingo3","type":"Perro","age":1}

19:48:02.987 [pool-2-thread-3] DEBUG com.intuit.karate - request:
1 > POST http://localhost:3000/pets
1 > Content-Type: application/json; charset=UTF-8
1 > Content-Length: 40
1 > Host: localhost:3000
1 > Connection: Keep-Alive
1 > User-Agent: Apache-HttpClient/4.5.14 (Java/21)
1 > Accept-Encoding: gzip,deflate
{"name":"Bingo3","type":"Perro","age":1}

19:48:03.015 [pool-2-thread-4] DEBUG com.intuit.karate - response time in milliseconds: 28
1 < 201
1 < X-Powered-By: Express
1 < Content-Type: application/json; charset=utf-8
1 < Content-Length: 111
1 < ETag: W/"6f-DEdpWJVObHZUNsD9u4aaZTVP0aw"
1 < Date: Fri, 14 Aug 2026 00:48:03 GMT
1 < Connection: keep-alive
1 < Keep-Alive: timeout=5
{"status":"success","message":"Pet created","data":{"id":1786668483010,"name":"Bingo3","type":"Perro","age":1}}

19:48:03.025 [pool-2-thread-2] DEBUG com.intuit.karate - response time in milliseconds: 28
1 < 201
1 < X-Powered-By: Express
1 < Content-Type: application/json; charset=utf-8
1 < Content-Length: 111
1 < ETag: W/"6f-2vNxBW+l9FScK3NDbDQ+GrB5LCk"
1 < Date: Fri, 14 Aug 2026 00:48:03 GMT
1 < Connection: keep-alive
1 < Keep-Alive: timeout=5
{"status":"success","message":"Pet created","data":{"id":1786668483023,"name":"Bingo3","type":"Perro","age":1}}

19:48:03.035 [pool-2-thread-3] DEBUG com.intuit.karate - response time in milliseconds: 48
1 < 201
1 < X-Powered-By: Express
1 < Content-Type: application/json; charset=utf-8
1 < Content-Length: 111
1 < ETag: W/"6f-ewOGQlSANy2MtbJA5UOzfYhodJA"
1 < Date: Fri, 14 Aug 2026 00:48:03 GMT
1 < Connection: keep-alive
1 < Keep-Alive: timeout=5
{"status":"success","message":"Pet created","data":{"id":1786668483033,"name":"Bingo3","type":"Perro","age":1}}

19:48:03.042 [pool-2-thread-2] DEBUG com.intuit.karate - request:
2 > GET http://localhost:3000/pets/1786668483023
2 > Host: localhost:3000
2 > Connection: Keep-Alive
2 > User-Agent: Apache-HttpClient/4.5.14 (Java/21)
2 > Accept-Encoding: gzip,deflate


19:48:03.042 [pool-2-thread-4] DEBUG com.intuit.karate - request:
2 > PATCH http://localhost:3000/pets/1786668483010
2 > Content-Type: application/json; charset=UTF-8
2 > Content-Length: 16
2 > Host: localhost:3000
2 > Connection: Keep-Alive
2 > User-Agent: Apache-HttpClient/4.5.14 (Java/21)
2 > Accept-Encoding: gzip,deflate
{"name":"Bluey"}

19:48:03.042 [pool-2-thread-3] DEBUG com.intuit.karate - request:
2 > PUT http://localhost:3000/pets/1786668483033
2 > Content-Type: application/json; charset=UTF-8
2 > Content-Length: 40
2 > Host: localhost:3000
2 > Connection: Keep-Alive
2 > User-Agent: Apache-HttpClient/4.5.14 (Java/21)
2 > Accept-Encoding: gzip,deflate
{"name":"Bingo8","type":"Gato","age":10}

19:48:03.047 [pool-2-thread-1] DEBUG com.intuit.karate - response time in milliseconds: 60
1 < 201
1 < X-Powered-By: Express
1 < Content-Type: application/json; charset=utf-8
1 < Content-Length: 111
1 < ETag: W/"6f-0e6gABG99IdkKAzVLICBERLbElA"
1 < Date: Fri, 14 Aug 2026 00:48:03 GMT
1 < Connection: keep-alive
1 < Keep-Alive: timeout=5
{"status":"success","message":"Pet created","data":{"id":1786668483049,"name":"Bingo3","type":"Perro","age":1}}

19:48:03.058 [pool-2-thread-5] DEBUG com.intuit.karate - response time in milliseconds: 71
1 < 201
1 < X-Powered-By: Express
1 < Content-Type: application/json; charset=utf-8
1 < Content-Length: 111
1 < ETag: W/"6f-cT4GXdSYvkn+Me9CGtH8+5KuPk8"
1 < Date: Fri, 14 Aug 2026 00:48:03 GMT
1 < Connection: keep-alive
1 < Keep-Alive: timeout=5
{"status":"success","message":"Pet created","data":{"id":1786668483057,"name":"Bingo3","type":"Perro","age":1}}

19:48:03.060 [pool-2-thread-5] DEBUG com.intuit.karate - request:
2 > DELETE http://localhost:3000/pets/1786668483057
2 > Host: localhost:3000
2 > Connection: Keep-Alive
2 > User-Agent: Apache-HttpClient/4.5.14 (Java/21)
2 > Accept-Encoding: gzip,deflate


19:48:03.067 [pool-2-thread-3] DEBUG com.intuit.karate - response time in milliseconds: 25
2 < 200
2 < X-Powered-By: Express
2 < Content-Type: application/json; charset=utf-8
2 < Content-Length: 111
2 < ETag: W/"6f-BvVWz4kss29TzNPUu80Eg7jfbR8"
2 < Date: Fri, 14 Aug 2026 00:48:03 GMT
2 < Connection: keep-alive
2 < Keep-Alive: timeout=5
{"status":"success","message":"Pet updated","data":{"id":1786668483033,"name":"Bingo8","type":"Gato","age":10}}

19:48:03.067 [pool-2-thread-1] INFO  com.intuit.karate - karate.env system property was: null 
19:48:03.079 [pool-2-thread-2] DEBUG com.intuit.karate - response time in milliseconds: 37
2 < 200
2 < X-Powered-By: Express
2 < Content-Type: application/json; charset=utf-8
2 < Content-Length: 109
2 < ETag: W/"6d-uLrtiTqDyrHinSFXrcg51U4hfSQ"
2 < Date: Fri, 14 Aug 2026 00:48:03 GMT
2 < Connection: keep-alive
2 < Keep-Alive: timeout=5
{"status":"success","message":"Pet found","data":{"id":1786668483023,"name":"Bingo3","type":"Perro","age":1}}

19:48:03.079 [pool-2-thread-3] INFO  com.intuit.karate - karate.env system property was: null 
19:48:03.079 [pool-2-thread-4] DEBUG com.intuit.karate - response time in milliseconds: 37
2 < 200
2 < X-Powered-By: Express
2 < Content-Type: application/json; charset=utf-8
2 < Content-Length: 123
2 < ETag: W/"7b-zz+S6x7Do4CYzTdfLqUIuim1KCU"
2 < Date: Fri, 14 Aug 2026 00:48:03 GMT
2 < Connection: keep-alive
2 < Keep-Alive: timeout=5
{"status":"success","message":"Pet updated successfully","data":{"id":1786668483010,"name":"Bluey","type":"Perro","age":1}}

19:48:03.087 [pool-2-thread-2] INFO  com.intuit.karate - karate.env system property was: null 
19:48:03.090 [pool-2-thread-1] DEBUG com.intuit.karate - request:
1 > GET http://localhost:3000/protected-basic
1 > Authorization: Basic YWRtaW46cGFzc3dvcmQxMjM=
1 > Host: localhost:3000
1 > Connection: Keep-Alive
1 > User-Agent: Apache-HttpClient/4.5.14 (Java/21)
1 > Accept-Encoding: gzip,deflate


19:48:03.090 [pool-2-thread-3] DEBUG com.intuit.karate - request:
1 > GET http://localhost:3000/protected-basic
1 > Authorization: Basic YWRtaW46cGFzc3dvcmQxMjQ=
1 > Host: localhost:3000
1 > Connection: Keep-Alive
1 > User-Agent: Apache-HttpClient/4.5.14 (Java/21)
1 > Accept-Encoding: gzip,deflate


19:48:03.090 [pool-2-thread-5] DEBUG com.intuit.karate - response time in milliseconds: 30
2 < 204
2 < X-Powered-By: Express
2 < ETag: W/"38-wb8iw8b8FsxeeJAkWfcWHgal72I"
2 < Date: Fri, 14 Aug 2026 00:48:03 GMT
2 < Connection: keep-alive
2 < Keep-Alive: timeout=5


19:48:03.090 [pool-2-thread-2] DEBUG com.intuit.karate - request:
1 > POST http://localhost:3000/login
1 > Content-Type: application/json; charset=UTF-8
1 > Content-Length: 25
1 > Host: localhost:3000
1 > Connection: Keep-Alive
1 > User-Agent: Apache-HttpClient/4.5.14 (Java/21)
1 > Accept-Encoding: gzip,deflate
{"username":"automation"}

19:48:03.090 [pool-2-thread-1] DEBUG com.intuit.karate - response time in milliseconds: 0
1 < 200
1 < X-Powered-By: Express
1 < Content-Type: text/html; charset=utf-8
1 < Content-Length: 52
1 < ETag: W/"34-5hLxTCL454xXrj8Ihw5i3VJ+tlg"
1 < Date: Fri, 14 Aug 2026 00:48:03 GMT
1 < Connection: keep-alive
1 < Keep-Alive: timeout=5
Hello admin, you have accessed a protected endpoint!

19:48:03.090 [pool-2-thread-2] DEBUG com.intuit.karate - response time in milliseconds: 0
1 < 200
1 < X-Powered-By: Express
1 < Content-Type: application/json; charset=utf-8
1 < Content-Length: 206
1 < ETag: W/"ce-lg4PO3KIDN7nuaFWcPMUW1fQ0hk"
1 < Date: Fri, 14 Aug 2026 00:48:03 GMT
1 < Connection: keep-alive
1 < Keep-Alive: timeout=5
{"status":"success","message":"Token generated","data":{"accessToken":"eyJhbGciOiJIUzI1NiIsInR5cCI6IkpXVCJ9.eyJuYW1lIjoiYXV0b21hdGlvbiIsImlhdCI6MTc4NjY2ODQ4M30.J55Ijv1EwPHSMt8Lz2oL8l845-Cd8YZ6hbd71_wUpOY"}}

19:48:03.095 [pool-2-thread-3] DEBUG com.intuit.karate - response time in milliseconds: 5
1 < 401
1 < X-Powered-By: Express
1 < WWW-Authenticate: Basic realm="example"
1 < Content-Type: text/plain; charset=utf-8
1 < Content-Length: 12
1 < ETag: W/"c-dAuDFQrdjS3hezqxDTNgW7AOlYk"
1 < Date: Fri, 14 Aug 2026 00:48:03 GMT
1 < Connection: keep-alive
1 < Keep-Alive: timeout=5
Unauthorized

19:48:03.097 [pool-2-thread-2] DEBUG com.intuit.karate - request:
2 > GET http://localhost:3000/protected-bearer
2 > Authorization: Bearer eyJhbGciOiJIUzI1NiIsInR5cCI6IkpXVCJ9.eyJuYW1lIjoiYXV0b21hdGlvbiIsImlhdCI6MTc4NjY2ODQ4M30.J55Ijv1EwPHSMt8Lz2oL8l845-Cd8YZ6hbd71_wUpOY
2 > Host: localhost:3000
2 > Connection: Keep-Alive
2 > User-Agent: Apache-HttpClient/4.5.14 (Java/21)
2 > Accept-Encoding: gzip,deflate


19:48:03.101 [pool-2-thread-2] DEBUG com.intuit.karate - response time in milliseconds: 0
2 < 200
2 < X-Powered-By: Express
2 < Content-Type: text/html; charset=utf-8
2 < Content-Length: 57
2 < ETag: W/"39-T/2gA1KPPGj1Zs8TUFoCRZwYXuM"
2 < Date: Fri, 14 Aug 2026 00:48:03 GMT
2 < Connection: keep-alive
2 < Keep-Alive: timeout=5
Hello automation, you have accessed a protected endpoint!

19:48:03.705 [pool-3-thread-1] INFO  com.intuit.karate.Suite - <<pass>> feature 1 of 1 (0 remaining) classpath:examples/pets/pets.feature
20:03:21.975 [main] DEBUG com.intuit.karate.Suite - [config] classpath:karate-config.js
20:03:22.888 [main] INFO  com.intuit.karate - karate.env system property was: null 
20:03:23.110 [main] DEBUG com.intuit.karate - request:
1 > POST http://localhost:3000/pets
1 > Content-Type: application/json; charset=UTF-8
1 > Content-Length: 40
1 > Host: localhost:3000
1 > Connection: Keep-Alive
1 > User-Agent: Apache-HttpClient/4.5.14 (Java/21)
1 > Accept-Encoding: gzip,deflate
{"name":"Bingo3","type":"Perro","age":1}

20:03:23.129 [main] DEBUG com.intuit.karate - response time in milliseconds: 15
1 < 201
1 < X-Powered-By: Express
1 < Content-Type: application/json; charset=utf-8
1 < Content-Length: 111
1 < ETag: W/"6f-XsdryOkn2drprs6r4Y5cxSQcjJs"
1 < Date: Fri, 14 Aug 2026 01:03:23 GMT
1 < Connection: keep-alive
1 < Keep-Alive: timeout=5
{"status":"success","message":"Pet created","data":{"id":1786669403121,"name":"Bingo3","type":"Perro","age":1}}

20:03:23.167 [main] INFO  com.intuit.karate - karate.env system property was: null 
20:03:23.171 [main] DEBUG com.intuit.karate - request:
1 > POST http://localhost:3000/pets
1 > Content-Type: application/json; charset=UTF-8
1 > Content-Length: 40
1 > Host: localhost:3000
1 > Connection: Keep-Alive
1 > User-Agent: Apache-HttpClient/4.5.14 (Java/21)
1 > Accept-Encoding: gzip,deflate
{"name":"Bingo3","type":"Perro","age":1}

20:03:23.174 [main] DEBUG com.intuit.karate - response time in milliseconds: 1
1 < 201
1 < X-Powered-By: Express
1 < Content-Type: application/json; charset=utf-8
1 < Content-Length: 111
1 < ETag: W/"6f-x9NJvpvDM9OSJ2gt57iv2tk4tBU"
1 < Date: Fri, 14 Aug 2026 01:03:23 GMT
1 < Connection: keep-alive
1 < Keep-Alive: timeout=5
{"status":"success","message":"Pet created","data":{"id":1786669403173,"name":"Bingo3","type":"Perro","age":1}}

20:03:23.192 [main] DEBUG com.intuit.karate - request:
2 > GET http://localhost:3000/pets/1786669403173
2 > Host: localhost:3000
2 > Connection: Keep-Alive
2 > User-Agent: Apache-HttpClient/4.5.14 (Java/21)
2 > Accept-Encoding: gzip,deflate


20:03:23.194 [main] DEBUG com.intuit.karate - response time in milliseconds: 2
2 < 200
2 < X-Powered-By: Express
2 < Content-Type: application/json; charset=utf-8
2 < Content-Length: 109
2 < ETag: W/"6d-yEA/WMI8XYYm98sHHHELD8QcD4s"
2 < Date: Fri, 14 Aug 2026 01:03:23 GMT
2 < Connection: keep-alive
2 < Keep-Alive: timeout=5
{"status":"success","message":"Pet found","data":{"id":1786669403173,"name":"Bingo3","type":"Perro","age":1}}

20:03:23.203 [main] INFO  com.intuit.karate - karate.env system property was: null 
20:03:23.207 [main] DEBUG com.intuit.karate - request:
1 > POST http://localhost:3000/pets
1 > Content-Type: application/json; charset=UTF-8
1 > Content-Length: 40
1 > Host: localhost:3000
1 > Connection: Keep-Alive
1 > User-Agent: Apache-HttpClient/4.5.14 (Java/21)
1 > Accept-Encoding: gzip,deflate
{"name":"Bingo3","type":"Perro","age":1}

20:03:23.210 [main] DEBUG com.intuit.karate - response time in milliseconds: 3
1 < 201
1 < X-Powered-By: Express
1 < Content-Type: application/json; charset=utf-8
1 < Content-Length: 111
1 < ETag: W/"6f-AoUbvs6vpZhFwXfakXFh/uKQEXc"
1 < Date: Fri, 14 Aug 2026 01:03:23 GMT
1 < Connection: keep-alive
1 < Keep-Alive: timeout=5
{"status":"success","message":"Pet created","data":{"id":1786669403208,"name":"Bingo3","type":"Perro","age":1}}

20:03:23.226 [main] DEBUG com.intuit.karate - request:
2 > PUT http://localhost:3000/pets/1786669403208
2 > Content-Type: application/json; charset=UTF-8
2 > Content-Length: 40
2 > Host: localhost:3000
2 > Connection: Keep-Alive
2 > User-Agent: Apache-HttpClient/4.5.14 (Java/21)
2 > Accept-Encoding: gzip,deflate
{"name":"Bingo8","type":"Gato","age":10}

20:03:23.229 [main] DEBUG com.intuit.karate - response time in milliseconds: 3
2 < 200
2 < X-Powered-By: Express
2 < Content-Type: application/json; charset=utf-8
2 < Content-Length: 111
2 < ETag: W/"6f-x1q4qAPOYng86NUoIkUoTfR7A9Q"
2 < Date: Fri, 14 Aug 2026 01:03:23 GMT
2 < Connection: keep-alive
2 < Keep-Alive: timeout=5
{"status":"success","message":"Pet updated","data":{"id":1786669403208,"name":"Bingo8","type":"Gato","age":10}}

20:03:23.243 [main] INFO  com.intuit.karate - karate.env system property was: null 
20:03:23.246 [main] DEBUG com.intuit.karate - request:
1 > POST http://localhost:3000/pets
1 > Content-Type: application/json; charset=UTF-8
1 > Content-Length: 40
1 > Host: localhost:3000
1 > Connection: Keep-Alive
1 > User-Agent: Apache-HttpClient/4.5.14 (Java/21)
1 > Accept-Encoding: gzip,deflate
{"name":"Bingo3","type":"Perro","age":1}

20:03:23.248 [main] DEBUG com.intuit.karate - response time in milliseconds: 1
1 < 201
1 < X-Powered-By: Express
1 < Content-Type: application/json; charset=utf-8
1 < Content-Length: 111
1 < ETag: W/"6f-YueBg2NgEey2WU9j6Ddsp4T7jDk"
1 < Date: Fri, 14 Aug 2026 01:03:23 GMT
1 < Connection: keep-alive
1 < Keep-Alive: timeout=5
{"status":"success","message":"Pet created","data":{"id":1786669403247,"name":"Bingo3","type":"Perro","age":1}}

20:03:23.252 [main] DEBUG com.intuit.karate - request:
2 > PATCH http://localhost:3000/pets/1786669403247
2 > Content-Type: application/json; charset=UTF-8
2 > Content-Length: 16
2 > Host: localhost:3000
2 > Connection: Keep-Alive
2 > User-Agent: Apache-HttpClient/4.5.14 (Java/21)
2 > Accept-Encoding: gzip,deflate
{"name":"Bluey"}

20:03:23.261 [main] DEBUG com.intuit.karate - response time in milliseconds: 8
2 < 200
2 < X-Powered-By: Express
2 < Content-Type: application/json; charset=utf-8
2 < Content-Length: 123
2 < ETag: W/"7b-VtKch0YyCTQN7FgtIvBaC6jlPb8"
2 < Date: Fri, 14 Aug 2026 01:03:23 GMT
2 < Connection: keep-alive
2 < Keep-Alive: timeout=5
{"status":"success","message":"Pet updated successfully","data":{"id":1786669403247,"name":"Bluey","type":"Perro","age":1}}

20:03:23.269 [main] INFO  com.intuit.karate - karate.env system property was: null 
20:03:23.273 [main] DEBUG com.intuit.karate - request:
1 > POST http://localhost:3000/pets
1 > Content-Type: application/json; charset=UTF-8
1 > Content-Length: 40
1 > Host: localhost:3000
1 > Connection: Keep-Alive
1 > User-Agent: Apache-HttpClient/4.5.14 (Java/21)
1 > Accept-Encoding: gzip,deflate
{"name":"Bingo3","type":"Perro","age":1}

20:03:23.276 [main] DEBUG com.intuit.karate - response time in milliseconds: 3
1 < 201
1 < X-Powered-By: Express
1 < Content-Type: application/json; charset=utf-8
1 < Content-Length: 111
1 < ETag: W/"6f-+DOiJTEYbiaDRS9Ivu8+jFRXSMM"
1 < Date: Fri, 14 Aug 2026 01:03:23 GMT
1 < Connection: keep-alive
1 < Keep-Alive: timeout=5
{"status":"success","message":"Pet created","data":{"id":1786669403274,"name":"Bingo3","type":"Perro","age":1}}

20:03:23.279 [main] DEBUG com.intuit.karate - request:
2 > DELETE http://localhost:3000/pets/1786669403274
2 > Host: localhost:3000
2 > Connection: Keep-Alive
2 > User-Agent: Apache-HttpClient/4.5.14 (Java/21)
2 > Accept-Encoding: gzip,deflate


20:03:23.287 [main] DEBUG com.intuit.karate - response time in milliseconds: 8
2 < 204
2 < X-Powered-By: Express
2 < ETag: W/"38-wb8iw8b8FsxeeJAkWfcWHgal72I"
2 < Date: Fri, 14 Aug 2026 01:03:23 GMT
2 < Connection: keep-alive
2 < Keep-Alive: timeout=5


23:06:05.657 [main] DEBUG com.intuit.karate.Suite - [config] classpath:karate-config.js
23:06:06.688 [main] INFO  com.intuit.karate - karate.env system property was: null 
23:06:06.987 [main] DEBUG com.intuit.karate - request:
1 > POST http://localhost:3000/pets
1 > Content-Type: application/json; charset=UTF-8
1 > Content-Length: 40
1 > Host: localhost:3000
1 > Connection: Keep-Alive
1 > User-Agent: Apache-HttpClient/4.5.14 (Java/21)
1 > Accept-Encoding: gzip,deflate
{"name":"Bingo3","type":"Perro","age":1}

23:06:07.023 [main] DEBUG com.intuit.karate - response time in milliseconds: 34
1 < 201
1 < X-Powered-By: Express
1 < Content-Type: application/json; charset=utf-8
1 < Content-Length: 111
1 < ETag: W/"6f-GRqvpeaMYfvRFAjaoaLUFb0pKiQ"
1 < Date: Fri, 14 Aug 2026 04:06:07 GMT
1 < Connection: keep-alive
1 < Keep-Alive: timeout=5
{"status":"success","message":"Pet created","data":{"id":1786680367012,"name":"Bingo3","type":"Perro","age":1}}

23:06:07.048 [main] INFO  com.intuit.karate - karate.env system property was: null 
23:06:07.057 [main] DEBUG com.intuit.karate - request:
1 > POST http://localhost:3000/pets
1 > Content-Type: application/json; charset=UTF-8
1 > Content-Length: 40
1 > Host: localhost:3000
1 > Connection: Keep-Alive
1 > User-Agent: Apache-HttpClient/4.5.14 (Java/21)
1 > Accept-Encoding: gzip,deflate
{"name":"Bingo3","type":"Perro","age":1}

23:06:07.057 [main] DEBUG com.intuit.karate - response time in milliseconds: 0
1 < 201
1 < X-Powered-By: Express
1 < Content-Type: application/json; charset=utf-8
1 < Content-Length: 111
1 < ETag: W/"6f-oymYHKaVRW9YVfyly/ethPlTaRs"
1 < Date: Fri, 14 Aug 2026 04:06:07 GMT
1 < Connection: keep-alive
1 < Keep-Alive: timeout=5
{"status":"success","message":"Pet created","data":{"id":1786680367056,"name":"Bingo3","type":"Perro","age":1}}

23:06:07.077 [main] DEBUG com.intuit.karate - request:
2 > GET http://localhost:3000/pets/1786680367056
2 > Host: localhost:3000
2 > Connection: Keep-Alive
2 > User-Agent: Apache-HttpClient/4.5.14 (Java/21)
2 > Accept-Encoding: gzip,deflate


23:06:07.077 [main] DEBUG com.intuit.karate - response time in milliseconds: 0
2 < 200
2 < X-Powered-By: Express
2 < Content-Type: application/json; charset=utf-8
2 < Content-Length: 109
2 < ETag: W/"6d-LPZcAVNdGRsbAiIzv8zWOkabgus"
2 < Date: Fri, 14 Aug 2026 04:06:07 GMT
2 < Connection: keep-alive
2 < Keep-Alive: timeout=5
{"status":"success","message":"Pet found","data":{"id":1786680367056,"name":"Bingo3","type":"Perro","age":1}}

23:06:07.087 [main] INFO  com.intuit.karate - karate.env system property was: null 
23:06:07.087 [main] DEBUG com.intuit.karate - request:
1 > POST http://localhost:3000/pets
1 > Content-Type: application/json; charset=UTF-8
1 > Content-Length: 40
1 > Host: localhost:3000
1 > Connection: Keep-Alive
1 > User-Agent: Apache-HttpClient/4.5.14 (Java/21)
1 > Accept-Encoding: gzip,deflate
{"name":"Bingo3","type":"Perro","age":1}

23:06:07.095 [main] DEBUG com.intuit.karate - response time in milliseconds: 2
1 < 201
1 < X-Powered-By: Express
1 < Content-Type: application/json; charset=utf-8
1 < Content-Length: 111
1 < ETag: W/"6f-CSugONalWgarGDJ7X7y8JXjGmLo"
1 < Date: Fri, 14 Aug 2026 04:06:07 GMT
1 < Connection: keep-alive
1 < Keep-Alive: timeout=5
{"status":"success","message":"Pet created","data":{"id":1786680367090,"name":"Bingo3","type":"Perro","age":1}}

23:06:07.097 [main] DEBUG com.intuit.karate - request:
2 > PUT http://localhost:3000/pets/1786680367090
2 > Content-Type: application/json; charset=UTF-8
2 > Content-Length: 40
2 > Host: localhost:3000
2 > Connection: Keep-Alive
2 > User-Agent: Apache-HttpClient/4.5.14 (Java/21)
2 > Accept-Encoding: gzip,deflate
{"name":"Bingo8","type":"Gato","age":10}

23:06:07.107 [main] DEBUG com.intuit.karate - response time in milliseconds: 10
2 < 200
2 < X-Powered-By: Express
2 < Content-Type: application/json; charset=utf-8
2 < Content-Length: 111
2 < ETag: W/"6f-dg0AITtFGpn4JWk4Mgjxn7WriZ8"
2 < Date: Fri, 14 Aug 2026 04:06:07 GMT
2 < Connection: keep-alive
2 < Keep-Alive: timeout=5
{"status":"success","message":"Pet updated","data":{"id":1786680367090,"name":"Bingo8","type":"Gato","age":10}}

23:06:07.117 [main] INFO  com.intuit.karate - karate.env system property was: null 
23:06:07.117 [main] DEBUG com.intuit.karate - request:
1 > POST http://localhost:3000/pets
1 > Content-Type: application/json; charset=UTF-8
1 > Content-Length: 40
1 > Host: localhost:3000
1 > Connection: Keep-Alive
1 > User-Agent: Apache-HttpClient/4.5.14 (Java/21)
1 > Accept-Encoding: gzip,deflate
{"name":"Bingo3","type":"Perro","age":1}

23:06:07.127 [main] DEBUG com.intuit.karate - response time in milliseconds: 10
1 < 201
1 < X-Powered-By: Express
1 < Content-Type: application/json; charset=utf-8
1 < Content-Length: 111
1 < ETag: W/"6f-Kh0RvR0uUPicps4flG6pyMZZ+mw"
1 < Date: Fri, 14 Aug 2026 04:06:07 GMT
1 < Connection: keep-alive
1 < Keep-Alive: timeout=5
{"status":"success","message":"Pet created","data":{"id":1786680367123,"name":"Bingo3","type":"Perro","age":1}}

23:06:07.127 [main] DEBUG com.intuit.karate - request:
2 > PATCH http://localhost:3000/pets/1786680367123
2 > Content-Type: application/json; charset=UTF-8
2 > Content-Length: 16
2 > Host: localhost:3000
2 > Connection: Keep-Alive
2 > User-Agent: Apache-HttpClient/4.5.14 (Java/21)
2 > Accept-Encoding: gzip,deflate
{"name":"Bluey"}

23:06:07.137 [main] DEBUG com.intuit.karate - response time in milliseconds: 10
2 < 200
2 < X-Powered-By: Express
2 < Content-Type: application/json; charset=utf-8
2 < Content-Length: 123
2 < ETag: W/"7b-KYzXetl030SXvlNn1i7gOOwnwv8"
2 < Date: Fri, 14 Aug 2026 04:06:07 GMT
2 < Connection: keep-alive
2 < Keep-Alive: timeout=5
{"status":"success","message":"Pet updated successfully","data":{"id":1786680367123,"name":"Bluey","type":"Perro","age":1}}

23:06:07.147 [main] INFO  com.intuit.karate - karate.env system property was: null 
23:06:07.147 [main] DEBUG com.intuit.karate - request:
1 > POST http://localhost:3000/pets
1 > Content-Type: application/json; charset=UTF-8
1 > Content-Length: 40
1 > Host: localhost:3000
1 > Connection: Keep-Alive
1 > User-Agent: Apache-HttpClient/4.5.14 (Java/21)
1 > Accept-Encoding: gzip,deflate
{"name":"Bingo3","type":"Perro","age":1}

23:06:07.147 [main] DEBUG com.intuit.karate - response time in milliseconds: 0
1 < 201
1 < X-Powered-By: Express
1 < Content-Type: application/json; charset=utf-8
1 < Content-Length: 111
1 < ETag: W/"6f-UyyD63EPLQygP3IMulbbm/wwjKg"
1 < Date: Fri, 14 Aug 2026 04:06:07 GMT
1 < Connection: keep-alive
1 < Keep-Alive: timeout=5
{"status":"success","message":"Pet created","data":{"id":1786680367150,"name":"Bingo3","type":"Perro","age":1}}

23:06:07.157 [main] DEBUG com.intuit.karate - request:
2 > DELETE http://localhost:3000/pets/1786680367150
2 > Host: localhost:3000
2 > Connection: Keep-Alive
2 > User-Agent: Apache-HttpClient/4.5.14 (Java/21)
2 > Accept-Encoding: gzip,deflate


23:06:07.161 [main] DEBUG com.intuit.karate - response time in milliseconds: 4
2 < 204
2 < X-Powered-By: Express
2 < ETag: W/"38-wb8iw8b8FsxeeJAkWfcWHgal72I"
2 < Date: Fri, 14 Aug 2026 04:06:07 GMT
2 < Connection: keep-alive
2 < Keep-Alive: timeout=5


23:06:07.170 [main] INFO  com.intuit.karate - karate.env system property was: null 
23:06:07.187 [main] DEBUG com.intuit.karate - request:
1 > POST http://localhost:3000/pets
1 > Content-Type: application/json; charset=UTF-8
1 > Content-Length: 41
1 > Host: localhost:3000
1 > Connection: Keep-Alive
1 > User-Agent: Apache-HttpClient/4.5.14 (Java/21)
1 > Accept-Encoding: gzip,deflate
{"name":"Bluey 1","type":"Perro","age":1}

23:06:07.187 [main] DEBUG com.intuit.karate - response time in milliseconds: 0
1 < 201
1 < X-Powered-By: Express
1 < Content-Type: application/json; charset=utf-8
1 < Content-Length: 112
1 < ETag: W/"70-yf6WX9AFtiYuIfM6P5tzuSEFlpU"
1 < Date: Fri, 14 Aug 2026 04:06:07 GMT
1 < Connection: keep-alive
1 < Keep-Alive: timeout=5
{"status":"success","message":"Pet created","data":{"id":1786680367186,"name":"Bluey 1","type":"Perro","age":1}}

23:06:07.197 [main] INFO  com.intuit.karate - karate.env system property was: null 
23:06:07.197 [main] DEBUG com.intuit.karate - request:
1 > POST http://localhost:3000/pets
1 > Content-Type: application/json; charset=UTF-8
1 > Content-Length: 40
1 > Host: localhost:3000
1 > Connection: Keep-Alive
1 > User-Agent: Apache-HttpClient/4.5.14 (Java/21)
1 > Accept-Encoding: gzip,deflate
{"name":"Bluey 2","type":"Gato","age":2}

23:06:07.207 [main] DEBUG com.intuit.karate - response time in milliseconds: 10
1 < 201
1 < X-Powered-By: Express
1 < Content-Type: application/json; charset=utf-8
1 < Content-Length: 111
1 < ETag: W/"6f-UYHNfwYu1nkrn51OFdW1LzKtCvM"
1 < Date: Fri, 14 Aug 2026 04:06:07 GMT
1 < Connection: keep-alive
1 < Keep-Alive: timeout=5
{"status":"success","message":"Pet created","data":{"id":1786680367203,"name":"Bluey 2","type":"Gato","age":2}}

23:06:07.217 [main] INFO  com.intuit.karate - karate.env system property was: null 
23:06:07.219 [main] DEBUG com.intuit.karate - request:
1 > POST http://localhost:3000/pets
1 > Content-Type: application/json; charset=UTF-8
1 > Content-Length: 40
1 > Host: localhost:3000
1 > Connection: Keep-Alive
1 > User-Agent: Apache-HttpClient/4.5.14 (Java/21)
1 > Accept-Encoding: gzip,deflate
{"name":"Bluey 3","type":"Loro","age":3}

23:06:07.219 [main] DEBUG com.intuit.karate - response time in milliseconds: 0
1 < 201
1 < X-Powered-By: Express
1 < Content-Type: application/json; charset=utf-8
1 < Content-Length: 111
1 < ETag: W/"6f-nhbPjInO25OeQHXaeZMXGo9RzWE"
1 < Date: Fri, 14 Aug 2026 04:06:07 GMT
1 < Connection: keep-alive
1 < Keep-Alive: timeout=5
{"status":"success","message":"Pet created","data":{"id":1786680367219,"name":"Bluey 3","type":"Loro","age":3}}

23:06:07.229 [main] INFO  com.intuit.karate - karate.env system property was: null 
23:06:07.229 [main] DEBUG com.intuit.karate - request:
1 > POST http://localhost:3000/pets
1 > Content-Type: application/json; charset=UTF-8
1 > Content-Length: 41
1 > Host: localhost:3000
1 > Connection: Keep-Alive
1 > User-Agent: Apache-HttpClient/4.5.14 (Java/21)
1 > Accept-Encoding: gzip,deflate
{"name":"Bluey 4","type":"Oveja","age":4}

23:06:07.239 [main] DEBUG com.intuit.karate - response time in milliseconds: 10
1 < 201
1 < X-Powered-By: Express
1 < Content-Type: application/json; charset=utf-8
1 < Content-Length: 112
1 < ETag: W/"70-7wdIuMkiFYEhNLEx/bwqi18CHYw"
1 < Date: Fri, 14 Aug 2026 04:06:07 GMT
1 < Connection: keep-alive
1 < Keep-Alive: timeout=5
{"status":"success","message":"Pet created","data":{"id":1786680367234,"name":"Bluey 4","type":"Oveja","age":4}}

23:06:07.249 [main] INFO  com.intuit.karate - karate.env system property was: null 
23:06:07.251 [main] DEBUG com.intuit.karate - request:
1 > POST http://localhost:3000/pets
1 > Content-Type: application/json; charset=UTF-8
1 > Content-Length: 41
1 > Host: localhost:3000
1 > Connection: Keep-Alive
1 > User-Agent: Apache-HttpClient/4.5.14 (Java/21)
1 > Accept-Encoding: gzip,deflate
{"name":"Bluey 5","type":"Perro","age":5}

23:06:07.257 [main] DEBUG com.intuit.karate - response time in milliseconds: 0
1 < 201
1 < X-Powered-By: Express
1 < Content-Type: application/json; charset=utf-8
1 < Content-Length: 112
1 < ETag: W/"70-DghJKDGgG2eiXiVK58ie9NqbACo"
1 < Date: Fri, 14 Aug 2026 04:06:07 GMT
1 < Connection: keep-alive
1 < Keep-Alive: timeout=5
{"status":"success","message":"Pet created","data":{"id":1786680367252,"name":"Bluey 5","type":"Perro","age":5}}

19:09:09.638 [main] DEBUG com.intuit.karate.Suite - [config] classpath:karate-config.js
19:09:10.655 [main] INFO  com.intuit.karate - karate.env system property was: null 
19:09:10.932 [main] DEBUG com.intuit.karate - request:
1 > POST http://localhost:3000/pets
1 > Content-Type: application/json; charset=UTF-8
1 > Content-Length: 40
1 > Host: localhost:3000
1 > Connection: Keep-Alive
1 > User-Agent: Apache-HttpClient/4.5.14 (Java/21)
1 > Accept-Encoding: gzip,deflate
{"name":"Bingo3","type":"Perro","age":1}

19:09:11.148 [main] DEBUG com.intuit.karate - response time in milliseconds: 213
1 < 201
1 < X-Powered-By: Express
1 < Content-Type: application/json; charset=utf-8
1 < Content-Length: 111
1 < ETag: W/"6f-TKolZv3soW135Z6t0jTdeEJcGOw"
1 < Date: Sat, 15 Aug 2026 00:09:11 GMT
1 < Connection: keep-alive
1 < Keep-Alive: timeout=5
{"status":"success","message":"Pet created","data":{"id":1786752551128,"name":"Bingo3","type":"Perro","age":1}}

19:09:11.180 [main] INFO  com.intuit.karate - karate.env system property was: null 
19:09:11.184 [main] DEBUG com.intuit.karate - request:
1 > POST http://localhost:3000/pets
1 > Content-Type: application/json; charset=UTF-8
1 > Content-Length: 40
1 > Host: localhost:3000
1 > Connection: Keep-Alive
1 > User-Agent: Apache-HttpClient/4.5.14 (Java/21)
1 > Accept-Encoding: gzip,deflate
{"name":"Bingo3","type":"Perro","age":1}

19:09:11.188 [main] DEBUG com.intuit.karate - response time in milliseconds: 3
1 < 201
1 < X-Powered-By: Express
1 < Content-Type: application/json; charset=utf-8
1 < Content-Length: 111
1 < ETag: W/"6f-6yi+BZmRgC1m1xYgajYybfqFmis"
1 < Date: Sat, 15 Aug 2026 00:09:11 GMT
1 < Connection: keep-alive
1 < Keep-Alive: timeout=5
{"status":"success","message":"Pet created","data":{"id":1786752551186,"name":"Bingo3","type":"Perro","age":1}}

19:09:11.204 [main] DEBUG com.intuit.karate - request:
2 > GET http://localhost:3000/pets/1786752551186
2 > Host: localhost:3000
2 > Connection: Keep-Alive
2 > User-Agent: Apache-HttpClient/4.5.14 (Java/21)
2 > Accept-Encoding: gzip,deflate


19:09:11.206 [main] DEBUG com.intuit.karate - response time in milliseconds: 2
2 < 200
2 < X-Powered-By: Express
2 < Content-Type: application/json; charset=utf-8
2 < Content-Length: 109
2 < ETag: W/"6d-0dUWeNLSIWbaE4X+v3oDhGpkBMg"
2 < Date: Sat, 15 Aug 2026 00:09:11 GMT
2 < Connection: keep-alive
2 < Keep-Alive: timeout=5
{"status":"success","message":"Pet found","data":{"id":1786752551186,"name":"Bingo3","type":"Perro","age":1}}

19:09:11.217 [main] INFO  com.intuit.karate - karate.env system property was: null 
19:09:11.220 [main] DEBUG com.intuit.karate - request:
1 > POST http://localhost:3000/pets
1 > Content-Type: application/json; charset=UTF-8
1 > Content-Length: 40
1 > Host: localhost:3000
1 > Connection: Keep-Alive
1 > User-Agent: Apache-HttpClient/4.5.14 (Java/21)
1 > Accept-Encoding: gzip,deflate
{"name":"Bingo3","type":"Perro","age":1}

19:09:11.223 [main] DEBUG com.intuit.karate - response time in milliseconds: 2
1 < 201
1 < X-Powered-By: Express
1 < Content-Type: application/json; charset=utf-8
1 < Content-Length: 111
1 < ETag: W/"6f-REJeUnQ6skdFtxm6TCOZ0PA+38s"
1 < Date: Sat, 15 Aug 2026 00:09:11 GMT
1 < Connection: keep-alive
1 < Keep-Alive: timeout=5
{"status":"success","message":"Pet created","data":{"id":1786752551221,"name":"Bingo3","type":"Perro","age":1}}

19:09:11.228 [main] DEBUG com.intuit.karate - request:
2 > PUT http://localhost:3000/pets/1786752551221
2 > Content-Type: application/json; charset=UTF-8
2 > Content-Length: 40
2 > Host: localhost:3000
2 > Connection: Keep-Alive
2 > User-Agent: Apache-HttpClient/4.5.14 (Java/21)
2 > Accept-Encoding: gzip,deflate
{"name":"Bingo8","type":"Gato","age":10}

19:09:11.235 [main] DEBUG com.intuit.karate - response time in milliseconds: 6
2 < 200
2 < X-Powered-By: Express
2 < Content-Type: application/json; charset=utf-8
2 < Content-Length: 111
2 < ETag: W/"6f-yjcMx3ebWRpv98fL9ptv+GtMBFc"
2 < Date: Sat, 15 Aug 2026 00:09:11 GMT
2 < Connection: keep-alive
2 < Keep-Alive: timeout=5
{"status":"success","message":"Pet updated","data":{"id":1786752551221,"name":"Bingo8","type":"Gato","age":10}}

19:09:11.247 [main] INFO  com.intuit.karate - karate.env system property was: null 
19:09:11.252 [main] DEBUG com.intuit.karate - request:
1 > POST http://localhost:3000/pets
1 > Content-Type: application/json; charset=UTF-8
1 > Content-Length: 40
1 > Host: localhost:3000
1 > Connection: Keep-Alive
1 > User-Agent: Apache-HttpClient/4.5.14 (Java/21)
1 > Accept-Encoding: gzip,deflate
{"name":"Bingo3","type":"Perro","age":1}

19:09:11.255 [main] DEBUG com.intuit.karate - response time in milliseconds: 3
1 < 201
1 < X-Powered-By: Express
1 < Content-Type: application/json; charset=utf-8
1 < Content-Length: 111
1 < ETag: W/"6f-JH+5PPxe4aUkGHe0ZdxKd1fMvBQ"
1 < Date: Sat, 15 Aug 2026 00:09:11 GMT
1 < Connection: keep-alive
1 < Keep-Alive: timeout=5
{"status":"success","message":"Pet created","data":{"id":1786752551253,"name":"Bingo3","type":"Perro","age":1}}

19:09:11.259 [main] DEBUG com.intuit.karate - request:
2 > PATCH http://localhost:3000/pets/1786752551253
2 > Content-Type: application/json; charset=UTF-8
2 > Content-Length: 16
2 > Host: localhost:3000
2 > Connection: Keep-Alive
2 > User-Agent: Apache-HttpClient/4.5.14 (Java/21)
2 > Accept-Encoding: gzip,deflate
{"name":"Bluey"}

19:09:11.266 [main] DEBUG com.intuit.karate - response time in milliseconds: 6
2 < 200
2 < X-Powered-By: Express
2 < Content-Type: application/json; charset=utf-8
2 < Content-Length: 123
2 < ETag: W/"7b-sxnLs09gtUMQkbiHaDooigF5vNs"
2 < Date: Sat, 15 Aug 2026 00:09:11 GMT
2 < Connection: keep-alive
2 < Keep-Alive: timeout=5
{"status":"success","message":"Pet updated successfully","data":{"id":1786752551253,"name":"Bluey","type":"Perro","age":1}}

19:09:11.275 [main] INFO  com.intuit.karate - karate.env system property was: null 
19:09:11.280 [main] DEBUG com.intuit.karate - request:
1 > POST http://localhost:3000/pets
1 > Content-Type: application/json; charset=UTF-8
1 > Content-Length: 40
1 > Host: localhost:3000
1 > Connection: Keep-Alive
1 > User-Agent: Apache-HttpClient/4.5.14 (Java/21)
1 > Accept-Encoding: gzip,deflate
{"name":"Bingo3","type":"Perro","age":1}

19:09:11.282 [main] DEBUG com.intuit.karate - response time in milliseconds: 2
1 < 201
1 < X-Powered-By: Express
1 < Content-Type: application/json; charset=utf-8
1 < Content-Length: 111
1 < ETag: W/"6f-zUM2hqP8Ju79yb8eqDaSRrvOgo0"
1 < Date: Sat, 15 Aug 2026 00:09:11 GMT
1 < Connection: keep-alive
1 < Keep-Alive: timeout=5
{"status":"success","message":"Pet created","data":{"id":1786752551281,"name":"Bingo3","type":"Perro","age":1}}

19:09:11.285 [main] DEBUG com.intuit.karate - request:
2 > DELETE http://localhost:3000/pets/1786752551281
2 > Host: localhost:3000
2 > Connection: Keep-Alive
2 > User-Agent: Apache-HttpClient/4.5.14 (Java/21)
2 > Accept-Encoding: gzip,deflate


19:09:11.293 [main] DEBUG com.intuit.karate - response time in milliseconds: 7
2 < 204
2 < X-Powered-By: Express
2 < ETag: W/"38-wb8iw8b8FsxeeJAkWfcWHgal72I"
2 < Date: Sat, 15 Aug 2026 00:09:11 GMT
2 < Connection: keep-alive
2 < Keep-Alive: timeout=5


19:09:11.302 [main] INFO  com.intuit.karate - karate.env system property was: null 
19:09:11.316 [main] DEBUG com.intuit.karate - request:
1 > POST http://localhost:3000/pets
1 > Content-Type: application/json; charset=UTF-8
1 > Content-Length: 41
1 > Host: localhost:3000
1 > Connection: Keep-Alive
1 > User-Agent: Apache-HttpClient/4.5.14 (Java/21)
1 > Accept-Encoding: gzip,deflate
{"name":"Bluey 1","type":"Perro","age":1}

19:09:11.318 [main] DEBUG com.intuit.karate - response time in milliseconds: 2
1 < 201
1 < X-Powered-By: Express
1 < Content-Type: application/json; charset=utf-8
1 < Content-Length: 112
1 < ETag: W/"70-20v3crB5+jjI59UPdOIhjnKAtyg"
1 < Date: Sat, 15 Aug 2026 00:09:11 GMT
1 < Connection: keep-alive
1 < Keep-Alive: timeout=5
{"status":"success","message":"Pet created","data":{"id":1786752551317,"name":"Bluey 1","type":"Perro","age":1}}

19:09:11.327 [main] INFO  com.intuit.karate - karate.env system property was: null 
19:09:11.331 [main] DEBUG com.intuit.karate - request:
1 > POST http://localhost:3000/pets
1 > Content-Type: application/json; charset=UTF-8
1 > Content-Length: 40
1 > Host: localhost:3000
1 > Connection: Keep-Alive
1 > User-Agent: Apache-HttpClient/4.5.14 (Java/21)
1 > Accept-Encoding: gzip,deflate
{"name":"Bluey 2","type":"Gato","age":2}

19:09:11.333 [main] DEBUG com.intuit.karate - response time in milliseconds: 2
1 < 201
1 < X-Powered-By: Express
1 < Content-Type: application/json; charset=utf-8
1 < Content-Length: 111
1 < ETag: W/"6f-3SC7joh1OtMH3Fkv7c34G/sp4M0"
1 < Date: Sat, 15 Aug 2026 00:09:11 GMT
1 < Connection: keep-alive
1 < Keep-Alive: timeout=5
{"status":"success","message":"Pet created","data":{"id":1786752551332,"name":"Bluey 2","type":"Gato","age":2}}

19:09:11.341 [main] INFO  com.intuit.karate - karate.env system property was: null 
19:09:11.344 [main] DEBUG com.intuit.karate - request:
1 > POST http://localhost:3000/pets
1 > Content-Type: application/json; charset=UTF-8
1 > Content-Length: 40
1 > Host: localhost:3000
1 > Connection: Keep-Alive
1 > User-Agent: Apache-HttpClient/4.5.14 (Java/21)
1 > Accept-Encoding: gzip,deflate
{"name":"Bluey 3","type":"Loro","age":3}

19:09:11.347 [main] DEBUG com.intuit.karate - response time in milliseconds: 3
1 < 201
1 < X-Powered-By: Express
1 < Content-Type: application/json; charset=utf-8
1 < Content-Length: 111
1 < ETag: W/"6f-/xiuoHhN0NbEmzbpJ+VLfWvzPrA"
1 < Date: Sat, 15 Aug 2026 00:09:11 GMT
1 < Connection: keep-alive
1 < Keep-Alive: timeout=5
{"status":"success","message":"Pet created","data":{"id":1786752551345,"name":"Bluey 3","type":"Loro","age":3}}

19:09:11.355 [main] INFO  com.intuit.karate - karate.env system property was: null 
19:09:11.357 [main] DEBUG com.intuit.karate - request:
1 > POST http://localhost:3000/pets
1 > Content-Type: application/json; charset=UTF-8
1 > Content-Length: 41
1 > Host: localhost:3000
1 > Connection: Keep-Alive
1 > User-Agent: Apache-HttpClient/4.5.14 (Java/21)
1 > Accept-Encoding: gzip,deflate
{"name":"Bluey 4","type":"Oveja","age":4}

19:09:11.362 [main] DEBUG com.intuit.karate - response time in milliseconds: 3
1 < 201
1 < X-Powered-By: Express
1 < Content-Type: application/json; charset=utf-8
1 < Content-Length: 112
1 < ETag: W/"70-j2SPji1AAU2Ttyccfk0VtDJ1Xdw"
1 < Date: Sat, 15 Aug 2026 00:09:11 GMT
1 < Connection: keep-alive
1 < Keep-Alive: timeout=5
{"status":"success","message":"Pet created","data":{"id":1786752551359,"name":"Bluey 4","type":"Oveja","age":4}}

19:09:11.369 [main] INFO  com.intuit.karate - karate.env system property was: null 
19:09:11.373 [main] DEBUG com.intuit.karate - request:
1 > POST http://localhost:3000/pets
1 > Content-Type: application/json; charset=UTF-8
1 > Content-Length: 41
1 > Host: localhost:3000
1 > Connection: Keep-Alive
1 > User-Agent: Apache-HttpClient/4.5.14 (Java/21)
1 > Accept-Encoding: gzip,deflate
{"name":"Bluey 5","type":"Perro","age":5}

19:09:11.377 [main] DEBUG com.intuit.karate - response time in milliseconds: 3
1 < 201
1 < X-Powered-By: Express
1 < Content-Type: application/json; charset=utf-8
1 < Content-Length: 112
1 < ETag: W/"70-qnGp8VtzyUomntjnN/x1VAndetQ"
1 < Date: Sat, 15 Aug 2026 00:09:11 GMT
1 < Connection: keep-alive
1 < Keep-Alive: timeout=5
{"status":"success","message":"Pet created","data":{"id":1786752551375,"name":"Bluey 5","type":"Perro","age":5}}

19:09:11.386 [main] INFO  com.intuit.karate - karate.env system property was: null 
19:09:11.390 [main] DEBUG com.intuit.karate - request:
1 > POST http://localhost:3000/pets
1 > Content-Type: application/json; charset=UTF-8
1 > Content-Length: 52
1 > Host: localhost:3000
1 > Connection: Keep-Alive
1 > User-Agent: Apache-HttpClient/4.5.14 (Java/21)
1 > Accept-Encoding: gzip,deflate
{"name":"Bluey 1 hhhhhhhhhh","type":"Perro","age":1}

19:09:11.394 [main] DEBUG com.intuit.karate - response time in milliseconds: 4
1 < 201
1 < X-Powered-By: Express
1 < Content-Type: application/json; charset=utf-8
1 < Content-Length: 123
1 < ETag: W/"7b-za6PdV06zXPkbDE4bmo68f9OrGQ"
1 < Date: Sat, 15 Aug 2026 00:09:11 GMT
1 < Connection: keep-alive
1 < Keep-Alive: timeout=5
{"status":"success","message":"Pet created","data":{"id":1786752551392,"name":"Bluey 1 hhhhhhhhhh","type":"Perro","age":1}}

19:09:11.404 [main] INFO  com.intuit.karate - karate.env system property was: null 
19:09:11.408 [main] DEBUG com.intuit.karate - request:
1 > POST http://localhost:3000/pets
1 > Content-Type: application/json; charset=UTF-8
1 > Content-Length: 44
1 > Host: localhost:3000
1 > Connection: Keep-Alive
1 > User-Agent: Apache-HttpClient/4.5.14 (Java/21)
1 > Accept-Encoding: gzip,deflate
{"name":"Bluey 2 !!!","type":"Gato","age":2}

19:09:11.412 [main] DEBUG com.intuit.karate - response time in milliseconds: 3
1 < 201
1 < X-Powered-By: Express
1 < Content-Type: application/json; charset=utf-8
1 < Content-Length: 115
1 < ETag: W/"73-1Kf4BNqy5iLg5NoPk9brQD3XA6w"
1 < Date: Sat, 15 Aug 2026 00:09:11 GMT
1 < Connection: keep-alive
1 < Keep-Alive: timeout=5
{"status":"success","message":"Pet created","data":{"id":1786752551410,"name":"Bluey 2 !!!","type":"Gato","age":2}}

19:25:16.200 [main] DEBUG com.intuit.karate.Suite - [config] classpath:karate-config.js
19:25:17.111 [main] INFO  com.intuit.karate - karate.env system property was: null 
19:25:17.366 [main] DEBUG com.intuit.karate - request:
1 > POST http://localhost:3000/pets
1 > Content-Type: application/json; charset=UTF-8
1 > Content-Length: 40
1 > Host: localhost:3000
1 > Connection: Keep-Alive
1 > User-Agent: Apache-HttpClient/4.5.14 (Java/21)
1 > Accept-Encoding: gzip,deflate
{"name":"Bingo3","type":"Perro","age":1}

19:25:17.382 [main] DEBUG com.intuit.karate - response time in milliseconds: 16
1 < 201
1 < X-Powered-By: Express
1 < Content-Type: application/json; charset=utf-8
1 < Content-Length: 111
1 < ETag: W/"6f-aMbd2BEDj9nMdbyrFxZDhjmoFHk"
1 < Date: Sat, 15 Aug 2026 00:25:17 GMT
1 < Connection: keep-alive
1 < Keep-Alive: timeout=5
{"status":"success","message":"Pet created","data":{"id":1786753517382,"name":"Bingo3","type":"Perro","age":1}}

19:25:17.417 [main] INFO  com.intuit.karate - karate.env system property was: null 
19:25:17.424 [main] DEBUG com.intuit.karate - request:
1 > POST http://localhost:3000/pets
1 > Content-Type: application/json; charset=UTF-8
1 > Content-Length: 40
1 > Host: localhost:3000
1 > Connection: Keep-Alive
1 > User-Agent: Apache-HttpClient/4.5.14 (Java/21)
1 > Accept-Encoding: gzip,deflate
{"name":"Bingo3","type":"Perro","age":1}

19:25:17.427 [main] DEBUG com.intuit.karate - response time in milliseconds: 3
1 < 201
1 < X-Powered-By: Express
1 < Content-Type: application/json; charset=utf-8
1 < Content-Length: 111
1 < ETag: W/"6f-hQMOZ4Cy4+9MmtvZeag/nh3psv8"
1 < Date: Sat, 15 Aug 2026 00:25:17 GMT
1 < Connection: keep-alive
1 < Keep-Alive: timeout=5
{"status":"success","message":"Pet created","data":{"id":1786753517425,"name":"Bingo3","type":"Perro","age":1}}

19:25:17.446 [main] DEBUG com.intuit.karate - request:
2 > GET http://localhost:3000/pets/1786753517425
2 > Host: localhost:3000
2 > Connection: Keep-Alive
2 > User-Agent: Apache-HttpClient/4.5.14 (Java/21)
2 > Accept-Encoding: gzip,deflate


19:25:17.446 [main] DEBUG com.intuit.karate - response time in milliseconds: 0
2 < 200
2 < X-Powered-By: Express
2 < Content-Type: application/json; charset=utf-8
2 < Content-Length: 109
2 < ETag: W/"6d-6MKSyYU5fg3I9rfBsHEMGZFXqDU"
2 < Date: Sat, 15 Aug 2026 00:25:17 GMT
2 < Connection: keep-alive
2 < Keep-Alive: timeout=5
{"status":"success","message":"Pet found","data":{"id":1786753517425,"name":"Bingo3","type":"Perro","age":1}}

19:25:17.453 [main] INFO  com.intuit.karate - karate.env system property was: null 
19:25:17.453 [main] DEBUG com.intuit.karate - request:
1 > POST http://localhost:3000/pets
1 > Content-Type: application/json; charset=UTF-8
1 > Content-Length: 40
1 > Host: localhost:3000
1 > Connection: Keep-Alive
1 > User-Agent: Apache-HttpClient/4.5.14 (Java/21)
1 > Accept-Encoding: gzip,deflate
{"name":"Bingo3","type":"Perro","age":1}

19:25:17.453 [main] DEBUG com.intuit.karate - response time in milliseconds: 0
1 < 201
1 < X-Powered-By: Express
1 < Content-Type: application/json; charset=utf-8
1 < Content-Length: 111
1 < ETag: W/"6f-XB54imrIpuDwr416rUSk3O0Ebuc"
1 < Date: Sat, 15 Aug 2026 00:25:17 GMT
1 < Connection: keep-alive
1 < Keep-Alive: timeout=5
{"status":"success","message":"Pet created","data":{"id":1786753517458,"name":"Bingo3","type":"Perro","age":1}}

19:25:17.467 [main] DEBUG com.intuit.karate - request:
2 > PUT http://localhost:3000/pets/1786753517458
2 > Content-Type: application/json; charset=UTF-8
2 > Content-Length: 40
2 > Host: localhost:3000
2 > Connection: Keep-Alive
2 > User-Agent: Apache-HttpClient/4.5.14 (Java/21)
2 > Accept-Encoding: gzip,deflate
{"name":"Bingo8","type":"Gato","age":10}

19:25:17.475 [main] DEBUG com.intuit.karate - response time in milliseconds: 8
2 < 200
2 < X-Powered-By: Express
2 < Content-Type: application/json; charset=utf-8
2 < Content-Length: 111
2 < ETag: W/"6f-LRLr4gH0bACueDhIucxy1o5VuuE"
2 < Date: Sat, 15 Aug 2026 00:25:17 GMT
2 < Connection: keep-alive
2 < Keep-Alive: timeout=5
{"status":"success","message":"Pet updated","data":{"id":1786753517458,"name":"Bingo8","type":"Gato","age":10}}

19:25:17.483 [main] INFO  com.intuit.karate - karate.env system property was: null 
19:25:17.483 [main] DEBUG com.intuit.karate - request:
1 > POST http://localhost:3000/pets
1 > Content-Type: application/json; charset=UTF-8
1 > Content-Length: 40
1 > Host: localhost:3000
1 > Connection: Keep-Alive
1 > User-Agent: Apache-HttpClient/4.5.14 (Java/21)
1 > Accept-Encoding: gzip,deflate
{"name":"Bingo3","type":"Perro","age":1}

19:25:17.492 [main] DEBUG com.intuit.karate - response time in milliseconds: 9
1 < 201
1 < X-Powered-By: Express
1 < Content-Type: application/json; charset=utf-8
1 < Content-Length: 111
1 < ETag: W/"6f-PzWs2RSVpBDn5+c0pJyCMs8zJzo"
1 < Date: Sat, 15 Aug 2026 00:25:17 GMT
1 < Connection: keep-alive
1 < Keep-Alive: timeout=5
{"status":"success","message":"Pet created","data":{"id":1786753517488,"name":"Bingo3","type":"Perro","age":1}}

19:25:17.492 [main] DEBUG com.intuit.karate - request:
2 > PATCH http://localhost:3000/pets/1786753517488
2 > Content-Type: application/json; charset=UTF-8
2 > Content-Length: 16
2 > Host: localhost:3000
2 > Connection: Keep-Alive
2 > User-Agent: Apache-HttpClient/4.5.14 (Java/21)
2 > Accept-Encoding: gzip,deflate
{"name":"Bluey"}

19:25:17.502 [main] DEBUG com.intuit.karate - response time in milliseconds: 10
2 < 200
2 < X-Powered-By: Express
2 < Content-Type: application/json; charset=utf-8
2 < Content-Length: 123
2 < ETag: W/"7b-eUzOykf8v+3hQ5dMc0AQoT46j88"
2 < Date: Sat, 15 Aug 2026 00:25:17 GMT
2 < Connection: keep-alive
2 < Keep-Alive: timeout=5
{"status":"success","message":"Pet updated successfully","data":{"id":1786753517488,"name":"Bluey","type":"Perro","age":1}}

19:25:17.513 [main] INFO  com.intuit.karate - karate.env system property was: null 
19:25:17.513 [main] DEBUG com.intuit.karate - request:
1 > POST http://localhost:3000/pets
1 > Content-Type: application/json; charset=UTF-8
1 > Content-Length: 40
1 > Host: localhost:3000
1 > Connection: Keep-Alive
1 > User-Agent: Apache-HttpClient/4.5.14 (Java/21)
1 > Accept-Encoding: gzip,deflate
{"name":"Bingo3","type":"Perro","age":1}

19:25:17.520 [main] DEBUG com.intuit.karate - response time in milliseconds: 7
1 < 201
1 < X-Powered-By: Express
1 < Content-Type: application/json; charset=utf-8
1 < Content-Length: 111
1 < ETag: W/"6f-hO7BYI8drlk73Y+iGHtzQDgChog"
1 < Date: Sat, 15 Aug 2026 00:25:17 GMT
1 < Connection: keep-alive
1 < Keep-Alive: timeout=5
{"status":"success","message":"Pet created","data":{"id":1786753517515,"name":"Bingo3","type":"Perro","age":1}}

19:25:17.522 [main] DEBUG com.intuit.karate - request:
2 > DELETE http://localhost:3000/pets/1786753517515
2 > Host: localhost:3000
2 > Connection: Keep-Alive
2 > User-Agent: Apache-HttpClient/4.5.14 (Java/21)
2 > Accept-Encoding: gzip,deflate


19:25:17.529 [main] DEBUG com.intuit.karate - response time in milliseconds: 7
2 < 204
2 < X-Powered-By: Express
2 < ETag: W/"38-wb8iw8b8FsxeeJAkWfcWHgal72I"
2 < Date: Sat, 15 Aug 2026 00:25:17 GMT
2 < Connection: keep-alive
2 < Keep-Alive: timeout=5


19:25:17.535 [main] INFO  com.intuit.karate - karate.env system property was: null 
19:25:17.550 [main] DEBUG com.intuit.karate - request:
1 > POST http://localhost:3000/pets
1 > Content-Type: application/json; charset=UTF-8
1 > Content-Length: 41
1 > Host: localhost:3000
1 > Connection: Keep-Alive
1 > User-Agent: Apache-HttpClient/4.5.14 (Java/21)
1 > Accept-Encoding: gzip,deflate
{"name":"Bluey 1","type":"Perro","age":1}

19:25:17.550 [main] DEBUG com.intuit.karate - response time in milliseconds: 0
1 < 201
1 < X-Powered-By: Express
1 < Content-Type: application/json; charset=utf-8
1 < Content-Length: 112
1 < ETag: W/"70-gAttbsNPy5Ena8IXOu9WYKpku9A"
1 < Date: Sat, 15 Aug 2026 00:25:17 GMT
1 < Connection: keep-alive
1 < Keep-Alive: timeout=5
{"status":"success","message":"Pet created","data":{"id":1786753517548,"name":"Bluey 1","type":"Perro","age":1}}

19:25:17.559 [main] INFO  com.intuit.karate - karate.env system property was: null 
19:25:17.559 [main] DEBUG com.intuit.karate - request:
1 > POST http://localhost:3000/pets
1 > Content-Type: application/json; charset=UTF-8
1 > Content-Length: 40
1 > Host: localhost:3000
1 > Connection: Keep-Alive
1 > User-Agent: Apache-HttpClient/4.5.14 (Java/21)
1 > Accept-Encoding: gzip,deflate
{"name":"Bluey 2","type":"Gato","age":2}

19:25:17.559 [main] DEBUG com.intuit.karate - response time in milliseconds: 0
1 < 201
1 < X-Powered-By: Express
1 < Content-Type: application/json; charset=utf-8
1 < Content-Length: 111
1 < ETag: W/"6f-4VzyLWoe+KA8c1OUCx2gUdqojdg"
1 < Date: Sat, 15 Aug 2026 00:25:17 GMT
1 < Connection: keep-alive
1 < Keep-Alive: timeout=5
{"status":"success","message":"Pet created","data":{"id":1786753517562,"name":"Bluey 2","type":"Gato","age":2}}

19:25:17.571 [main] INFO  com.intuit.karate - karate.env system property was: null 
19:25:17.571 [main] DEBUG com.intuit.karate - request:
1 > POST http://localhost:3000/pets
1 > Content-Type: application/json; charset=UTF-8
1 > Content-Length: 40
1 > Host: localhost:3000
1 > Connection: Keep-Alive
1 > User-Agent: Apache-HttpClient/4.5.14 (Java/21)
1 > Accept-Encoding: gzip,deflate
{"name":"Bluey 3","type":"Loro","age":3}

19:25:17.571 [main] DEBUG com.intuit.karate - response time in milliseconds: 0
1 < 201
1 < X-Powered-By: Express
1 < Content-Type: application/json; charset=utf-8
1 < Content-Length: 111
1 < ETag: W/"6f-V1gmW14J+EPc58blkODRnWtOCa4"
1 < Date: Sat, 15 Aug 2026 00:25:17 GMT
1 < Connection: keep-alive
1 < Keep-Alive: timeout=5
{"status":"success","message":"Pet created","data":{"id":1786753517576,"name":"Bluey 3","type":"Loro","age":3}}

19:25:17.587 [main] INFO  com.intuit.karate - karate.env system property was: null 
19:25:17.587 [main] DEBUG com.intuit.karate - request:
1 > POST http://localhost:3000/pets
1 > Content-Type: application/json; charset=UTF-8
1 > Content-Length: 41
1 > Host: localhost:3000
1 > Connection: Keep-Alive
1 > User-Agent: Apache-HttpClient/4.5.14 (Java/21)
1 > Accept-Encoding: gzip,deflate
{"name":"Bluey 4","type":"Oveja","age":4}

19:25:17.594 [main] DEBUG com.intuit.karate - response time in milliseconds: 7
1 < 201
1 < X-Powered-By: Express
1 < Content-Type: application/json; charset=utf-8
1 < Content-Length: 112
1 < ETag: W/"70-JpahQpVlW375/wEhRJu0kL34d3c"
1 < Date: Sat, 15 Aug 2026 00:25:17 GMT
1 < Connection: keep-alive
1 < Keep-Alive: timeout=5
{"status":"success","message":"Pet created","data":{"id":1786753517591,"name":"Bluey 4","type":"Oveja","age":4}}

19:25:17.603 [main] INFO  com.intuit.karate - karate.env system property was: null 
19:25:17.603 [main] DEBUG com.intuit.karate - request:
1 > POST http://localhost:3000/pets
1 > Content-Type: application/json; charset=UTF-8
1 > Content-Length: 41
1 > Host: localhost:3000
1 > Connection: Keep-Alive
1 > User-Agent: Apache-HttpClient/4.5.14 (Java/21)
1 > Accept-Encoding: gzip,deflate
{"name":"Bluey 5","type":"Perro","age":5}

19:25:17.603 [main] DEBUG com.intuit.karate - response time in milliseconds: 0
1 < 201
1 < X-Powered-By: Express
1 < Content-Type: application/json; charset=utf-8
1 < Content-Length: 112
1 < ETag: W/"70-VvPlv7PFfugqNLKs+98rHCRsd7s"
1 < Date: Sat, 15 Aug 2026 00:25:17 GMT
1 < Connection: keep-alive
1 < Keep-Alive: timeout=5
{"status":"success","message":"Pet created","data":{"id":1786753517608,"name":"Bluey 5","type":"Perro","age":5}}

19:25:17.622 [main] INFO  com.intuit.karate - karate.env system property was: null 
19:25:17.622 [main] DEBUG com.intuit.karate - request:
1 > POST http://localhost:3000/pets
1 > Content-Type: application/json; charset=UTF-8
1 > Content-Length: 52
1 > Host: localhost:3000
1 > Connection: Keep-Alive
1 > User-Agent: Apache-HttpClient/4.5.14 (Java/21)
1 > Accept-Encoding: gzip,deflate
{"name":"Bluey 1 hhhhhhhhhh","type":"Perro","age":1}

19:25:17.622 [main] DEBUG com.intuit.karate - response time in milliseconds: 0
1 < 201
1 < X-Powered-By: Express
1 < Content-Type: application/json; charset=utf-8
1 < Content-Length: 123
1 < ETag: W/"7b-ty/I9JgN62Cn03Kms9C7u4Xb3C8"
1 < Date: Sat, 15 Aug 2026 00:25:17 GMT
1 < Connection: keep-alive
1 < Keep-Alive: timeout=5
{"status":"success","message":"Pet created","data":{"id":1786753517622,"name":"Bluey 1 hhhhhhhhhh","type":"Perro","age":1}}

19:25:17.631 [main] INFO  com.intuit.karate - karate.env system property was: null 
19:25:17.635 [main] DEBUG com.intuit.karate - request:
1 > POST http://localhost:3000/pets
1 > Content-Type: application/json; charset=UTF-8
1 > Content-Length: 44
1 > Host: localhost:3000
1 > Connection: Keep-Alive
1 > User-Agent: Apache-HttpClient/4.5.14 (Java/21)
1 > Accept-Encoding: gzip,deflate
{"name":"Bluey 2 !!!","type":"Gato","age":2}

19:25:17.635 [main] DEBUG com.intuit.karate - response time in milliseconds: 0
1 < 201
1 < X-Powered-By: Express
1 < Content-Type: application/json; charset=utf-8
1 < Content-Length: 115
1 < ETag: W/"73-qS6cvokfgAJFeWAsCn9GxfLYLlI"
1 < Date: Sat, 15 Aug 2026 00:25:17 GMT
1 < Connection: keep-alive
1 < Keep-Alive: timeout=5
{"status":"success","message":"Pet created","data":{"id":1786753517634,"name":"Bluey 2 !!!","type":"Gato","age":2}}

19:25:17.645 [main] INFO  com.intuit.karate - karate.env system property was: null 
19:25:17.660 [main] DEBUG com.intuit.karate - request:
1 > POST http://localhost:3000/pets
1 > Content-Type: application/json; charset=UTF-8
1 > Content-Length: 43
1 > Host: localhost:3000
1 > Connection: Keep-Alive
1 > User-Agent: Apache-HttpClient/4.5.14 (Java/21)
1 > Accept-Encoding: gzip,deflate
{"name":"Bingo8888","type":"Perro","age":1}

19:25:17.665 [main] DEBUG com.intuit.karate - response time in milliseconds: 5
1 < 201
1 < X-Powered-By: Express
1 < Content-Type: application/json; charset=utf-8
1 < Content-Length: 114
1 < ETag: W/"72-VgIthrKDnUUSOGF8qb4bZRKEsXU"
1 < Date: Sat, 15 Aug 2026 00:25:17 GMT
1 < Connection: keep-alive
1 < Keep-Alive: timeout=5
{"status":"success","message":"Pet created","data":{"id":1786753517661,"name":"Bingo8888","type":"Perro","age":1}}

19:37:21.790 [main] DEBUG com.intuit.karate.Suite - [config] classpath:karate-config.js
19:37:22.720 [main] INFO  com.intuit.karate - karate.env system property was: null 
19:37:22.974 [main] DEBUG com.intuit.karate - request:
1 > POST http://localhost:3000/pets
1 > Content-Type: application/json; charset=UTF-8
1 > Content-Length: 40
1 > Host: localhost:3000
1 > Connection: Keep-Alive
1 > User-Agent: Apache-HttpClient/4.5.14 (Java/21)
1 > Accept-Encoding: gzip,deflate
{"name":"Bingo3","type":"Perro","age":1}

19:37:23.004 [main] DEBUG com.intuit.karate - response time in milliseconds: 28
1 < 201
1 < X-Powered-By: Express
1 < Content-Type: application/json; charset=utf-8
1 < Content-Length: 111
1 < ETag: W/"6f-C+VYvx46YgtnqsEarq2RtZB77PY"
1 < Date: Sat, 15 Aug 2026 00:37:22 GMT
1 < Connection: keep-alive
1 < Keep-Alive: timeout=5
{"status":"success","message":"Pet created","data":{"id":1786754242990,"name":"Bingo3","type":"Perro","age":1}}

19:37:23.025 [main] INFO  com.intuit.karate - karate.env system property was: null 
19:37:23.034 [main] DEBUG com.intuit.karate - request:
1 > POST http://localhost:3000/pets
1 > Content-Type: application/json; charset=UTF-8
1 > Content-Length: 40
1 > Host: localhost:3000
1 > Connection: Keep-Alive
1 > User-Agent: Apache-HttpClient/4.5.14 (Java/21)
1 > Accept-Encoding: gzip,deflate
{"name":"Bingo3","type":"Perro","age":1}

19:37:23.034 [main] DEBUG com.intuit.karate - response time in milliseconds: 0
1 < 201
1 < X-Powered-By: Express
1 < Content-Type: application/json; charset=utf-8
1 < Content-Length: 111
1 < ETag: W/"6f-0TuVgd2VGVwRalMG9DAvOg+A7cA"
1 < Date: Sat, 15 Aug 2026 00:37:23 GMT
1 < Connection: keep-alive
1 < Keep-Alive: timeout=5
{"status":"success","message":"Pet created","data":{"id":1786754243029,"name":"Bingo3","type":"Perro","age":1}}

19:37:23.049 [main] DEBUG com.intuit.karate - request:
2 > GET http://localhost:3000/pets/1786754243029
2 > Host: localhost:3000
2 > Connection: Keep-Alive
2 > User-Agent: Apache-HttpClient/4.5.14 (Java/21)
2 > Accept-Encoding: gzip,deflate


19:37:23.049 [main] DEBUG com.intuit.karate - response time in milliseconds: 0
2 < 200
2 < X-Powered-By: Express
2 < Content-Type: application/json; charset=utf-8
2 < Content-Length: 109
2 < ETag: W/"6d-5dlM45MO6Vjbl3XydQXhI7MJm6s"
2 < Date: Sat, 15 Aug 2026 00:37:23 GMT
2 < Connection: keep-alive
2 < Keep-Alive: timeout=5
{"status":"success","message":"Pet found","data":{"id":1786754243029,"name":"Bingo3","type":"Perro","age":1}}

19:37:23.059 [main] INFO  com.intuit.karate - karate.env system property was: null 
19:37:23.059 [main] DEBUG com.intuit.karate - request:
1 > POST http://localhost:3000/pets
1 > Content-Type: application/json; charset=UTF-8
1 > Content-Length: 40
1 > Host: localhost:3000
1 > Connection: Keep-Alive
1 > User-Agent: Apache-HttpClient/4.5.14 (Java/21)
1 > Accept-Encoding: gzip,deflate
{"name":"Bingo3","type":"Perro","age":1}

19:37:23.070 [main] DEBUG com.intuit.karate - response time in milliseconds: 11
1 < 201
1 < X-Powered-By: Express
1 < Content-Type: application/json; charset=utf-8
1 < Content-Length: 111
1 < ETag: W/"6f-do1vIsRdT4+O0w1W9Xd47E1Akw8"
1 < Date: Sat, 15 Aug 2026 00:37:23 GMT
1 < Connection: keep-alive
1 < Keep-Alive: timeout=5
{"status":"success","message":"Pet created","data":{"id":1786754243061,"name":"Bingo3","type":"Perro","age":1}}

19:37:23.070 [main] DEBUG com.intuit.karate - request:
2 > PUT http://localhost:3000/pets/1786754243061
2 > Content-Type: application/json; charset=UTF-8
2 > Content-Length: 40
2 > Host: localhost:3000
2 > Connection: Keep-Alive
2 > User-Agent: Apache-HttpClient/4.5.14 (Java/21)
2 > Accept-Encoding: gzip,deflate
{"name":"Bingo8","type":"Gato","age":10}

19:37:23.074 [main] DEBUG com.intuit.karate - response time in milliseconds: 4
2 < 200
2 < X-Powered-By: Express
2 < Content-Type: application/json; charset=utf-8
2 < Content-Length: 111
2 < ETag: W/"6f-fb988YbxQUfiEmNhjCFISnj7CH0"
2 < Date: Sat, 15 Aug 2026 00:37:23 GMT
2 < Connection: keep-alive
2 < Keep-Alive: timeout=5
{"status":"success","message":"Pet updated","data":{"id":1786754243061,"name":"Bingo8","type":"Gato","age":10}}

19:37:23.087 [main] INFO  com.intuit.karate - karate.env system property was: null 
19:37:23.087 [main] DEBUG com.intuit.karate - request:
1 > POST http://localhost:3000/pets
1 > Content-Type: application/json; charset=UTF-8
1 > Content-Length: 40
1 > Host: localhost:3000
1 > Connection: Keep-Alive
1 > User-Agent: Apache-HttpClient/4.5.14 (Java/21)
1 > Accept-Encoding: gzip,deflate
{"name":"Bingo3","type":"Perro","age":1}

19:37:23.087 [main] DEBUG com.intuit.karate - response time in milliseconds: 0
1 < 201
1 < X-Powered-By: Express
1 < Content-Type: application/json; charset=utf-8
1 < Content-Length: 111
1 < ETag: W/"6f-NPZWz1E/hewlEBI8V/tdcCx5u/g"
1 < Date: Sat, 15 Aug 2026 00:37:23 GMT
1 < Connection: keep-alive
1 < Keep-Alive: timeout=5
{"status":"success","message":"Pet created","data":{"id":1786754243087,"name":"Bingo3","type":"Perro","age":1}}

19:37:23.087 [main] DEBUG com.intuit.karate - request:
2 > PATCH http://localhost:3000/pets/1786754243087
2 > Content-Type: application/json; charset=UTF-8
2 > Content-Length: 16
2 > Host: localhost:3000
2 > Connection: Keep-Alive
2 > User-Agent: Apache-HttpClient/4.5.14 (Java/21)
2 > Accept-Encoding: gzip,deflate
{"name":"Bluey"}

19:37:23.105 [main] DEBUG com.intuit.karate - response time in milliseconds: 18
2 < 200
2 < X-Powered-By: Express
2 < Content-Type: application/json; charset=utf-8
2 < Content-Length: 123
2 < ETag: W/"7b-iQJkGQgSaBl4b7p/Hx77GX0GYek"
2 < Date: Sat, 15 Aug 2026 00:37:23 GMT
2 < Connection: keep-alive
2 < Keep-Alive: timeout=5
{"status":"success","message":"Pet updated successfully","data":{"id":1786754243087,"name":"Bluey","type":"Perro","age":1}}

19:37:23.110 [main] INFO  com.intuit.karate - karate.env system property was: null 
19:37:23.110 [main] DEBUG com.intuit.karate - request:
1 > POST http://localhost:3000/pets
1 > Content-Type: application/json; charset=UTF-8
1 > Content-Length: 40
1 > Host: localhost:3000
1 > Connection: Keep-Alive
1 > User-Agent: Apache-HttpClient/4.5.14 (Java/21)
1 > Accept-Encoding: gzip,deflate
{"name":"Bingo3","type":"Perro","age":1}

19:37:23.110 [main] DEBUG com.intuit.karate - response time in milliseconds: 0
1 < 201
1 < X-Powered-By: Express
1 < Content-Type: application/json; charset=utf-8
1 < Content-Length: 111
1 < ETag: W/"6f-p7RjX3Xe6N5WWDA/bSdhF5lTjSc"
1 < Date: Sat, 15 Aug 2026 00:37:23 GMT
1 < Connection: keep-alive
1 < Keep-Alive: timeout=5
{"status":"success","message":"Pet created","data":{"id":1786754243112,"name":"Bingo3","type":"Perro","age":1}}

19:37:23.122 [main] DEBUG com.intuit.karate - request:
2 > DELETE http://localhost:3000/pets/1786754243112
2 > Host: localhost:3000
2 > Connection: Keep-Alive
2 > User-Agent: Apache-HttpClient/4.5.14 (Java/21)
2 > Accept-Encoding: gzip,deflate


19:37:23.126 [main] DEBUG com.intuit.karate - response time in milliseconds: 4
2 < 204
2 < X-Powered-By: Express
2 < ETag: W/"38-wb8iw8b8FsxeeJAkWfcWHgal72I"
2 < Date: Sat, 15 Aug 2026 00:37:23 GMT
2 < Connection: keep-alive
2 < Keep-Alive: timeout=5


19:37:23.134 [main] INFO  com.intuit.karate - karate.env system property was: null 
19:37:23.134 [main] DEBUG com.intuit.karate - request:
1 > POST http://localhost:3000/pets
1 > Content-Type: application/json; charset=UTF-8
1 > Content-Length: 41
1 > Host: localhost:3000
1 > Connection: Keep-Alive
1 > User-Agent: Apache-HttpClient/4.5.14 (Java/21)
1 > Accept-Encoding: gzip,deflate
{"name":"Bluey 1","type":"Perro","age":1}

19:37:23.150 [main] DEBUG com.intuit.karate - response time in milliseconds: 16
1 < 201
1 < X-Powered-By: Express
1 < Content-Type: application/json; charset=utf-8
1 < Content-Length: 112
1 < ETag: W/"70-6eoIPSCdVCOydAlmz0f5bvvXXUg"
1 < Date: Sat, 15 Aug 2026 00:37:23 GMT
1 < Connection: keep-alive
1 < Keep-Alive: timeout=5
{"status":"success","message":"Pet created","data":{"id":1786754243142,"name":"Bluey 1","type":"Perro","age":1}}

19:37:23.154 [main] INFO  com.intuit.karate - karate.env system property was: null 
19:37:23.166 [main] DEBUG com.intuit.karate - request:
1 > POST http://localhost:3000/pets
1 > Content-Type: application/json; charset=UTF-8
1 > Content-Length: 40
1 > Host: localhost:3000
1 > Connection: Keep-Alive
1 > User-Agent: Apache-HttpClient/4.5.14 (Java/21)
1 > Accept-Encoding: gzip,deflate
{"name":"Bluey 2","type":"Gato","age":2}

19:37:23.166 [main] DEBUG com.intuit.karate - response time in milliseconds: 0
1 < 201
1 < X-Powered-By: Express
1 < Content-Type: application/json; charset=utf-8
1 < Content-Length: 111
1 < ETag: W/"6f-eZNz1SQWv3ztnmitIB4ojRh4jVA"
1 < Date: Sat, 15 Aug 2026 00:37:23 GMT
1 < Connection: keep-alive
1 < Keep-Alive: timeout=5
{"status":"success","message":"Pet created","data":{"id":1786754243160,"name":"Bluey 2","type":"Gato","age":2}}

19:37:23.174 [main] INFO  com.intuit.karate - karate.env system property was: null 
19:37:23.174 [main] DEBUG com.intuit.karate - request:
1 > POST http://localhost:3000/pets
1 > Content-Type: application/json; charset=UTF-8
1 > Content-Length: 40
1 > Host: localhost:3000
1 > Connection: Keep-Alive
1 > User-Agent: Apache-HttpClient/4.5.14 (Java/21)
1 > Accept-Encoding: gzip,deflate
{"name":"Bluey 3","type":"Loro","age":3}

19:37:23.182 [main] DEBUG com.intuit.karate - response time in milliseconds: 8
1 < 201
1 < X-Powered-By: Express
1 < Content-Type: application/json; charset=utf-8
1 < Content-Length: 111
1 < ETag: W/"6f-PLSjs+gtlatwgCXPi2reURpJLdk"
1 < Date: Sat, 15 Aug 2026 00:37:23 GMT
1 < Connection: keep-alive
1 < Keep-Alive: timeout=5
{"status":"success","message":"Pet created","data":{"id":1786754243174,"name":"Bluey 3","type":"Loro","age":3}}

19:37:23.187 [main] INFO  com.intuit.karate - karate.env system property was: null 
19:37:23.192 [main] DEBUG com.intuit.karate - request:
1 > POST http://localhost:3000/pets
1 > Content-Type: application/json; charset=UTF-8
1 > Content-Length: 41
1 > Host: localhost:3000
1 > Connection: Keep-Alive
1 > User-Agent: Apache-HttpClient/4.5.14 (Java/21)
1 > Accept-Encoding: gzip,deflate
{"name":"Bluey 4","type":"Oveja","age":4}

19:37:23.197 [main] DEBUG com.intuit.karate - response time in milliseconds: 3
1 < 201
1 < X-Powered-By: Express
1 < Content-Type: application/json; charset=utf-8
1 < Content-Length: 112
1 < ETag: W/"70-TKyepVuP42hjvdmC6xko+k6y0sw"
1 < Date: Sat, 15 Aug 2026 00:37:23 GMT
1 < Connection: keep-alive
1 < Keep-Alive: timeout=5
{"status":"success","message":"Pet created","data":{"id":1786754243188,"name":"Bluey 4","type":"Oveja","age":4}}

19:37:23.204 [main] INFO  com.intuit.karate - karate.env system property was: null 
19:37:23.204 [main] DEBUG com.intuit.karate - request:
1 > POST http://localhost:3000/pets
1 > Content-Type: application/json; charset=UTF-8
1 > Content-Length: 41
1 > Host: localhost:3000
1 > Connection: Keep-Alive
1 > User-Agent: Apache-HttpClient/4.5.14 (Java/21)
1 > Accept-Encoding: gzip,deflate
{"name":"Bluey 5","type":"Perro","age":5}

19:37:23.210 [main] DEBUG com.intuit.karate - response time in milliseconds: 6
1 < 201
1 < X-Powered-By: Express
1 < Content-Type: application/json; charset=utf-8
1 < Content-Length: 112
1 < ETag: W/"70-vF3bR5/2VdrXIkYHzuerIrL/dD8"
1 < Date: Sat, 15 Aug 2026 00:37:23 GMT
1 < Connection: keep-alive
1 < Keep-Alive: timeout=5
{"status":"success","message":"Pet created","data":{"id":1786754243201,"name":"Bluey 5","type":"Perro","age":5}}

19:37:23.218 [main] INFO  com.intuit.karate - karate.env system property was: null 
19:37:23.218 [main] DEBUG com.intuit.karate - request:
1 > POST http://localhost:3000/pets
1 > Content-Type: application/json; charset=UTF-8
1 > Content-Length: 52
1 > Host: localhost:3000
1 > Connection: Keep-Alive
1 > User-Agent: Apache-HttpClient/4.5.14 (Java/21)
1 > Accept-Encoding: gzip,deflate
{"name":"Bluey 1 hhhhhhhhhh","type":"Perro","age":1}

19:37:23.226 [main] DEBUG com.intuit.karate - response time in milliseconds: 8
1 < 201
1 < X-Powered-By: Express
1 < Content-Type: application/json; charset=utf-8
1 < Content-Length: 123
1 < ETag: W/"7b-FcVhptu+bHyMk1TTbKIIvBEAhWk"
1 < Date: Sat, 15 Aug 2026 00:37:23 GMT
1 < Connection: keep-alive
1 < Keep-Alive: timeout=5
{"status":"success","message":"Pet created","data":{"id":1786754243216,"name":"Bluey 1 hhhhhhhhhh","type":"Perro","age":1}}

19:37:23.233 [main] INFO  com.intuit.karate - karate.env system property was: null 
19:37:23.235 [main] DEBUG com.intuit.karate - request:
1 > POST http://localhost:3000/pets
1 > Content-Type: application/json; charset=UTF-8
1 > Content-Length: 44
1 > Host: localhost:3000
1 > Connection: Keep-Alive
1 > User-Agent: Apache-HttpClient/4.5.14 (Java/21)
1 > Accept-Encoding: gzip,deflate
{"name":"Bluey 2 !!!","type":"Gato","age":2}

19:37:23.237 [main] DEBUG com.intuit.karate - response time in milliseconds: 2
1 < 201
1 < X-Powered-By: Express
1 < Content-Type: application/json; charset=utf-8
1 < Content-Length: 115
1 < ETag: W/"73-Ssf/t0SCvaYT1XqcwjoHuQJ0r+4"
1 < Date: Sat, 15 Aug 2026 00:37:23 GMT
1 < Connection: keep-alive
1 < Keep-Alive: timeout=5
{"status":"success","message":"Pet created","data":{"id":1786754243230,"name":"Bluey 2 !!!","type":"Gato","age":2}}

19:37:23.246 [main] INFO  com.intuit.karate - karate.env system property was: null 
19:37:23.259 [main] DEBUG com.intuit.karate - request:
1 > POST http://localhost:3000/pets
1 > Content-Type: application/json; charset=UTF-8
1 > Content-Length: 43
1 > Host: localhost:3000
1 > Connection: Keep-Alive
1 > User-Agent: Apache-HttpClient/4.5.14 (Java/21)
1 > Accept-Encoding: gzip,deflate
{"name":"Bingo8888","type":"Perro","age":1}

19:37:23.259 [main] DEBUG com.intuit.karate - response time in milliseconds: 0
1 < 201
1 < X-Powered-By: Express
1 < Content-Type: application/json; charset=utf-8
1 < Content-Length: 114
1 < ETag: W/"72-9ACvsBMgVJoFh1pV7jDmOfzZPjI"
1 < Date: Sat, 15 Aug 2026 00:37:23 GMT
1 < Connection: keep-alive
1 < Keep-Alive: timeout=5
{"status":"success","message":"Pet created","data":{"id":1786754243259,"name":"Bingo8888","type":"Perro","age":1}}

19:37:23.274 [main] INFO  com.intuit.karate - karate.env system property was: null 
19:37:23.274 [main] INFO  com.intuit.karate - [print] {
  "name": "Testing",
  "type": "Perro",
  "age": 1
}
 
19:37:23.274 [main] DEBUG com.intuit.karate - request:
1 > POST http://localhost:3000/pets
1 > Content-Type: application/json; charset=UTF-8
1 > Content-Length: 41
1 > Host: localhost:3000
1 > Connection: Keep-Alive
1 > User-Agent: Apache-HttpClient/4.5.14 (Java/21)
1 > Accept-Encoding: gzip,deflate
{"name":"Testing","type":"Perro","age":1}

19:37:23.274 [main] DEBUG com.intuit.karate - response time in milliseconds: 0
1 < 201
1 < X-Powered-By: Express
1 < Content-Type: application/json; charset=utf-8
1 < Content-Length: 112
1 < ETag: W/"70-N5s7oTW0GfjV6Ot/d23TutPIBX4"
1 < Date: Sat, 15 Aug 2026 00:37:23 GMT
1 < Connection: keep-alive
1 < Keep-Alive: timeout=5
{"status":"success","message":"Pet created","data":{"id":1786754243279,"name":"Testing","type":"Perro","age":1}}

18:54:11.684 [main] DEBUG com.intuit.karate.Suite - [config] classpath:karate-config.js
18:54:12.710 [main] INFO  com.intuit.karate - karate.env system property was: null 
18:54:12.751 [main] INFO  c.intuit.karate.core.FeatureRuntime - classpath:examples/pets/createNewPets.feature - call by tag at line 8: create_successful_pet
18:54:13.012 [main] DEBUG com.intuit.karate - request:
1 > POST http://localhost:3000/pets
1 > Content-Type: application/json; charset=UTF-8
1 > Content-Length: 40
1 > Host: localhost:3000
1 > Connection: Keep-Alive
1 > User-Agent: Apache-HttpClient/4.5.14 (Java/21)
1 > Accept-Encoding: gzip,deflate
{"name":"Bingo3","type":"Perro","age":1}

18:54:13.031 [main] DEBUG com.intuit.karate - response time in milliseconds: 17
1 < 201
1 < X-Powered-By: Express
1 < Content-Type: application/json; charset=utf-8
1 < Content-Length: 111
1 < ETag: W/"6f-2UnHIzaer7kHaiW6mW5nG56OWs4"
1 < Date: Sat, 15 Aug 2026 23:54:13 GMT
1 < Connection: keep-alive
1 < Keep-Alive: timeout=5
{"status":"success","message":"Pet created","data":{"id":1786838053024,"name":"Bingo3","type":"Perro","age":1}}

18:54:13.063 [main] DEBUG com.intuit.karate - request:
1 > GET http://localhost:3000/pets/1786838053024
1 > Host: localhost:3000
1 > Connection: Keep-Alive
1 > User-Agent: Apache-HttpClient/4.5.14 (Java/21)
1 > Accept-Encoding: gzip,deflate


18:54:13.065 [main] DEBUG com.intuit.karate - response time in milliseconds: 2
1 < 200
1 < X-Powered-By: Express
1 < Content-Type: application/json; charset=utf-8
1 < Content-Length: 109
1 < ETag: W/"6d-cnyp6c9XsGsCvsUgdmKGMki178k"
1 < Date: Sat, 15 Aug 2026 23:54:13 GMT
1 < Connection: keep-alive
1 < Keep-Alive: timeout=5
{"status":"success","message":"Pet found","data":{"id":1786838053024,"name":"Bingo3","type":"Perro","age":1}}

